"transaction_id","merchant_id","user_id","bin","mid","transaction_date","transaction_amount","device_id","has_cbk","during_weekend","during_night","user_nb_tx_1Day_window","user_nb_tx_7Day_window","user_nb_tx_30Day_window","user_avg_amount_1Day_window","user_avg_amount_7Day_window","user_avg_amount_30Day_window","merchant_nb_tx_1day_window","merchant_nb_tx_7day_window","merchant_nb_tx_30day_window","merchant_risk_1day_window","merchant_risk_7day_window","merchant_risk_30day_window"
"21320399","92895","2708","444456","4210","2019-12-01 22:45:37 UTC","73400","497105","true","1","0","0","0","2","0","0","41650","0","0","2","0.0","0.0","0.5"
"21320430","56977","69758","464296","3991","2019-12-01 19:17:21 UTC","280300","","true","1","0","0","0","2","0","0","267950","0","0","1","0.0","0.0","1.0"
"21320401","68657","69758","464296","3991","2019-12-01 21:59:19 UTC","255600","","true","1","0","0","0","2","0","0","267950","0","0","1","0.0","0.0","1.0"
"21320404","20917","25661","650485","9310","2019-12-01 21:25:19 UTC","31800","760932","false","1","0","0","0","1","0","0","31800","0","0","1","0.0","0.0","0.0"
"21320405","56107","81152","650516","9201","2019-12-01 21:24:05 UTC","18800","486","true","1","0","0","0","4","0","0","22925","0","0","5","0.0","0.0","0.8"
"21320406","56107","81152","650516","9201","2019-12-01 21:13:21 UTC","35200","486","true","1","0","0","0","4","0","0","22925","0","0","5","0.0","0.0","0.8"
"21320409","32954","6","428267","9019","2019-12-01 20:44:48 UTC","44300","757451","false","1","0","0","0","1","0","0","44300","0","0","1","0.0","0.0","0.0"
"21320410","22918","25484","544731","2063","2019-12-01 20:42:48 UTC","49800","152156","false","1","0","0","0","1","0","0","49800","0","0","2","0.0","0.0","0.0"
"21320413","56107","81669","530033","7110","2019-12-01 20:28:58 UTC","3100","639245","false","1","0","0","0","1","0","0","3100","0","0","5","0.0","0.0","0.8"
"21320415","10016","76014","530780","1598","2019-12-01 20:07:06 UTC","24300","305194","false","1","0","0","0","1","0","0","24300","0","0","1","0.0","0.0","0.0"
"21320416","97583","6434","498401","3796","2019-12-01 19:56:26 UTC","39600","","false","1","0","0","0","1","0","0","39600","0","0","1","0.0","0.0","0.0"
"21320417","94325","89366","406669","3532","2019-12-01 19:56:11 UTC","52700","674576","false","1","0","0","0","1","0","0","52700","0","0","2","0.0","0.0","0.0"
"21320419","3788","18009","550209","5149","2019-12-01 19:44:40 UTC","29600","","false","1","0","0","0","1","0","0","29600","0","0","1","0.0","0.0","0.0"
"21320421","23451","41027","409603","3751","2019-12-01 19:35:36 UTC","22100","139118","false","1","0","0","0","1","0","0","22100","0","0","1","0.0","0.0","0.0"
"21320422","44519","6714","535016","1388","2019-12-01 19:34:54 UTC","2000","397162","false","1","0","0","0","1","0","0","2000","0","0","1","0.0","0.0","0.0"
"21320424","53816","5541","606282","3381","2019-12-01 19:31:20 UTC","259700","656429","true","1","0","0","0","3","0","0","254100","0","0","1","0.0","0.0","1.0"
"21320425","31644","7348","650521","8016","2019-12-01 19:29:43 UTC","70100","946289","false","1","0","0","0","1","0","0","70100","0","0","2","0.0","0.0","0.0"
"21320426","11470","5541","606282","3381","2019-12-01 19:26:01 UTC","251100","656429","true","1","0","0","0","3","0","0","254100","0","0","1","0.0","0.0","1.0"
"21320427","20498","184","467090","6410","2019-12-01 19:23:45 UTC","22300","157031","false","1","0","0","0","1","0","0","22300","0","0","1","0.0","0.0","0.0"
"21320433","16136","41424","534696","9711","2019-12-01 19:07:37 UTC","91600","456630","false","1","0","0","0","1","0","0","91600","0","0","1","0.0","0.0","0.0"
"21320434","88619","67966","536949","4009","2019-12-01 18:54:40 UTC","5000","142420","false","1","0","0","0","1","0","0","5000","0","0","1","0.0","0.0","0.0"
"21320436","28785","80202","606282","5220","2019-12-01 18:36:47 UTC","17800","163561","false","1","0","0","0","1","0","0","17800","0","0","3","0.0","0.0","0.0"
"21320437","32384","22142","530780","9123","2019-12-01 18:35:57 UTC","57300","224158","false","1","0","0","0","1","0","0","57300","0","0","2","0.0","0.0","0.0"
"21320439","5868","38003","498453","8025","2019-12-01 18:33:44 UTC","233200","968225","false","1","0","0","0","1","0","0","233200","0","0","3","0.0","0.0","0.0"
"21320441","68953","10241","533728","5576","2019-12-01 18:30:00 UTC","250700","94234","true","1","0","0","0","5","0","0","141440","0","0","6","0.0","0.0","0.16667"
"21320443","60510","23123","406655","5299","2019-12-01 18:26:02 UTC","36500","","false","1","0","0","0","2","0","0","26050","0","0","2","0.0","0.0","0.0"
"21320445","64641","94988","544731","6862","2019-12-01 18:16:12 UTC","36000","797054","false","1","0","0","0","1","0","0","36000","0","0","1","0.0","0.0","0.0"
"21320446","91072","90229","498453","2638","2019-12-01 17:57:00 UTC","22200","519993","false","1","0","0","0","1","0","0","22200","0","0","1","0.0","0.0","0.0"
"21320447","59574","8359","550209","1321","2019-12-01 17:47:09 UTC","26700","866432","false","1","0","0","0","1","0","0","26700","0","0","1","0.0","0.0","0.0"
"21320450","27220","9005","554906","3672","2019-12-01 17:19:03 UTC","7000","","false","1","0","0","0","3","0","0","6333","0","0","3","0.0","0.0","0.0"
"21320452","33903","53472","516292","1745","2019-12-01 16:57:12 UTC","126400","780606","false","1","0","0","0","1","0","0","126400","0","0","1","0.0","0.0","0.0"
"21320455","47242","11648","230650","4968","2019-12-01 16:52:14 UTC","81500","530487","false","1","0","0","0","1","0","0","81500","0","0","1","0.0","0.0","0.0"
"21320454","67764","21768","530034","3859","2019-12-01 16:52:17 UTC","17000","357277","true","1","0","0","0","6","0","0","85833","0","0","2","0.0","0.0","1.0"
"21320456","71549","39744","522688","3105","2019-12-01 16:50:50 UTC","79000","739317","false","1","0","0","0","1","0","0","79000","0","0","2","0.0","0.0","0.0"
"21320458","42356","74585","536805","7429","2019-12-01 16:46:00 UTC","9800","126381","false","1","0","0","0","4","0","0","28225","0","0","12","0.0","0.0","0.66667"
"21320460","66876","11750","453211","1392","2019-12-01 16:43:09 UTC","68700","342890","true","1","0","0","0","31","0","0","57412","0","0","8","0.0","0.0","0.875"
"21320461","18236","28715","530994","8420","2019-12-01 16:40:47 UTC","18600","72138","false","1","0","0","0","1","0","0","18600","0","0","1","0.0","0.0","0.0"
"21320464","18329","69540","516292","5316","2019-12-01 16:30:47 UTC","67000","516243","false","1","0","0","0","1","0","0","67000","0","0","3","0.0","0.0","0.0"
"21320465","72751","42624","530994","2312","2019-12-01 16:28:17 UTC","22700","893612","false","1","0","0","0","1","0","0","22700","0","0","3","0.0","0.0","0.0"
"21320466","81229","3050","606282","5711","2019-12-01 16:15:35 UTC","29800","21192","false","1","0","0","0","1","0","0","29800","0","0","4","0.0","0.0","0.0"
"21320467","90032","79699","527468","7710","2019-12-01 16:01:52 UTC","70600","178881","false","1","0","0","0","1","0","0","70600","0","0","8","0.0","0.0","0.0"
"21320468","26647","85628","550209","4309","2019-12-01 15:57:01 UTC","36100","","false","1","0","0","0","1","0","0","36100","0","0","3","0.0","0.0","0.0"
"21320472","37267","93869","498407","8891","2019-12-01 15:45:55 UTC","115800","97512","false","1","0","0","0","1","0","0","115800","0","0","1","0.0","0.0","0.0"
"21320473","22454","79564","542820","3273","2019-12-01 15:44:42 UTC","39800","","false","1","0","0","0","1","0","0","39800","0","0","2","0.0","0.0","0.0"
"21320490","30121","40779","520132","7705","2019-12-01 14:24:08 UTC","309700","571604","false","1","0","0","4","6","0","279675","289333","0","0","1","0.0","0.0","0.0"
"21320518","66876","11750","453211","7322","2019-12-01 12:09:19 UTC","55500","342890","false","1","0","0","0","31","0","0","57412","0","0","8","0.0","0.0","0.875"
"21320476","16221","45300","651653","700","2019-12-01 15:19:08 UTC","26400","","false","1","0","0","0","1","0","0","26400","0","0","1","0.0","0.0","0.0"
"21320478","84546","55544","427167","310","2019-12-01 15:10:31 UTC","275000","503714","false","1","0","0","0","2","0","0","237550","0","0","2","0.0","0.0","0.0"
"21320479","28785","1518","515590","9729","2019-12-01 15:10:27 UTC","8000","","false","1","0","0","0","1","0","0","8000","0","0","3","0.0","0.0","0.0"
"21320482","3057","12621","523284","6827","2019-12-01 14:48:54 UTC","14900","590486","false","1","0","0","0","1","0","0","14900","0","0","1","0.0","0.0","0.0"
"21320483","30753","38921","415274","1218","2019-12-01 14:48:09 UTC","9900","","false","1","0","0","0","1","0","0","9900","0","0","1","0.0","0.0","0.0"
"21320497","84970","90182","482425","4102","2019-12-01 14:03:08 UTC","2000","979958","false","1","0","0","0","2","0","0","190100","0","0","2","0.0","0.0","0.5"
"21320484","84970","90182","464296","3991","2019-12-01 14:46:28 UTC","378200","769545","true","1","0","0","0","2","0","0","190100","0","0","2","0.0","0.0","0.5"
"21320485","17275","7695","453211","7840","2019-12-01 14:45:42 UTC","64600","223682","true","1","0","0","0","7","0","0","60742","0","0","30","0.0","0.0","0.73333"
"21320486","27220","9005","554906","3672","2019-12-01 14:45:02 UTC","4000","","false","1","0","0","0","3","0","0","6333","0","0","3","0.0","0.0","0.0"
"21320489","56618","54781","550209","6569","2019-12-01 14:34:12 UTC","39200","785285","false","1","0","0","0","1","0","0","39200","0","0","1","0.0","0.0","0.0"
"21320492","7555","11067","530994","8424","2019-12-01 14:11:48 UTC","9000","591538","false","1","0","0","0","1","0","0","9000","0","0","3","0.0","0.0","0.0"
"21320493","26502","31255","516292","2696","2019-12-01 14:10:50 UTC","6500","317848","false","1","0","0","0","1","0","0","6500","0","0","1","0.0","0.0","0.0"
"21320496","87936","28428","458919","3227","2019-12-01 14:03:31 UTC","7700","958754","false","1","0","0","0","1","0","0","7700","0","0","1","0.0","0.0","0.0"
"21320500","81061","46692","406655","4976","2019-12-01 13:54:04 UTC","102100","","false","1","0","0","0","1","0","0","102100","0","0","1","0.0","0.0","0.0"
"21320502","44870","66026","514087","2029","2019-12-01 13:50:44 UTC","114500","238516","false","1","0","0","0","1","0","0","114500","0","0","1","0.0","0.0","0.0"
"21320503","52165","24055","482425","5119","2019-12-01 13:44:54 UTC","64900","754820","false","1","0","0","0","1","0","0","64900","0","0","2","0.0","0.0","0.0"
"21320504","62891","17025","411049","6230","2019-12-01 13:44:54 UTC","214300","209775","false","1","0","0","0","1","0","0","214300","0","1","3","0.0","0.0","0.0"
"21320505","56502","70650","514087","2040","2019-12-01 13:43:29 UTC","15000","590538","false","1","0","0","0","1","0","0","15000","0","0","1","0.0","0.0","0.0"
"21320508","90032","48859","548723","1739","2019-12-01 13:32:05 UTC","50700","496685","false","1","0","0","0","1","0","0","50700","0","0","8","0.0","0.0","0.0"
"21320509","64437","90716","415944","5397","2019-12-01 13:29:58 UTC","92700","367383","false","1","0","0","0","1","0","0","92700","0","0","1","0.0","0.0","0.0"
"21320513","28647","34806","427164","1039","2019-12-01 12:50:37 UTC","55100","159488","false","1","0","0","0","1","0","0","55100","0","1","3","0.0","0.0","0.0"
"21320514","59566","32737","498453","9005","2019-12-01 12:48:03 UTC","102300","584639","false","1","0","0","0","1","0","0","102300","0","0","6","0.0","0.0","0.0"
"21320526","66876","11750","453211","4310","2019-12-01 11:06:28 UTC","63800","342890","true","1","0","0","0","31","0","0","57412","0","0","8","0.0","0.0","0.875"
"21320516","70076","97768","477237","7650","2019-12-01 12:36:49 UTC","27400","362672","false","1","0","0","0","1","0","0","27400","0","0","1","0.0","0.0","0.0"
"21320521","8358","78395","476993","1230","2019-12-01 11:44:13 UTC","22500","904140","false","1","0","0","0","1","0","0","22500","0","0","1","0.0","0.0","0.0"
"21320523","51797","3113","550209","4080","2019-12-01 11:28:43 UTC","27600","122793","false","1","0","0","0","1","0","0","27600","0","0","1","0.0","0.0","0.0"
"21320525","98913","8682","514945","3939","2019-12-01 11:09:04 UTC","68700","770772","false","1","0","0","0","1","0","0","68700","0","0","4","0.0","0.0","0.0"
"21320530","91689","32882","530780","4726","2019-12-01 10:21:38 UTC","54600","","false","1","0","0","0","1","0","0","54600","0","0","2","0.0","0.0","0.0"
"21320527","93520","77959","432957","7262","2019-12-01 11:00:36 UTC","200","589318","false","1","0","0","0","7","0","0","200","0","0","5","0.0","0.0","0.0"
"21320475","90032","43608","542820","6396","2019-12-01 15:23:17 UTC","61600","423991","false","1","0","0","0","1","0","0","61600","0","0","8","0.0","0.0","0.0"
"21320498","17275","11750","453211","1531","2019-12-01 14:02:31 UTC","67400","342890","true","1","0","0","0","31","0","0","57412","0","0","30","0.0","0.0","0.73333"
"21320534","30308","79528","544891","9152","2019-12-01 03:13:54 UTC","21500","991276","false","1","1","0","0","1","0","0","21500","0","0","1","0.0","0.0","0.0"
"21320507","17275","11750","453211","6820","2019-12-01 13:36:54 UTC","65700","342890","true","1","0","0","0","31","0","0","57412","0","0","30","0.0","0.0","0.73333"
"21320535","46619","15769","422005","4552","2019-12-01 02:43:23 UTC","18800","697708","false","1","1","0","0","1","0","0","18800","0","0","1","0.0","0.0","0.0"
"21320540","62194","3157","535081","2584","2019-12-01 01:50:22 UTC","18300","586347","true","1","1","0","0","1","0","0","18300","0","0","1","0.0","0.0","1.0"
"21320537","68077","70790","415274","8162","2019-12-01 02:08:35 UTC","27000","","false","1","1","0","0","2","0","0","40500","0","0","2","0.0","0.0","0.0"
"21320543","57682","52582","444456","1598","2019-12-01 01:37:22 UTC","86600","684545","false","1","1","0","0","1","0","0","86600","0","0","2","0.0","0.0","0.0"
"21320544","94669","70017","550209","4068","2019-12-01 01:28:58 UTC","12100","","false","1","1","0","0","1","0","0","12100","0","0","1","0.0","0.0","0.0"
"21320548","67928","3020","406441","3381","2019-12-01 00:35:10 UTC","26600","","false","1","1","0","0","1","0","0","26600","0","0","1","0.0","0.0","0.0"
"21320546","81795","90176","545368","9514","2019-12-01 01:07:05 UTC","56600","705388","true","1","1","0","0","2","0","0","57400","0","0","6","0.0","0.0","1.0"
"21320545","81795","90176","545368","9514","2019-12-01 01:07:42 UTC","58200","705388","true","1","1","0","0","2","0","0","57400","0","0","6","0.0","0.0","1.0"
"21320541","27220","9005","554906","3672","2019-12-01 01:49:35 UTC","8000","","false","1","1","0","0","3","0","0","6333","0","0","3","0.0","0.0","0.0"
"21320583","26765","7811","558763","7353","2019-11-30 21:00:40 UTC","46000","402547","false","1","0","0","0","2","0","0","106250","0","4","17","0.0","0.0","0.0"
"21320575","66876","11750","453211","7546","2019-11-30 21:36:50 UTC","50800","342890","true","1","0","0","0","31","0","0","57412","0","0","8","0.0","0.0","0.875"
"21320554","18980","10563","230650","4500","2019-11-30 23:23:28 UTC","38600","267551","false","1","0","0","0","1","0","0","38600","0","0","1","0.0","0.0","0.0"
"21320556","5533","73867","430535","9122","2019-11-30 22:53:39 UTC","31900","129902","true","1","0","0","0","1","0","0","31900","0","0","2","0.0","0.0","1.0"
"21320557","5533","45420","527497","7790","2019-11-30 22:52:30 UTC","30000","892328","true","1","0","0","0","1","0","0","30000","0","0","2","0.0","0.0","1.0"
"21320558","2962","1283","548514","6420","2019-11-30 22:50:54 UTC","15900","930388","false","1","0","0","0","1","0","0","15900","0","0","1","0.0","0.0","0.0"
"21320561","18244","12882","539091","8580","2019-11-30 22:16:04 UTC","50400","321851","false","1","0","0","0","1","0","0","50400","0","0","1","0.0","0.0","0.0"
"21320562","21796","36328","410715","3140","2019-11-30 22:13:05 UTC","15400","220286","false","1","0","0","0","1","0","0","15400","0","0","1","0.0","0.0","0.0"
"21320564","47537","36595","536805","1690","2019-11-30 22:07:24 UTC","138000","","false","1","0","0","0","1","0","0","138000","0","0","1","0.0","0.0","0.0"
"21320565","54029","74151","515894","6661","2019-11-30 22:06:51 UTC","85200","182385","false","1","0","0","0","1","0","0","85200","0","0","1","0.0","0.0","0.0"
"21320566","23722","47604","498453","9455","2019-11-30 22:02:25 UTC","9000","881571","true","1","0","0","0","2","0","0","6000","0","0","3","0.0","0.0","0.66667"
"21320568","5404","6538","230650","8730","2019-11-30 22:00:08 UTC","136900","52389","false","1","0","0","0","3","0","0","89566","0","0","4","0.0","0.0","0.25"
"21320569","11570","43018","550209","5242","2019-11-30 21:59:49 UTC","7900","","true","1","0","0","0","1","0","0","7900","0","0","1","0.0","0.0","1.0"
"21320571","26059","31621","550209","2515","2019-11-30 21:59:24 UTC","32500","924826","false","1","0","0","0","1","0","0","32500","0","0","2","0.0","0.0","0.0"
"21320576","98484","90328","534342","1319","2019-11-30 21:31:51 UTC","106900","769052","false","1","0","0","0","1","0","0","106900","0","0","1","0.0","0.0","0.0"
"21320577","77639","29700","550209","5200","2019-11-30 21:31:04 UTC","6000","","false","1","0","0","0","1","0","0","6000","0","0","1","0.0","0.0","0.0"
"21320578","80572","12890","545368","7930","2019-11-30 21:30:37 UTC","25100","241163","false","1","0","0","0","1","0","0","25100","0","0","1","0.0","0.0","0.0"
"21320579","4681","33423","498453","8675","2019-11-30 21:24:43 UTC","84000","32067","false","1","0","0","0","1","0","0","84000","0","0","1","0.0","0.0","0.0"
"21320586","66876","11750","453211","4433","2019-11-30 20:51:38 UTC","64800","342890","true","1","0","0","0","31","0","0","57412","0","0","8","0.0","0.0","0.875"
"21320584","96914","73615","535081","1056","2019-11-30 20:58:58 UTC","31700","394342","false","1","0","0","0","1","0","0","31700","0","0","1","0.0","0.0","0.0"
"21320585","1657","66763","530780","8975","2019-11-30 20:55:03 UTC","39200","338291","false","1","0","0","0","1","0","0","39200","0","0","2","0.0","0.0","0.0"
"21320589","48912","39443","545462","7215","2019-11-30 20:35:24 UTC","200","61321","true","1","0","0","0","2","0","0","200","0","0","2","0.0","0.0","0.5"
"21320590","29476","4414","550209","9288","2019-11-30 20:32:40 UTC","62000","","false","1","0","0","0","1","0","0","62000","0","0","1","0.0","0.0","0.0"
"21320591","21087","81587","515590","4167","2019-11-30 20:29:36 UTC","64100","","false","1","0","0","0","1","0","0","64100","0","0","3","0.0","0.0","0.0"
"21320593","45188","98559","511781","5951","2019-11-30 20:27:36 UTC","500","593448","false","1","0","0","0","1","0","0","500","0","0","1","0.0","0.0","0.0"
"21320614","17275","11750","536537","5153","2019-11-30 19:25:22 UTC","63100","670695","true","1","0","0","0","31","0","0","57412","0","0","30","0.0","0.0","0.73333"
"21320594","81795","17807","606282","2612","2019-11-30 20:24:00 UTC","56800","288714","true","1","0","0","0","4","0","0","56025","0","0","6","0.0","0.0","1.0"
"21320597","12555","13261","518814","7925","2019-11-30 20:21:13 UTC","60500","985065","false","1","0","0","0","1","0","0","60500","0","0","1","0.0","0.0","0.0"
"21320598","97614","16521","230744","3560","2019-11-30 20:20:06 UTC","1000","","false","1","0","0","0","1","0","0","1000","0","0","1","0.0","0.0","0.0"
"21320603","97967","25678","531681","9673","2019-11-30 19:56:41 UTC","31900","983757","false","1","0","0","0","1","0","0","31900","0","0","5","0.0","0.0","0.0"
"21320604","37980","62307","539091","3665","2019-11-30 19:55:19 UTC","23800","615697","false","1","0","0","0","1","0","0","23800","0","0","1","0.0","0.0","0.0"
"21320605","72386","68468","498408","9711","2019-11-30 19:54:46 UTC","75200","750558","false","1","0","0","0","3","0","0","81133","0","1","8","0.0","0.0","0.0"
"21320606","97302","99658","404024","9173","2019-11-30 19:53:16 UTC","3000","2630","false","1","0","0","0","1","0","0","3000","0","0","1","0.0","0.0","0.0"
"21320609","18455","51343","498453","4896","2019-11-30 19:42:03 UTC","76700","","false","1","0","0","0","1","0","0","76700","0","0","1","0.0","0.0","0.0"
"21320610","13389","67044","650507","8590","2019-11-30 19:38:18 UTC","28700","868423","false","1","0","0","0","1","0","0","28700","0","0","1","0.0","0.0","0.0"
"21320612","63705","32203","543882","8391","2019-11-30 19:30:49 UTC","25100","434777","false","1","0","0","0","1","0","0","25100","0","0","2","0.0","0.0","0.0"
"21320613","90853","78847","489391","4000","2019-11-30 19:30:31 UTC","30300","552839","false","1","0","0","0","1","0","0","30300","0","0","2","0.0","0.0","0.0"
"21320615","5142","84481","472280","8454","2019-11-30 19:21:25 UTC","63800","417598","false","1","0","0","0","1","0","0","63800","0","0","1","0.0","0.0","0.0"
"21320617","52165","17643","415275","3125","2019-11-30 19:19:42 UTC","8000","104363","false","1","0","0","0","1","0","0","8000","0","0","2","0.0","0.0","0.0"
"21320618","30431","48090","540593","7540","2019-11-30 19:19:12 UTC","19200","160184","false","1","0","0","0","1","0","0","19200","0","0","2","0.0","0.0","0.0"
"21320619","18107","94431","410863","6509","2019-11-30 19:18:26 UTC","46200","8847","false","1","0","0","0","1","0","0","46200","0","0","2","0.0","0.0","0.0"
"21320622","72723","79998","606282","2682","2019-11-30 19:11:35 UTC","129100","","true","1","0","0","0","2","0","0","100150","0","0","4","0.0","0.0","1.0"
"21320624","25149","27279","544731","2231","2019-11-30 19:07:21 UTC","48400","317648","false","1","0","0","0","1","0","0","48400","0","0","1","0.0","0.0","0.0"
"21320625","5753","23204","423070","2670","2019-11-30 19:06:07 UTC","30600","554015","false","1","0","0","0","4","0","0","81375","0","0","6","0.0","0.0","0.0"
"21320631","72723","79998","606282","2682","2019-11-30 19:01:10 UTC","71200","","true","1","0","0","0","2","0","0","100150","0","0","4","0.0","0.0","1.0"
"21320627","48912","39443","417401","7514","2019-11-30 19:04:32 UTC","200","61321","false","1","0","0","0","2","0","0","200","0","0","2","0.0","0.0","0.5"
"21320632","32620","19117","410863","8407","2019-11-30 19:00:52 UTC","11800","877657","false","1","0","0","0","1","0","0","11800","0","0","1","0.0","0.0","0.0"
"21320630","12274","62012","553636","5870","2019-11-30 19:01:18 UTC","40200","402204","false","1","0","0","0","1","0","0","40200","0","0","1","0.0","0.0","0.0"
"21320635","53539","28995","477176","3490","2019-11-30 18:58:16 UTC","258300","981350","false","1","0","0","0","1","0","0","258300","0","0","1","0.0","0.0","0.0"
"21320636","78601","81167","453211","9205","2019-11-30 18:49:08 UTC","4000","","false","1","0","0","0","1","0","0","4000","0","0","2","0.0","0.0","0.0"
"21320638","41862","97499","455182","8775","2019-11-30 18:46:36 UTC","173700","","false","1","0","0","0","1","0","0","173700","0","0","1","0.0","0.0","0.0"
"21320640","91689","49349","432729","3866","2019-11-30 18:41:18 UTC","20300","534981","false","1","0","0","0","1","0","0","20300","0","0","2","0.0","0.0","0.0"
"21320642","7626","56273","498442","9731","2019-11-30 18:34:04 UTC","31000","991770","false","1","0","0","0","1","0","0","31000","0","0","4","0.0","0.0","0.0"
"21320643","30431","86528","412791","7013","2019-11-30 18:30:30 UTC","20700","815783","false","1","0","0","0","1","0","0","20700","0","0","2","0.0","0.0","0.0"
"21320644","7265","34289","496045","1160","2019-11-30 18:28:13 UTC","217400","125525","false","1","0","0","0","1","0","0","217400","0","0","3","0.0","0.0","0.0"
"21320645","96972","45632","535016","2551","2019-11-30 18:25:45 UTC","21200","370980","false","1","0","0","0","1","0","0","21200","0","0","1","0.0","0.0","0.0"
"21320651","56451","54528","516292","3326","2019-11-30 18:05:40 UTC","66500","38070","false","1","0","0","0","1","0","0","66500","0","0","5","0.0","0.0","0.0"
"21320684","27494","79725","432032","8126","2019-11-30 16:55:58 UTC","21300","775881","false","1","0","0","0","2","0","0","15150","0","0","2","0.0","0.0","0.0"
"21320650","27494","79725","540593","9367","2019-11-30 18:11:34 UTC","9000","775881","false","1","0","0","0","2","0","0","15150","0","0","2","0.0","0.0","0.0"
"21320652","28708","83880","550209","5013","2019-11-30 18:03:54 UTC","1000","254672","false","1","0","0","0","1","0","0","1000","0","0","1","0.0","0.0","0.0"
"21320694","77233","33071","410715","1060","2019-11-30 16:39:26 UTC","21300","81722","false","1","0","0","0","3","0","0","15133","0","0","6","0.0","0.0","0.0"
"21320688","15326","66979","545368","6282","2019-11-30 16:51:51 UTC","202900","81082","true","1","0","0","0","3","0","0","153400","0","0","5","0.0","0.0","1.0"
"21320655","15326","66979","545368","6282","2019-11-30 17:47:53 UTC","135200","81082","true","1","0","0","0","3","0","0","153400","0","0","5","0.0","0.0","1.0"
"21320658","67361","20975","550209","5925","2019-11-30 17:41:38 UTC","5900","470232","false","1","0","0","0","1","0","0","5900","0","0","1","0.0","0.0","0.0"
"21320659","5753","23204","423069","7038","2019-11-30 17:37:13 UTC","89800","554015","false","1","0","0","0","4","0","0","81375","0","0","6","0.0","0.0","0.0"
"21320663","4779","34814","530994","2697","2019-11-30 17:30:30 UTC","74700","162128","false","1","0","0","0","1","0","0","74700","0","0","1","0.0","0.0","0.0"
"21320664","52554","89413","550209","2237","2019-11-30 17:29:01 UTC","32600","473115","false","1","0","0","0","1","0","0","32600","0","0","1","0.0","0.0","0.0"
"21320665","21368","21903","606282","7601","2019-11-30 17:26:52 UTC","34700","678906","false","1","0","0","0","1","0","0","34700","0","0","1","0.0","0.0","0.0"
"21320666","53016","58713","535016","2103","2019-11-30 17:26:28 UTC","78200","939656","false","1","0","0","0","1","0","0","78200","0","0","1","0.0","0.0","0.0"
"21320669","73271","81164","606282","450","2019-11-30 17:22:28 UTC","255400","835213","true","1","0","0","0","2","0","0","161950","0","0","10","0.0","0.0","1.0"
"21320670","71670","89517","534543","4043","2019-11-30 17:22:07 UTC","71500","834859","false","1","0","0","0","1","0","0","71500","0","0","1","0.0","0.0","0.0"
"21320671","46335","80367","428267","6021","2019-11-30 17:21:19 UTC","63900","270928","false","1","0","0","0","1","0","0","63900","0","0","1","0.0","0.0","0.0"
"21320672","35769","32330","423070","9420","2019-11-30 17:20:50 UTC","297500","","false","1","0","0","0","1","0","0","297500","0","0","1","0.0","0.0","0.0"
"21320675","79326","20407","512682","9753","2019-11-30 17:13:44 UTC","6900","608071","false","1","0","0","0","1","0","0","6900","0","0","2","0.0","0.0","0.0"
"21320676","29214","50643","515590","8206","2019-11-30 17:13:08 UTC","50500","570971","true","1","0","0","0","4","0","0","57225","0","0","10","0.0","0.0","0.9"
"21320678","57668","64389","553636","8690","2019-11-30 17:10:18 UTC","307800","74464","false","1","0","0","0","1","0","0","307800","0","0","1","0.0","0.0","0.0"
"21320679","86964","16564","550209","6063","2019-11-30 17:09:10 UTC","2500","916588","false","1","0","0","0","1","0","0","2500","0","0","3","0.0","0.0","0.0"
"21320682","31497","74964","606282","7624","2019-11-30 16:57:24 UTC","34000","448948","false","1","0","0","0","1","0","0","34000","0","0","1","0.0","0.0","0.0"
"21320683","42227","61626","422053","6052","2019-11-30 16:56:27 UTC","108400","159736","false","1","0","0","0","1","0","0","108400","0","0","1","0.0","0.0","0.0"
"21320685","41786","7875","550209","3416","2019-11-30 16:54:44 UTC","29400","616771","false","1","0","0","0","1","0","0","29400","0","0","1","0.0","0.0","0.0"
"21320686","13551","24625","498406","2329","2019-11-30 16:54:11 UTC","152800","","false","1","0","0","0","2","0","0","101850","0","0","2","0.0","0.0","0.0"
"21320693","85435","68861","512682","8689","2019-11-30 16:40:00 UTC","43200","480449","false","1","0","0","0","1","0","0","43200","0","0","5","0.0","0.0","0.0"
"21320695","85435","2121","421958","4983","2019-11-30 16:35:42 UTC","42700","456724","false","1","0","0","0","1","0","0","42700","0","0","5","0.0","0.0","0.0"
"21320696","92029","95827","650487","6690","2019-11-30 16:32:50 UTC","36100","758742","false","1","0","0","0","1","0","0","36100","0","0","5","0.0","0.0","0.0"
"21320698","52458","33648","523284","3574","2019-11-30 16:20:23 UTC","17900","596730","false","1","0","0","0","1","0","0","17900","0","0","1","0.0","0.0","0.0"
"21320700","26647","48470","525320","7262","2019-11-30 16:19:14 UTC","19400","625813","false","1","0","0","0","1","0","0","19400","0","0","3","0.0","0.0","0.0"
"21320701","99261","95506","527468","3267","2019-11-30 16:17:27 UTC","29500","350604","false","1","0","0","0","1","0","0","29500","0","0","1","0.0","0.0","0.0"
"21320661","17275","11750","536537","7137","2019-11-30 17:33:18 UTC","64300","342890","true","1","0","0","0","31","0","0","57412","0","0","30","0.0","0.0","0.73333"
"21320705","46920","15901","550209","6589","2019-11-30 16:09:39 UTC","7800","625475","false","1","0","0","0","1","0","0","7800","0","0","1","0.0","0.0","0.0"
"21320706","31309","24919","544731","1643","2019-11-30 16:04:28 UTC","39000","974053","false","1","0","0","0","1","0","0","39000","0","0","1","0.0","0.0","0.0"
"21320707","81537","88826","404024","5791","2019-11-30 15:59:38 UTC","8500","686267","false","1","0","0","0","1","0","0","8500","0","0","1","0.0","0.0","0.0"
"21320708","60849","11611","485464","6440","2019-11-30 15:56:08 UTC","80900","26755","false","1","0","0","0","1","0","0","80900","0","0","1","0.0","0.0","0.0"
"21320720","31960","66157","516291","6365","2019-11-30 15:25:26 UTC","27800","404608","false","1","0","0","0","2","0","0","28650","0","2","8","0.0","0.0","0.0"
"21320712","82589","7407","466069","6752","2019-11-30 15:44:51 UTC","26600","582701","false","1","0","0","0","1","0","0","26600","0","0","4","0.0","0.0","0.0"
"21320760","63526","39624","518544","6133","2019-11-30 13:46:22 UTC","9000","113429","false","1","0","0","0","1","0","0","9000","0","0","2","0.0","0.0","0.0"
"21320726","44927","21768","530034","3859","2019-11-30 15:08:59 UTC","100000","357277","true","1","0","0","0","6","0","0","85833","0","0","11","0.0","0.0","1.0"
"21320713","88500","67546","544731","7140","2019-11-30 15:44:18 UTC","25400","","false","1","0","0","0","1","0","0","25400","0","0","4","0.0","0.0","0.0"
"21320775","9842","45276","518814","4623","2019-11-30 12:41:50 UTC","27400","202551","false","1","0","0","0","1","0","0","27400","0","0","4","0.0","0.0","0.0"
"21320715","92029","20002","544731","3760","2019-11-30 15:42:40 UTC","46400","969639","false","1","0","0","0","1","0","0","46400","0","0","5","0.0","0.0","0.0"
"21320727","99510","56877","441030","2146","2019-11-30 15:08:30 UTC","60000","60010","true","1","0","0","0","9","0","0","77022","0","0","12","0.0","0.0","0.58333"
"21320718","99510","56877","441030","2146","2019-11-30 15:35:31 UTC","86900","60010","true","1","0","0","0","9","0","0","77022","0","0","12","0.0","0.0","0.58333"
"21320735","99510","56877","406655","8217","2019-11-30 14:51:49 UTC","87700","866529","true","1","0","0","0","9","0","0","77022","0","0","12","0.0","0.0","0.58333"
"21320722","97631","39903","534540","260","2019-11-30 15:18:46 UTC","79100","66731","false","1","0","0","0","1","0","0","79100","0","0","2","0.0","0.0","0.0"
"21320755","84546","55544","427167","310","2019-11-30 14:05:39 UTC","200100","503714","false","1","0","0","0","2","0","0","237550","0","0","2","0.0","0.0","0.0"
"21320725","38568","99396","412177","2318","2019-11-30 15:09:52 UTC","255900","248385","true","1","0","0","0","5","0","0","201140","0","0","5","0.0","0.0","1.0"
"21320728","67282","29890","541465","6049","2019-11-30 15:08:10 UTC","127300","","false","1","0","0","0","1","0","0","127300","0","0","1","0.0","0.0","0.0"
"21320731","13767","93027","410863","1698","2019-11-30 14:56:00 UTC","27700","849149","false","1","0","0","0","1","0","0","27700","0","0","4","0.0","0.0","0.0"
"21320736","99510","56877","441030","2146","2019-11-30 14:51:32 UTC","108900","60010","true","1","0","0","0","9","0","0","77022","0","0","12","0.0","0.0","0.58333"
"21320732","6293","56104","535081","7449","2019-11-30 14:55:16 UTC","75100","9736","false","1","0","0","0","1","0","0","75100","0","0","1","0.0","0.0","0.0"
"21320759","29214","50643","515590","8206","2019-11-30 13:46:55 UTC","45400","570971","true","1","0","0","0","4","0","0","57225","0","0","10","0.0","0.0","0.9"
"21320734","13767","96538","506775","8920","2019-11-30 14:53:01 UTC","6000","501802","false","1","0","0","0","1","0","0","6000","0","0","4","0.0","0.0","0.0"
"21320738","5636","69680","545368","1761","2019-11-30 14:45:43 UTC","202400","401558","false","1","0","0","0","1","0","0","202400","0","0","1","0.0","0.0","0.0"
"21320740","95630","72783","415944","4943","2019-11-30 14:41:28 UTC","2100","115859","false","1","0","0","0","1","0","0","2100","0","0","3","0.0","0.0","0.0"
"21320741","13766","84613","544731","8878","2019-11-30 14:40:49 UTC","3500","441983","false","1","0","0","0","1","0","0","3500","0","0","1","0.0","0.0","0.0"
"21320743","46214","43347","523421","6191","2019-11-30 14:36:16 UTC","17900","963238","false","1","0","0","0","1","0","0","17900","0","0","1","0.0","0.0","0.0"
"21320746","84159","93786","550209","6420","2019-11-30 14:26:05 UTC","29300","822152","false","1","0","0","0","1","0","0","29300","0","0","1","0.0","0.0","0.0"
"21320747","25496","11383","511623","5542","2019-11-30 14:19:59 UTC","56900","620419","false","1","0","0","0","2","0","0","33550","0","0","2","0.0","0.0","0.0"
"21320749","22921","87399","514945","6513","2019-11-30 14:19:06 UTC","55200","416538","false","1","0","0","0","1","0","0","55200","0","0","1","0.0","0.0","0.0"
"21320764","94544","59902","230650","9441","2019-11-30 13:37:12 UTC","85100","","false","1","0","0","0","2","0","0","138950","0","0","3","0.0","0.0","0.0"
"21320752","24902","17990","606282","8486","2019-11-30 14:12:47 UTC","19900","203505","false","1","0","0","0","1","0","0","19900","0","0","1","0.0","0.0","0.0"
"21320753","81731","85614","523421","7508","2019-11-30 14:10:14 UTC","159400","","false","1","0","0","0","1","0","0","159400","0","0","1","0.0","0.0","0.0"
"21320754","48812","46455","550209","3886","2019-11-30 14:07:26 UTC","39500","399188","false","1","0","0","0","1","0","0","39500","0","0","1","0.0","0.0","0.0"
"21320756","73915","33933","516292","2787","2019-11-30 14:04:26 UTC","100100","224141","false","1","0","0","0","1","0","0","100100","0","0","4","0.0","0.0","0.0"
"21320762","74702","42129","606282","1735","2019-11-30 13:40:39 UTC","54600","677996","false","1","0","0","0","1","0","0","54600","0","0","1","0.0","0.0","0.0"
"21320763","28933","37099","498442","8154","2019-11-30 13:38:51 UTC","136900","97761","false","1","0","0","0","1","0","0","136900","0","0","1","0.0","0.0","0.0"
"21320765","32810","5121","410863","7814","2019-11-30 13:36:25 UTC","106100","412103","false","1","0","0","0","1","0","0","106100","0","0","1","0.0","0.0","0.0"
"21320768","28336","68196","459314","8349","2019-11-30 13:12:07 UTC","4000","646279","false","1","0","0","0","1","0","0","4000","0","0","1","0.0","0.0","0.0"
"21320769","47252","5949","515590","4792","2019-11-30 13:07:34 UTC","113800","200178","false","1","0","0","0","1","0","0","113800","0","0","2","0.0","0.0","0.0"
"21320770","90855","61136","552693","3752","2019-11-30 13:07:10 UTC","15500","845311","false","1","0","0","0","1","0","0","15500","0","0","1","0.0","0.0","0.0"
"21320774","99419","77955","520405","9624","2019-11-30 12:47:17 UTC","19200","505061","false","1","0","0","0","1","0","0","19200","0","0","2","0.0","0.0","0.0"
"21320776","29744","23429","455183","5202","2019-11-30 12:37:22 UTC","85200","782901","true","1","0","0","0","2","0","0","83350","0","0","11","0.0","0.0","0.09091"
"21320777","82113","99203","411809","3012","2019-11-30 12:31:21 UTC","33400","428068","false","1","0","0","0","1","0","0","33400","2","2","3","0.0","0.0","0.0"
"21320795","92895","2708","527660","4141","2019-11-30 03:00:54 UTC","9900","497105","false","1","1","0","0","2","0","0","41650","0","0","2","0.0","0.0","0.5"
"21320782","89161","18626","536805","6868","2019-11-30 11:57:19 UTC","76800","","false","1","0","0","0","1","0","0","76800","0","1","5","0.0","0.0","0.0"
"21320783","84191","75809","525664","9432","2019-11-30 11:53:52 UTC","120100","867679","false","1","0","0","0","1","0","0","120100","0","0","1","0.0","0.0","0.0"
"21320786","4477","3601","530780","2633","2019-11-30 11:35:55 UTC","63800","117728","false","1","0","0","0","1","0","0","63800","0","0","1","0.0","0.0","0.0"
"21320779","22552","58022","539090","3399","2019-11-30 12:15:29 UTC","116600","663147","false","1","0","0","0","1","0","0","116600","0","0","1","0.0","0.0","0.0"
"21320788","64192","132","485464","8785","2019-11-30 10:36:29 UTC","71400","568889","false","1","0","0","0","1","0","0","71400","0","0","1","0.0","0.0","0.0"
"21320789","46666","53810","531681","1442","2019-11-30 09:56:47 UTC","17900","78425","false","1","0","0","0","1","0","0","17900","0","0","2","0.0","0.0","0.0"
"21320792","90032","60084","516292","7426","2019-11-30 03:35:24 UTC","86800","408906","false","1","1","0","0","1","0","0","86800","0","0","8","0.0","0.0","0.0"
"21320794","82676","59208","549167","4194","2019-11-30 03:16:05 UTC","1200","432518","false","1","1","0","0","1","0","0","1200","0","0","1","0.0","0.0","0.0"
"21320798","41034","82466","498453","2271","2019-11-30 02:34:54 UTC","24100","","false","1","1","0","0","1","0","0","24100","0","0","5","0.0","0.0","0.0"
"21320799","44927","87048","530034","2579","2019-11-30 02:13:35 UTC","100600","602462","true","1","1","0","0","3","0","0","89200","0","0","11","0.0","0.0","1.0"
"21320801","15950","12678","515743","4883","2019-11-30 02:07:46 UTC","56500","190238","true","1","1","0","0","2","0","0","72950","0","0","2","0.0","0.0","1.0"
"21320853","5404","6538","230650","8730","2019-11-29 22:52:27 UTC","126800","52389","false","0","0","0","0","3","0","0","89566","0","0","4","0.0","0.0","0.25"
"21320813","44927","87048","530034","9719","2019-11-30 00:47:57 UTC","75800","","true","1","1","0","0","3","0","0","89200","0","0","11","0.0","0.0","1.0"
"21320802","96751","13816","516292","5190","2019-11-30 02:06:56 UTC","210000","440976","false","1","1","0","0","1","0","0","210000","0","0","1","0.0","0.0","0.0"
"21320804","25271","62119","412177","3156","2019-11-30 01:46:30 UTC","15700","777390","false","1","1","0","0","1","0","0","15700","0","0","1","0.0","0.0","0.0"
"21320805","87081","76046","423069","2627","2019-11-30 01:39:54 UTC","35400","991797","false","1","1","0","0","1","0","0","35400","0","1","2","0.0","0.0","0.0"
"21320808","86011","79167","522590","8915","2019-11-30 01:18:10 UTC","67800","616746","false","1","1","0","0","2","0","0","55050","0","0","3","0.0","0.0","0.0"
"21320809","1535","56087","439354","2676","2019-11-30 01:13:41 UTC","300","","false","1","1","0","0","1","0","0","300","0","0","1","0.0","0.0","0.0"
"21320811","67468","71710","544731","1954","2019-11-30 00:58:05 UTC","45400","606882","false","1","1","0","0","1","0","0","45400","0","0","1","0.0","0.0","0.0"
"21320812","99510","71433","550209","6932","2019-11-30 00:48:55 UTC","37000","","false","1","1","0","0","3","0","0","67333","0","0","12","0.0","0.0","0.58333"
"21320814","3531","52129","544731","8590","2019-11-30 00:44:40 UTC","24800","307489","true","1","1","0","0","2","0","0","61850","0","0","2","0.0","0.0","1.0"
"21320816","55986","84146","530049","4244","2019-11-30 00:33:28 UTC","19900","233769","false","1","1","0","0","1","0","0","19900","0","0","1","0.0","0.0","0.0"
"21320818","35174","43631","530034","3653","2019-11-30 00:25:03 UTC","52300","161974","false","1","1","0","0","1","0","0","52300","0","0","1","0.0","0.0","0.0"
"21320819","21036","16262","512267","2123","2019-11-30 00:22:02 UTC","367900","40212","false","1","1","0","0","1","0","0","367900","0","0","1","0.0","0.0","0.0"
"21320824","43078","89755","520405","9186","2019-11-30 00:13:32 UTC","48600","23010","false","1","1","0","0","1","0","0","48600","1","6","7","0.0","0.0","0.0"
"21320825","96294","79309","550209","6780","2019-11-30 00:11:00 UTC","32400","435317","false","1","1","0","0","1","0","0","32400","0","0","1","0.0","0.0","0.0"
"21320826","44229","11899","422005","2267","2019-11-30 00:09:09 UTC","32900","683572","false","1","1","0","0","1","0","0","32900","0","0","5","0.0","0.0","0.0"
"21320817","38568","99396","422100","2853","2019-11-30 00:29:46 UTC","47100","834436","true","1","1","0","0","5","0","0","201140","0","0","5","0.0","0.0","1.0"
"21320830","53842","4047","650495","3102","2019-11-30 00:05:20 UTC","32100","543236","false","1","1","0","0","1","0","0","32100","0","0","1","0.0","0.0","0.0"
"21320831","34597","64204","544731","6016","2019-11-30 00:02:59 UTC","7500","","false","1","1","0","0","1","0","0","7500","0","0","5","0.0","0.0","0.0"
"21320832","29214","71424","470598","8612","2019-11-30 00:01:19 UTC","50100","183034","true","1","1","0","0","5","0","0","59280","0","0","10","0.0","0.0","0.9"
"21320833","52088","30248","230744","6644","2019-11-30 00:01:02 UTC","1000","420875","false","1","1","0","0","1","0","0","1000","0","0","1","0.0","0.0","0.0"
"21320837","58938","96387","542865","9096","2019-11-29 23:51:30 UTC","343800","912297","false","0","0","0","0","1","0","0","343800","0","0","1","0.0","0.0","0.0"
"21320838","15326","21233","606282","2822","2019-11-29 23:44:55 UTC","155100","306719","true","0","0","0","0","2","0","0","136400","0","0","5","0.0","0.0","1.0"
"21320836","15326","21233","606282","2822","2019-11-29 23:53:22 UTC","117700","306719","true","0","0","0","0","2","0","0","136400","0","0","5","0.0","0.0","1.0"
"21320841","69413","23340","230744","2330","2019-11-29 23:30:26 UTC","138600","495443","false","0","0","0","0","1","0","0","138600","0","0","2","0.0","0.0","0.0"
"21320845","23531","93679","515590","820","2019-11-29 23:21:10 UTC","58500","972377","true","0","0","0","0","1","0","0","58500","0","0","1","0.0","0.0","1.0"
"21320848","23591","1836","444456","3799","2019-11-29 23:12:53 UTC","70800","889989","false","0","0","0","0","2","0","0","57750","0","0","3","0.0","0.0","0.0"
"21320851","57534","66147","523284","6901","2019-11-29 23:04:09 UTC","127000","554173","false","0","0","0","0","2","0","0","96950","0","0","2","0.0","0.0","0.0"
"21320846","57534","66147","548985","1436","2019-11-29 23:13:04 UTC","66900","554173","false","0","0","0","0","2","0","0","96950","0","0","2","0.0","0.0","0.0"
"21320852","13928","66012","498442","1985","2019-11-29 22:59:38 UTC","96100","697450","false","0","0","0","0","1","0","0","96100","0","0","1","0.0","0.0","0.0"
"21320784","99510","56877","490172","2306","2019-11-30 11:42:18 UTC","75800","866529","false","1","0","0","0","9","0","0","77022","0","0","12","0.0","0.0","0.58333"
"21320844","38568","99396","524703","3515","2019-11-29 23:25:10 UTC","258000","278124","true","0","0","0","0","5","0","0","201140","0","0","5","0.0","0.0","1.0"
"21323428","26981","96512","540593","9028","2019-11-06 21:13:55 UTC","48000","","false","0","0","0","2","2","0","38550","38550","1","6","12","0.0","0.0","0.0"
"21320901","81433","16367","516292","2803","2019-11-29 20:09:43 UTC","33700","","false","0","0","0","0","1","0","0","33700","0","0","2","0.0","0.0","0.0"
"21320922","73271","7725","520405","5073","2019-11-29 19:21:30 UTC","259400","313443","true","0","0","0","0","7","0","0","154571","0","0","10","0.0","0.0","1.0"
"21320857","18046","19566","409600","3961","2019-11-29 22:36:22 UTC","79900","456605","false","0","0","0","0","1","0","0","79900","0","0","3","0.0","0.0","0.0"
"21320858","53565","46180","406669","2482","2019-11-29 22:33:51 UTC","80300","","false","0","0","0","0","1","0","0","80300","0","0","1","0.0","0.0","0.0"
"21320861","7580","38561","514086","2018","2019-11-29 22:13:08 UTC","179200","","false","0","0","0","0","1","0","0","179200","0","0","2","0.0","0.0","0.0"
"21320862","46581","44038","550209","9372","2019-11-29 22:07:37 UTC","41200","548214","false","0","0","0","0","1","0","0","41200","0","0","1","0.0","0.0","0.0"
"21320872","49909","73385","553636","8798","2019-11-29 21:29:02 UTC","357300","884678","true","0","0","0","0","3","0","0","363966","0","0","4","0.0","0.0","0.75"
"21320863","49909","73385","553636","3778","2019-11-29 22:06:50 UTC","404300","884678","true","0","0","0","0","3","0","0","363966","0","0","4","0.0","0.0","0.75"
"21320867","32287","87379","550209","5629","2019-11-29 21:51:25 UTC","58700","928099","false","0","0","0","0","1","0","0","58700","0","0","1","0.0","0.0","0.0"
"21320870","38568","99396","606282","6990","2019-11-29 21:43:15 UTC","82000","278124","true","0","0","0","0","5","0","0","201140","0","0","5","0.0","0.0","1.0"
"21320868","6112","31481","550209","6370","2019-11-29 21:51:05 UTC","18000","510630","false","0","0","0","0","1","0","0","18000","2","3","7","0.0","0.0","0.0"
"21320871","39535","55317","406669","5246","2019-11-29 21:31:18 UTC","215000","","false","0","0","0","0","1","0","0","215000","0","0","1","0.0","0.0","0.0"
"21320855","56451","20193","230888","2752","2019-11-29 22:45:09 UTC","42100","","false","0","0","0","0","1","0","0","42100","0","0","5","0.0","0.0","0.0"
"21320874","9978","35960","650485","1498","2019-11-29 21:24:33 UTC","24800","569982","false","0","0","0","0","1","0","0","24800","0","0","1","0.0","0.0","0.0"
"21320876","42178","87437","530994","1156","2019-11-29 21:17:07 UTC","23400","670876","false","0","0","0","0","1","0","0","23400","0","0","15","0.0","0.0","0.0"
"21320877","24295","79378","516292","3268","2019-11-29 21:10:04 UTC","305900","791624","false","0","0","0","0","1","0","0","305900","0","0","2","0.0","0.0","0.0"
"21320879","48126","55630","421960","7769","2019-11-29 21:07:27 UTC","107400","611676","true","0","0","0","0","3","0","0","106333","0","0","6","0.0","0.0","1.0"
"21320881","97291","27779","606282","8620","2019-11-29 21:03:12 UTC","132700","","true","0","0","0","0","2","0","0","192950","0","0","7","0.0","0.0","0.57143"
"21320883","71684","40278","498582","9041","2019-11-29 21:01:57 UTC","15600","471486","false","0","0","0","0","1","0","0","15600","0","0","2","0.0","0.0","0.0"
"21320887","5015","25791","415274","3121","2019-11-29 20:55:22 UTC","54500","650043","false","0","0","0","0","1","0","0","54500","0","0","1","0.0","0.0","0.0"
"21320889","44229","59367","498453","8870","2019-11-29 20:47:48 UTC","30200","117371","false","0","0","0","0","1","0","0","30200","0","0","5","0.0","0.0","0.0"
"21320891","22244","26557","477176","3959","2019-11-29 20:37:47 UTC","257800","967947","false","0","0","0","0","1","0","0","257800","0","0","1","0.0","0.0","0.0"
"21320893","22415","72080","230650","7199","2019-11-29 20:27:25 UTC","1000","322576","false","0","0","0","0","1","0","0","1000","0","0","1","0.0","0.0","0.0"
"21320894","63113","88476","523421","2335","2019-11-29 20:25:32 UTC","2300","","false","0","0","0","0","1","0","0","2300","0","0","2","0.0","0.0","0.0"
"21320895","23396","89678","544731","6308","2019-11-29 20:21:56 UTC","68700","905685","false","0","0","0","0","1","0","0","68700","0","1","2","0.0","0.0","0.0"
"21320897","65951","66496","515590","3702","2019-11-29 20:17:03 UTC","360900","437776","false","0","0","0","0","1","0","0","360900","0","0","2","0.0","0.0","0.0"
"21320900","4282","83791","516306","5593","2019-11-29 20:14:00 UTC","244100","266367","false","0","0","0","0","1","0","0","244100","0","0","1","0.0","0.0","0.0"
"21320902","2436","93989","544731","9613","2019-11-29 20:08:54 UTC","21100","971931","false","0","0","0","0","1","0","0","21100","0","0","1","0.0","0.0","0.0"
"21320904","37651","7683","544731","4675","2019-11-29 20:07:37 UTC","36700","631318","false","0","0","0","0","1","0","0","36700","0","0","1","0.0","0.0","0.0"
"21320906","3822","91179","432031","1121","2019-11-29 20:02:25 UTC","86500","416995","false","0","0","0","0","1","0","0","86500","0","0","1","0.0","0.0","0.0"
"21320908","16069","89278","458919","8520","2019-11-29 19:57:42 UTC","50200","853965","false","0","0","0","0","1","0","0","50200","0","0","1","0.0","0.0","0.0"
"21320909","18046","4509","545430","8019","2019-11-29 19:57:33 UTC","93100","158120","false","0","0","0","0","1","0","0","93100","0","0","3","0.0","0.0","0.0"
"21320912","72680","16052","498408","7780","2019-11-29 19:51:38 UTC","109300","130330","false","0","0","0","0","1","0","0","109300","0","0","1","0.0","0.0","0.0"
"21320913","29168","97777","464300","5815","2019-11-29 19:48:58 UTC","63700","913849","false","0","0","0","0","1","0","0","63700","0","0","1","0.0","0.0","0.0"
"21320914","3972","97702","650516","5220","2019-11-29 19:44:19 UTC","38100","154151","false","0","0","0","0","1","0","0","38100","0","0","1","0.0","0.0","0.0"
"21320915","29681","82539","544731","3506","2019-11-29 19:43:52 UTC","156400","417897","false","0","0","0","0","1","0","0","156400","0","0","1","0.0","0.0","0.0"
"21320920","24714","813","412177","1134","2019-11-29 19:24:53 UTC","89300","","false","0","0","0","0","1","0","0","89300","0","0","3","0.0","0.0","0.0"
"21320921","33044","77564","550209","8882","2019-11-29 19:22:25 UTC","26500","647807","false","0","0","0","0","1","0","0","26500","0","0","3","0.0","0.0","0.0"
"21320923","67786","65917","535106","5226","2019-11-29 19:21:18 UTC","38000","130930","false","0","0","0","0","1","0","0","38000","0","0","1","0.0","0.0","0.0"
"21320924","26868","95428","539091","6115","2019-11-29 19:19:58 UTC","114400","620494","false","0","0","0","0","1","0","0","114400","0","0","1","0.0","0.0","0.0"
"21320928","6596","48141","655003","3889","2019-11-29 19:07:36 UTC","129900","487224","false","0","0","0","0","1","0","0","129900","0","0","1","0.0","0.0","0.0"
"21320929","13852","39708","535016","6895","2019-11-29 19:06:10 UTC","22400","464210","false","0","0","0","0","1","0","0","22400","0","0","1","0.0","0.0","0.0"
"21320916","17275","11750","453211","7385","2019-11-29 19:39:12 UTC","60100","342890","true","0","0","0","0","31","0","0","57412","0","0","30","0.0","0.0","0.73333"
"21321002","29214","50643","490172","3386","2019-11-29 16:32:37 UTC","72500","570971","true","0","0","0","0","4","0","0","57225","0","0","10","0.0","0.0","0.9"
"21320934","57420","82907","606282","1226","2019-11-29 18:54:17 UTC","232200","933175","false","0","0","0","0","1","0","0","232200","0","0","1","0.0","0.0","0.0"
"21320936","4153","69588","552640","7443","2019-11-29 18:47:03 UTC","101200","766158","true","0","0","0","0","5","0","0","72600","0","0","6","0.0","0.0","0.83333"
"21320937","83283","94646","542820","1268","2019-11-29 18:45:50 UTC","5900","380324","false","0","0","0","0","1","0","0","5900","0","1","3","0.0","0.0","0.0"
"21320941","4153","69588","552640","7443","2019-11-29 18:37:42 UTC","112000","766158","true","0","0","0","0","5","0","0","72600","0","0","6","0.0","0.0","0.83333"
"21320943","63050","4651","606282","4880","2019-11-29 18:34:37 UTC","306800","571150","true","0","0","0","0","3","0","0","205900","0","0","8","0.0","0.0","0.25"
"21321004","704","67245","547408","4136","2019-11-29 16:31:39 UTC","96600","115003","false","0","0","0","0","5","0","0","70080","0","0","5","0.0","0.0","0.0"
"21320940","704","67245","472280","5376","2019-11-29 18:40:00 UTC","25100","115003","false","0","0","0","0","5","0","0","70080","0","0","5","0.0","0.0","0.0"
"21320946","4153","69588","552640","7443","2019-11-29 18:30:02 UTC","109300","766158","true","0","0","0","0","5","0","0","72600","0","0","6","0.0","0.0","0.83333"
"21320962","63050","76837","554906","6167","2019-11-29 17:50:10 UTC","151700","364150","false","0","0","0","0","4","0","0","55300","0","0","8","0.0","0.0","0.25"
"21320932","50512","9666","498408","7589","2019-11-29 18:57:39 UTC","44400","","false","0","0","0","0","1","0","0","44400","0","0","5","0.0","0.0","0.0"
"21320947","63050","76837","554906","6167","2019-11-29 18:26:22 UTC","5000","364150","false","0","0","0","0","4","0","0","55300","0","0","8","0.0","0.0","0.25"
"21320948","18276","68688","548721","3554","2019-11-29 18:25:29 UTC","21500","390462","false","0","0","0","0","1","0","0","21500","0","0","1","0.0","0.0","0.0"
"21320951","13314","35542","651659","4723","2019-11-29 18:22:23 UTC","190000","274719","false","0","0","0","0","1","0","0","190000","0","0","1","0.0","0.0","0.0"
"21320953","49909","136","553636","4642","2019-11-29 18:18:03 UTC","254300","","false","0","0","0","0","1","0","0","254300","0","0","4","0.0","0.0","0.75"
"21320954","29744","58195","548724","5882","2019-11-29 18:13:42 UTC","77400","166530","false","0","0","0","0","1","0","0","77400","0","0","11","0.0","0.0","0.09091"
"21320955","46157","5078","453211","8298","2019-11-29 18:06:45 UTC","8000","504303","false","0","0","0","0","1","0","0","8000","0","0","1","0.0","0.0","0.0"
"21320958","26647","27686","550209","2271","2019-11-29 18:02:48 UTC","29400","377456","false","0","0","0","0","1","0","0","29400","0","0","3","0.0","0.0","0.0"
"21320959","34566","89333","485464","3281","2019-11-29 18:00:41 UTC","91900","964293","false","0","0","0","0","1","0","0","91900","0","0","1","0.0","0.0","0.0"
"21320967","1308","96025","406655","7343","2019-11-29 17:42:40 UTC","225900","438940","true","0","0","0","0","14","0","0","215657","0","0","15","0.0","0.0","1.0"
"21320963","1308","96025","406655","4980","2019-11-29 17:49:01 UTC","214100","438940","true","0","0","0","0","14","0","0","215657","0","0","15","0.0","0.0","1.0"
"21320945","13551","24625","498406","2329","2019-11-29 18:31:45 UTC","50900","","false","0","0","0","0","2","0","0","101850","0","0","2","0.0","0.0","0.0"
"21320977","63050","76837","554906","6167","2019-11-29 17:24:30 UTC","59500","364150","false","0","0","0","0","4","0","0","55300","0","0","8","0.0","0.0","0.25"
"21320965","83982","79462","498406","5873","2019-11-29 17:48:19 UTC","38600","","true","0","0","0","0","1","0","0","38600","0","0","1","0.0","0.0","1.0"
"21320966","16420","42233","650487","3223","2019-11-29 17:45:09 UTC","226100","305962","false","0","0","0","0","1","0","0","226100","0","0","1","0.0","0.0","0.0"
"21320972","59021","44188","553665","3661","2019-11-29 17:37:58 UTC","47800","428096","false","0","0","0","0","1","0","0","47800","0","0","1","0.0","0.0","0.0"
"21321001","1308","96025","406655","4980","2019-11-29 16:36:00 UTC","226100","438940","true","0","0","0","0","14","0","0","215657","0","0","15","0.0","0.0","1.0"
"21320975","97291","70557","545368","7205","2019-11-29 17:27:47 UTC","263300","","true","0","0","0","0","2","0","0","181100","0","0","7","0.0","0.0","0.57143"
"21320970","97291","70557","545368","7205","2019-11-29 17:40:40 UTC","98900","","true","0","0","0","0","2","0","0","181100","0","0","7","0.0","0.0","0.57143"
"21320974","82750","47431","478308","9590","2019-11-29 17:37:09 UTC","37600","466065","false","0","0","0","0","1","0","0","37600","0","0","1","0.0","0.0","0.0"
"21320978","92029","41092","514945","3331","2019-11-29 17:22:11 UTC","25000","610266","false","0","0","0","0","1","0","0","25000","0","0","5","0.0","0.0","0.0"
"21320979","79123","31269","498401","4966","2019-11-29 17:21:12 UTC","27000","896735","false","0","0","0","0","1","0","0","27000","0","0","2","0.0","0.0","0.0"
"21320982","67635","18126","650485","3773","2019-11-29 17:14:12 UTC","17800","316527","false","0","0","0","0","1","0","0","17800","0","0","2","0.0","0.0","0.0"
"21320985","88390","7962","521433","6434","2019-11-29 17:08:01 UTC","202600","770230","false","0","0","0","0","1","0","0","202600","0","0","1","0.0","0.0","0.0"
"21320986","76519","89464","521043","6931","2019-11-29 17:06:44 UTC","13200","269950","false","0","0","0","0","1","0","0","13200","0","0","1","0.0","0.0","0.0"
"21320987","63453","71391","410863","3078","2019-11-29 17:01:12 UTC","52300","966800","false","0","0","0","0","1","0","0","52300","0","0","1","0.0","0.0","0.0"
"21320988","56403","54080","523421","2536","2019-11-29 16:59:41 UTC","18200","751336","false","0","0","0","0","1","0","0","18200","0","0","2","0.0","0.0","0.0"
"21320992","36455","34231","546479","3775","2019-11-29 16:52:39 UTC","62800","18638","false","0","0","0","0","1","0","0","62800","0","0","1","0.0","0.0","0.0"
"21320993","91446","43666","506775","3257","2019-11-29 16:52:04 UTC","110900","54552","false","0","0","0","0","1","0","0","110900","0","0","9","0.0","0.0","0.33333"
"21320995","67952","24339","412177","7120","2019-11-29 16:42:35 UTC","27200","707355","false","0","0","0","0","1","0","0","27200","0","0","6","0.0","0.0","0.0"
"21320996","11962","20998","515117","5143","2019-11-29 16:38:54 UTC","200","899134","false","0","0","0","0","1","0","0","200","0","0","1","0.0","0.0","0.0"
"21320999","46129","38249","422463","3042","2019-11-29 16:37:22 UTC","29600","460364","false","0","0","0","0","2","0","0","27450","0","0","3","0.0","0.0","0.0"
"21321003","18137","57809","530034","9198","2019-11-29 16:31:55 UTC","20200","136233","false","0","0","0","0","1","0","0","20200","0","0","1","0.0","0.0","0.0"
"21321005","53360","9486","410863","9245","2019-11-29 16:25:21 UTC","9700","579963","false","0","0","0","0","1","0","0","9700","0","0","1","0.0","0.0","0.0"
"21321009","69297","59456","506775","4495","2019-11-29 16:19:02 UTC","160300","309095","false","0","0","0","0","2","0","0","81150","0","0","2","0.0","0.0","0.0"
"21321008","38755","6761","552693","2902","2019-11-29 16:20:43 UTC","78500","738394","true","0","0","0","0","3","0","0","106200","0","0","5","0.0","0.0","0.6"
"21321012","34597","81496","606282","1613","2019-11-29 16:15:31 UTC","20100","","false","0","0","0","0","1","0","0","20100","0","0","5","0.0","0.0","0.0"
"21321007","29744","153","522027","5047","2019-11-29 16:21:44 UTC","141300","847480","false","0","0","0","0","1","0","0","141300","0","0","11","0.0","0.0","0.09091"
"21321015","71406","71877","496045","1170","2019-11-29 16:12:08 UTC","361200","528188","false","0","0","0","0","1","0","0","361200","0","0","1","0.0","0.0","0.0"
"21321016","26576","93483","535081","5580","2019-11-29 16:11:59 UTC","38000","62805","false","0","0","0","0","1","0","0","38000","0","0","1","0.0","0.0","0.0"
"21321017","97967","87447","535858","9800","2019-11-29 16:08:38 UTC","33800","98335","false","0","0","0","0","1","0","0","33800","0","0","5","0.0","0.0","0.0"
"21321021","94249","46771","530599","2069","2019-11-29 15:50:32 UTC","26800","312694","false","0","0","0","0","1","0","0","26800","0","0","1","0.0","0.0","0.0"
"21321022","91446","89615","444456","5733","2019-11-29 15:44:34 UTC","193300","333645","false","0","0","0","0","4","0","0","132075","0","0","9","0.0","0.0","0.33333"
"21321023","921","48419","498407","9613","2019-11-29 15:41:33 UTC","21600","160262","false","0","0","0","0","1","0","0","21600","0","0","2","0.0","0.0","0.0"
"21321024","72751","56145","535863","9330","2019-11-29 15:41:23 UTC","31000","","false","0","0","0","0","1","0","0","31000","0","0","3","0.0","0.0","0.0"
"21321025","27089","70555","458919","8864","2019-11-29 15:38:47 UTC","154100","473547","false","0","0","0","0","1","0","0","154100","0","0","2","0.0","0.0","0.0"
"21321031","88540","25127","458919","2900","2019-11-29 15:30:12 UTC","44400","555998","false","0","0","0","0","1","0","0","44400","0","0","2","0.0","0.0","0.0"
"21321027","80155","88553","410863","7755","2019-11-29 15:35:24 UTC","28000","27250","false","0","0","0","0","4","0","0","24250","0","0","4","0.0","0.0","0.0"
"21321032","38964","7019","550209","5496","2019-11-29 15:29:48 UTC","20900","669683","false","0","0","0","0","1","0","0","20900","0","0","2","0.0","0.0","0.0"
"21321034","94035","27161","482425","7119","2019-11-29 15:21:06 UTC","19900","","false","0","0","0","0","1","0","0","19900","0","0","1","0.0","0.0","0.0"
"21321035","12942","27027","527468","1072","2019-11-29 15:18:31 UTC","2500","902556","false","0","0","0","0","1","0","0","2500","0","0","1","0.0","0.0","0.0"
"21321037","41537","29363","550209","2531","2019-11-29 15:13:44 UTC","26100","448268","false","0","0","0","0","1","0","0","26100","0","0","1","0.0","0.0","0.0"
"21321038","12299","29500","541555","7934","2019-11-29 15:13:25 UTC","31700","322708","false","0","0","0","0","1","0","0","31700","0","0","1","0.0","0.0","0.0"
"21321041","12010","49679","544731","5521","2019-11-29 15:05:41 UTC","24300","368556","false","0","0","0","0","1","0","0","24300","0","0","1","0.0","0.0","0.0"
"21321042","94371","33270","498406","2126","2019-11-29 15:04:49 UTC","43800","999843","false","0","0","0","0","1","0","0","43800","0","0","1","0.0","0.0","0.0"
"21321044","82983","92391","535016","1442","2019-11-29 14:55:41 UTC","46800","88606","false","0","0","0","0","1","0","0","46800","0","0","1","0.0","0.0","0.0"
"21321046","38513","86931","535016","3232","2019-11-29 14:48:20 UTC","7200","227934","false","0","0","0","0","1","0","0","7200","0","0","1","0.0","0.0","0.0"
"21321047","35530","70213","650519","4016","2019-11-29 14:44:27 UTC","3000","377101","false","0","0","0","0","1","0","0","3000","0","0","1","0.0","0.0","0.0"
"21321049","35379","1233","498453","8560","2019-11-29 14:42:10 UTC","41300","604136","false","0","0","0","0","1","0","0","41300","0","0","1","0.0","0.0","0.0"
"21321051","79911","39367","606282","4554","2019-11-29 14:38:09 UTC","104800","219813","false","0","0","0","0","1","0","0","104800","0","0","1","0.0","0.0","0.0"
"21321053","24340","45350","544731","3288","2019-11-29 14:34:39 UTC","35900","693021","false","0","0","0","0","1","0","0","35900","0","0","10","0.0","0.0","0.0"
"21321054","54288","16913","548985","4817","2019-11-29 14:34:13 UTC","66600","789453","false","0","0","0","0","1","0","0","66600","0","0","1","0.0","0.0","0.0"
"21321055","31761","2204","410863","1406","2019-11-29 14:34:07 UTC","21500","","false","0","0","0","0","1","0","0","21500","0","0","1","0.0","0.0","0.0"
"21321058","83044","86483","544731","4004","2019-11-29 14:20:44 UTC","89800","367874","false","0","0","0","0","2","0","0","70350","0","0","2","0.0","0.0","0.0"
"21321060","48276","85199","515601","6610","2019-11-29 14:16:25 UTC","238300","457155","false","0","0","0","0","1","0","0","238300","0","0","1","0.0","0.0","0.0"
"21321061","43700","27073","550209","4207","2019-11-29 14:13:56 UTC","111200","988211","false","0","0","0","0","1","0","0","111200","0","0","1","0.0","0.0","0.0"
"21321062","13767","18611","606282","5740","2019-11-29 14:12:24 UTC","7500","794216","false","0","0","0","0","1","0","0","7500","0","0","4","0.0","0.0","0.0"
"21321065","61529","25385","512267","3121","2019-11-29 13:53:13 UTC","404300","305010","false","0","0","0","0","2","0","0","405650","0","0","2","0.0","0.0","0.0"
"21321066","80345","41684","406441","6546","2019-11-29 13:51:51 UTC","63700","387598","false","0","0","0","0","1","0","0","63700","0","0","3","0.0","0.0","0.0"
"21321068","40728","1747","530994","5538","2019-11-29 13:49:20 UTC","24200","276297","false","0","0","0","0","1","0","0","24200","0","0","1","0.0","0.0","0.0"
"21321069","57935","97417","425850","6351","2019-11-29 13:45:54 UTC","44300","655155","false","0","0","0","0","1","0","0","44300","0","0","1","0.0","0.0","0.0"
"21321072","47302","76281","550209","9471","2019-11-29 13:40:32 UTC","29100","612903","false","0","0","0","0","1","0","0","29100","0","0","1","0.0","0.0","0.0"
"21321073","65919","11880","406655","6142","2019-11-29 13:40:31 UTC","128300","","false","0","0","0","0","1","0","0","128300","0","0","4","0.0","0.0","0.0"
"21321074","88613","68255","541187","5415","2019-11-29 13:35:24 UTC","900","344991","false","0","0","0","0","1","0","0","900","0","0","1","0.0","0.0","0.0"
"21321075","15944","64595","535085","5382","2019-11-29 13:35:15 UTC","184800","553014","false","0","0","0","0","1","0","0","184800","0","0","1","0.0","0.0","0.0"
"21321079","46006","50964","455183","1740","2019-11-29 13:27:37 UTC","8000","","false","0","0","0","0","1","0","0","8000","0","0","1","0.0","0.0","0.0"
"21321080","91446","86925","506775","4224","2019-11-29 13:24:36 UTC","114600","292015","false","0","0","0","0","1","0","0","114600","0","0","9","0.0","0.0","0.33333"
"21321081","78306","51896","544315","2280","2019-11-29 13:17:13 UTC","59300","329905","false","0","0","0","0","1","0","0","59300","0","0","1","0.0","0.0","0.0"
"21323444","49205","93288","522590","3125","2019-11-05 20:53:15 UTC","25900","","false","0","0","0","1","1","0","25900","25900","2","7","68","0.0","0.0","0.0"
"21321085","85250","69528","550209","5059","2019-11-29 13:09:20 UTC","163500","535131","false","0","0","0","0","1","0","0","163500","0","0","2","0.0","0.0","0.0"
"21321087","13772","47570","407303","7684","2019-11-29 13:03:01 UTC","3800","138890","false","0","0","0","0","1","0","0","3800","0","0","8","0.0","0.0","0.0"
"21321133","4153","92034","428267","2017","2019-11-29 01:54:43 UTC","21300","322749","false","0","1","0","0","4","0","0","102175","0","0","6","0.0","0.0","0.83333"
"21321126","1308","79054","406655","7948","2019-11-29 02:52:00 UTC","201900","101848","true","0","1","0","0","17","0","0","208764","0","0","15","0.0","0.0","1.0"
"21321125","1308","79054","406655","5763","2019-11-29 02:58:04 UTC","183400","101848","true","0","1","0","0","17","0","0","208764","0","0","15","0.0","0.0","1.0"
"21321106","1308","79054","406655","5169","2019-11-29 11:40:49 UTC","225100","101848","true","0","0","0","0","17","0","0","208764","0","0","15","0.0","0.0","1.0"
"21321091","88463","99760","432032","5131","2019-11-29 12:50:00 UTC","3300","840640","false","0","0","0","0","3","0","0","15833","0","0","3","0.0","0.0","0.0"
"21321094","74499","95000","550209","8778","2019-11-29 12:27:59 UTC","1000","408559","false","0","0","0","0","1","0","0","1000","0","0","2","0.0","0.0","0.0"
"21321095","88463","99760","432032","5131","2019-11-29 12:27:52 UTC","37000","840640","false","0","0","0","0","3","0","0","15833","0","0","3","0.0","0.0","0.0"
"21321098","7626","88336","489391","2062","2019-11-29 12:00:01 UTC","68900","98591","false","0","0","0","0","1","0","0","68900","0","0","4","0.0","0.0","0.0"
"21321099","19569","62824","498442","3777","2019-11-29 11:57:24 UTC","95400","358681","false","0","0","0","0","1","0","0","95400","0","0","3","0.0","0.0","0.0"
"21321100","56451","46441","545430","1026","2019-11-29 11:52:31 UTC","48700","654595","false","0","0","0","0","1","0","0","48700","0","0","5","0.0","0.0","0.0"
"21321101","56403","15601","506775","2203","2019-11-29 11:51:40 UTC","13100","723045","false","0","0","0","0","1","0","0","13100","0","0","2","0.0","0.0","0.0"
"21321108","81115","21221","544883","4830","2019-11-29 11:31:14 UTC","189400","250278","false","0","0","0","0","1","0","0","189400","0","0","1","0.0","0.0","0.0"
"21321153","36617","79054","406655","4572","2019-11-29 00:04:17 UTC","297100","101848","true","0","1","0","0","17","0","0","208764","0","0","5","0.0","0.0","0.8"
"21321109","24340","11306","550209","4730","2019-11-29 11:19:48 UTC","39500","733023","false","0","0","0","0","1","0","0","39500","0","0","10","0.0","0.0","0.0"
"21321110","61644","35869","512682","4957","2019-11-29 10:58:07 UTC","41500","118868","false","0","0","0","0","1","0","0","41500","0","0","2","0.0","0.0","0.0"
"21321132","1308","96025","406655","5763","2019-11-29 02:02:30 UTC","290400","438940","true","0","1","0","0","14","0","0","215657","0","0","15","0.0","0.0","1.0"
"21321111","99799","54067","410863","6554","2019-11-29 10:40:15 UTC","61300","136724","false","0","0","0","0","1","0","0","61300","0","0","1","0.0","0.0","0.0"
"21321114","63016","52954","550209","9508","2019-11-29 10:21:11 UTC","29500","167152","false","0","0","0","0","1","0","0","29500","0","0","1","0.0","0.0","0.0"
"21321115","40376","83247","506775","7695","2019-11-29 10:05:18 UTC","206500","620148","false","0","0","0","0","1","0","0","206500","0","0","2","0.0","0.0","0.0"
"21321117","93050","93183","552937","8158","2019-11-29 04:06:05 UTC","33700","","false","0","1","0","0","1","0","0","33700","0","0","3","0.0","0.0","0.0"
"21321118","18795","951","498453","5842","2019-11-29 04:05:08 UTC","16100","100033","false","0","1","0","0","1","0","0","16100","0","0","1","0.0","0.0","0.0"
"21321120","38970","6467","523421","4069","2019-11-29 03:39:45 UTC","59200","528119","false","0","1","0","0","1","0","0","59200","0","0","1","0.0","0.0","0.0"
"21321123","80021","80305","516292","4309","2019-11-29 03:16:22 UTC","8800","475760","false","0","1","0","0","1","0","0","8800","0","0","1","0.0","0.0","0.0"
"21321135","6756","28839","548984","1017","2019-11-29 01:36:02 UTC","100500","600489","false","0","1","0","0","1","0","0","100500","0","0","1","0.0","0.0","0.0"
"21321130","97291","9669","606282","7221","2019-11-29 02:07:27 UTC","49000","818443","false","0","1","0","0","3","0","0","58833","0","0","7","0.0","0.0","0.57143"
"21321128","97291","9669","606282","7221","2019-11-29 02:23:37 UTC","51200","818443","false","0","1","0","0","3","0","0","58833","0","0","7","0.0","0.0","0.57143"
"21321129","1308","96025","406655","4608","2019-11-29 02:10:25 UTC","281900","438940","true","0","1","0","0","14","0","0","215657","0","0","15","0.0","0.0","1.0"
"21321138","4705","91637","406655","7631","2019-11-29 01:20:14 UTC","93000","563499","true","0","1","0","0","22","0","0","78763","0","0","22","0.0","0.0","0.86364"
"21321090","1308","79054","406655","7343","2019-11-29 12:51:17 UTC","223100","101848","true","0","0","0","0","17","0","0","208764","0","0","15","0.0","0.0","1.0"
"21321103","1308","79054","406655","7948","2019-11-29 11:49:14 UTC","218300","101848","true","0","0","0","0","17","0","0","208764","0","0","15","0.0","0.0","1.0"
"21321083","78727","68987","550209","3394","2019-11-29 13:15:43 UTC","15200","","false","0","0","0","0","1","0","0","15200","0","0","1","0.0","0.0","0.0"
"21321107","1308","96025","406655","5764","2019-11-29 11:32:14 UTC","241200","438940","true","0","0","0","0","14","0","0","215657","0","0","15","0.0","0.0","1.0"
"21321155","4705","91637","489391","6735","2019-11-29 00:01:30 UTC","82000","563499","true","0","1","0","0","22","0","0","78763","0","0","22","0.0","0.0","0.86364"
"21321121","1308","96025","406655","5764","2019-11-29 03:30:43 UTC","248600","438940","true","0","1","0","0","14","0","0","215657","0","0","15","0.0","0.0","1.0"
"21321127","1308","96025","406655","5764","2019-11-29 02:35:55 UTC","277400","438940","true","0","1","0","0","14","0","0","215657","0","0","15","0.0","0.0","1.0"
"21321143","82317","34109","498431","5995","2019-11-29 01:01:59 UTC","183100","343138","false","0","1","0","0","2","0","0","152150","0","0","2","0.0","0.0","0.0"
"21321144","60884","10576","544731","3506","2019-11-29 00:54:33 UTC","19800","574897","false","0","1","0","0","1","0","0","19800","0","0","3","0.0","0.0","0.0"
"21321145","20959","82487","606282","4460","2019-11-29 00:28:44 UTC","54800","","false","0","1","0","0","1","0","0","54800","0","0","1","0.0","0.0","0.0"
"21321150","44037","27079","530780","9381","2019-11-29 00:13:05 UTC","13900","184693","false","0","1","0","0","1","0","0","13900","0","0","1","0.0","0.0","0.0"
"21321146","704","67245","544731","1151","2019-11-29 00:19:53 UTC","101000","115003","false","0","1","0","0","5","0","0","70080","0","0","5","0.0","0.0","0.0"
"21321156","48126","92259","406669","1721","2019-11-28 23:59:44 UTC","104800","355583","true","0","0","0","0","3","0","0","104466","0","0","6","0.0","0.0","1.0"
"21321154","48126","92259","406669","1721","2019-11-29 00:01:41 UTC","101200","355583","true","0","1","0","0","3","0","0","104466","0","0","6","0.0","0.0","1.0"
"21321161","56857","86832","541187","1200","2019-11-28 23:50:39 UTC","8000","206180","false","0","0","0","0","1","0","0","8000","0","0","1","0.0","0.0","0.0"
"21321163","44229","42211","550209","5929","2019-11-28 23:45:28 UTC","19500","","false","0","0","0","0","1","0","0","19500","0","0","5","0.0","0.0","0.0"
"21321191","93881","43510","535016","1364","2019-11-28 22:11:52 UTC","28200","565557","false","0","0","0","0","1","0","0","28200","0","3","9","0.0","0.0","0.0"
"21321162","81795","17807","606282","9552","2019-11-28 23:45:49 UTC","62300","288714","true","0","0","0","0","4","0","0","56025","0","0","6","0.0","0.0","1.0"
"21321164","7960","70403","410863","8220","2019-11-28 23:42:56 UTC","109400","302098","false","0","0","0","0","1","0","0","109400","0","0","1","0.0","0.0","0.0"
"21321211","57964","57150","516230","7711","2019-11-28 21:27:47 UTC","19300","422923","false","0","0","0","0","1","0","0","19300","0","0","2","0.0","0.0","0.0"
"21321165","81795","17807","606282","9552","2019-11-28 23:41:18 UTC","51500","288714","true","0","0","0","0","4","0","0","56025","0","0","6","0.0","0.0","1.0"
"21321168","40332","50622","422100","1620","2019-11-28 23:33:53 UTC","22800","287733","false","0","0","0","0","1","0","0","22800","0","0","1","0.0","0.0","0.0"
"21321170","43410","82158","439388","3670","2019-11-28 23:30:34 UTC","166100","759878","false","0","0","0","0","1","0","0","166100","0","0","1","0.0","0.0","0.0"
"21321171","36218","68764","606282","8347","2019-11-28 23:27:02 UTC","91100","","false","0","0","0","0","1","0","0","91100","0","0","1","0.0","0.0","0.0"
"21321173","91446","69300","498453","8591","2019-11-28 23:24:04 UTC","121800","","false","0","0","0","0","1","0","0","121800","0","0","9","0.0","0.0","0.33333"
"21321176","28785","13967","527468","1845","2019-11-28 23:18:42 UTC","52500","759950","false","0","0","0","0","1","0","0","52500","0","0","3","0.0","0.0","0.0"
"21321177","42812","50599","410863","6680","2019-11-28 23:18:35 UTC","62100","434119","false","0","0","0","0","1","0","0","62100","0","0","1","0.0","0.0","0.0"
"21321196","18267","79054","406655","1129","2019-11-28 21:56:32 UTC","202200","101848","true","0","0","0","0","17","0","0","208764","0","0","7","0.0","0.0","0.85714"
"21321181","94493","45616","410715","6109","2019-11-28 22:51:41 UTC","500","924171","false","0","0","0","0","1","0","0","500","0","0","1","0.0","0.0","0.0"
"21321184","48524","93327","650519","110","2019-11-28 22:42:22 UTC","43900","538426","false","0","0","0","0","1","0","0","43900","0","0","1","0.0","0.0","0.0"
"21321185","23459","10749","470598","3400","2019-11-28 22:41:16 UTC","77300","805913","false","0","0","0","0","1","0","0","77300","0","0","1","0.0","0.0","0.0"
"21321182","82317","34109","547408","4896","2019-11-28 22:50:22 UTC","121200","343138","false","0","0","0","0","2","0","0","152150","0","0","2","0.0","0.0","0.0"
"21321186","52717","96627","523284","3998","2019-11-28 22:30:42 UTC","54400","518496","false","0","0","0","0","1","0","0","54400","0","0","1","0.0","0.0","0.0"
"21321190","80345","99168","498408","6190","2019-11-28 22:14:23 UTC","70900","13699","false","0","0","0","0","1","0","0","70900","0","0","3","0.0","0.0","0.0"
"21321188","60526","17929","606282","9429","2019-11-28 22:20:04 UTC","405500","960729","true","0","0","0","0","6","0","0","363950","0","0","6","0.0","0.0","0.33333"
"21321193","25471","3942","477250","1864","2019-11-28 22:08:43 UTC","19200","","false","0","0","0","0","1","0","0","19200","0","0","2","0.0","0.0","0.0"
"21321195","80787","55926","422005","1579","2019-11-28 21:58:33 UTC","7800","918552","false","0","0","0","0","1","0","0","7800","0","0","1","0.0","0.0","0.0"
"21321199","64167","89839","422463","5020","2019-11-28 21:47:51 UTC","17700","255778","false","0","0","0","0","1","0","0","17700","0","0","1","0.0","0.0","0.0"
"21321201","24487","2395","550209","9538","2019-11-28 21:42:36 UTC","100700","582431","false","0","0","0","0","1","0","0","100700","0","0","1","0.0","0.0","0.0"
"21321203","18267","96025","406655","2133","2019-11-28 21:37:59 UTC","202900","438940","true","0","0","0","0","14","0","0","215657","0","0","7","0.0","0.0","0.85714"
"21321204","42178","85053","544731","3736","2019-11-28 21:36:29 UTC","32100","796995","false","0","0","0","0","2","0","0","36900","0","0","15","0.0","0.0","0.0"
"21321219","5753","90148","423070","8282","2019-11-28 21:04:33 UTC","108400","246384","false","0","0","0","0","2","0","0","112650","0","0","6","0.0","0.0","0.0"
"21321216","18267","79054","406655","3462","2019-11-28 21:08:28 UTC","190700","101848","true","0","0","0","0","17","0","0","208764","0","0","7","0.0","0.0","0.85714"
"21321207","13772","26146","535081","7304","2019-11-28 21:33:33 UTC","25700","499914","false","0","0","0","0","1","0","0","25700","0","0","8","0.0","0.0","0.0"
"21321212","46609","63582","523421","3223","2019-11-28 21:22:46 UTC","133100","561984","true","0","0","0","0","1","0","0","133100","0","0","2","0.0","0.0","1.0"
"21321214","388","11038","534562","4537","2019-11-28 21:17:23 UTC","1800","799160","false","0","0","0","0","1","0","0","1800","0","0","1","0.0","0.0","0.0"
"21321174","36617","79054","406655","6347","2019-11-28 23:22:43 UTC","46900","101848","true","0","0","0","0","17","0","0","208764","0","0","5","0.0","0.0","0.8"
"21321217","52464","85649","535016","7513","2019-11-28 21:07:07 UTC","8700","173431","false","0","0","0","0","1","0","0","8700","0","0","2","0.0","0.0","0.0"
"21321180","4705","91637","406655","2189","2019-11-28 23:03:01 UTC","69100","563499","true","0","0","0","0","22","0","0","78763","0","0","22","0.0","0.0","0.86364"
"21321220","24812","32799","516292","4254","2019-11-28 20:58:16 UTC","26800","","false","0","0","0","0","1","0","0","26800","0","0","1","0.0","0.0","0.0"
"21321221","13096","93767","428267","4035","2019-11-28 20:57:51 UTC","42800","111836","true","0","0","0","0","2","0","0","201050","0","0","1","0.0","0.0","1.0"
"21321223","30365","6333","410863","6314","2019-11-28 20:50:41 UTC","7000","713292","false","0","0","0","0","1","0","0","7000","0","0","1","0.0","0.0","0.0"
"21321224","16146","54923","406168","5813","2019-11-28 20:44:56 UTC","36800","193129","false","0","0","0","0","1","0","0","36800","0","0","1","0.0","0.0","0.0"
"21321225","6495","85430","516292","6409","2019-11-28 20:42:42 UTC","33000","760415","false","0","0","0","0","1","0","0","33000","0","0","2","0.0","0.0","0.0"
"21321229","40095","44266","550209","5489","2019-11-28 20:33:32 UTC","31600","","false","0","0","0","0","1","0","0","31600","0","0","2","0.0","0.0","0.0"
"21321231","13540","63503","534540","310","2019-11-28 20:31:27 UTC","279000","287453","false","0","0","0","0","1","0","0","279000","0","0","1","0.0","0.0","0.0"
"21321232","69676","73752","415944","8730","2019-11-28 20:30:29 UTC","121600","467858","false","0","0","0","0","1","0","0","121600","0","0","1","0.0","0.0","0.0"
"21321233","38644","75932","650485","4424","2019-11-28 20:25:55 UTC","19200","","false","0","0","0","0","1","0","0","19200","0","0","1","0.0","0.0","0.0"
"21321282","17275","7695","406655","8833","2019-11-28 18:43:36 UTC","63100","223682","true","0","0","0","0","7","0","0","60742","0","0","30","0.0","0.0","0.73333"
"21321237","17275","11750","406655","8913","2019-11-28 20:16:01 UTC","58800","342890","true","0","0","0","0","31","0","0","57412","0","0","30","0.0","0.0","0.73333"
"21321271","26765","39068","552316","1775","2019-11-28 19:15:10 UTC","92200","","false","0","0","0","0","1","0","0","92200","0","4","17","0.0","0.0","0.0"
"21321240","82663","76041","458919","5580","2019-11-28 20:13:29 UTC","19200","7855","false","0","0","0","0","1","0","0","19200","0","0","1","0.0","0.0","0.0"
"21321300","95110","79747","650507","4034","2019-11-28 18:04:50 UTC","228100","776713","false","0","0","0","0","1","0","0","228100","0","0","3","0.0","0.0","0.0"
"21321241","49205","11125","523421","6070","2019-11-28 20:12:15 UTC","57000","","false","0","0","0","0","1","0","0","57000","2","7","68","0.0","0.0","0.0"
"21321242","37172","75664","522840","7805","2019-11-28 20:11:54 UTC","22500","427527","false","0","0","0","0","1","0","0","22500","0","0","1","0.0","0.0","0.0"
"21321245","3643","63298","544731","7430","2019-11-28 20:09:01 UTC","1000","631187","false","0","0","0","0","1","0","0","1000","0","0","1","0.0","0.0","0.0"
"21321248","42178","59180","498423","4050","2019-11-28 20:06:56 UTC","50800","991968","false","0","0","0","0","1","0","0","50800","0","0","15","0.0","0.0","0.0"
"21321287","98272","79054","406655","6970","2019-11-28 18:32:06 UTC","316500","101848","false","0","0","0","0","17","0","0","208764","0","0","5","0.0","0.0","0.6"
"21321251","68875","60822","515590","6277","2019-11-28 19:59:29 UTC","41400","18698","false","0","0","0","0","1","0","0","41400","0","0","1","0.0","0.0","0.0"
"21321249","18675","82361","511781","4914","2019-11-28 20:00:49 UTC","100","521096","false","0","0","0","0","2","0","0","100","0","0","3","0.0","0.0","0.0"
"21321254","65386","47350","531681","4425","2019-11-28 19:54:58 UTC","23100","863219","false","0","0","0","0","1","0","0","23100","0","0","2","0.0","0.0","0.0"
"21321253","29214","71424","490172","3386","2019-11-28 19:58:08 UTC","51100","453490","true","0","0","0","0","5","0","0","59280","0","0","10","0.0","0.0","0.9"
"21321255","95558","44280","650491","3107","2019-11-28 19:52:27 UTC","8000","743254","false","0","0","0","0","2","0","0","11550","0","1","4","0.0","0.0","0.0"
"21321270","38755","6761","552693","2902","2019-11-28 19:16:32 UTC","155000","738394","true","0","0","0","0","3","0","0","106200","0","0","5","0.0","0.0","0.6"
"21321259","27762","81955","474525","2403","2019-11-28 19:43:47 UTC","8000","265647","false","0","0","0","0","1","0","0","8000","0","0","1","0.0","0.0","0.0"
"21321260","19737","89967","544731","8289","2019-11-28 19:40:10 UTC","9500","539017","false","0","0","0","0","1","0","0","9500","0","0","1","0.0","0.0","0.0"
"21321262","63837","6099","522688","5670","2019-11-28 19:37:22 UTC","16700","486783","false","0","0","0","0","1","0","0","16700","0","0","1","0.0","0.0","0.0"
"21321263","72565","92556","435087","9569","2019-11-28 19:36:41 UTC","42100","830639","false","0","0","0","0","1","0","0","42100","0","0","2","0.0","0.0","0.0"
"21321264","25035","49378","422100","1728","2019-11-28 19:35:58 UTC","307900","52660","false","0","0","0","0","1","0","0","307900","0","0","1","0.0","0.0","0.0"
"21321266","9550","1423","516292","5077","2019-11-28 19:30:23 UTC","39100","485369","false","0","0","0","0","1","0","0","39100","0","0","1","0.0","0.0","0.0"
"21321267","56148","61419","483066","7042","2019-11-28 19:28:29 UTC","59800","404633","false","0","0","0","0","1","0","0","59800","0","0","2","0.0","0.0","0.0"
"21321269","37593","97823","550209","8293","2019-11-28 19:19:40 UTC","56600","792924","false","0","0","0","0","1","0","0","56600","0","0","1","0.0","0.0","0.0"
"21321272","35579","74974","535016","4410","2019-11-28 19:11:54 UTC","45800","70823","false","0","0","0","0","1","0","0","45800","0","0","3","0.0","0.0","0.0"
"21321273","63621","244","498442","2611","2019-11-28 19:08:12 UTC","26200","","false","0","0","0","0","1","0","0","26200","0","0","1","0.0","0.0","0.0"
"21321244","18267","79054","406655","4600","2019-11-28 20:09:09 UTC","197200","101848","false","0","0","0","0","17","0","0","208764","0","0","7","0.0","0.0","0.85714"
"21321278","49719","78247","230888","6888","2019-11-28 18:53:56 UTC","28100","272420","false","0","0","0","0","1","0","0","28100","0","0","1","0.0","0.0","0.0"
"21321279","37432","9907","550209","3159","2019-11-28 18:51:03 UTC","5200","","false","0","0","0","0","1","0","0","5200","0","0","1","0.0","0.0","0.0"
"21321281","90032","37238","550209","2761","2019-11-28 18:47:42 UTC","83000","35746","false","0","0","0","0","1","0","0","83000","0","0","8","0.0","0.0","0.0"
"21321288","32355","87435","539091","7378","2019-11-28 18:29:14 UTC","38500","964909","false","0","0","0","0","1","0","0","38500","0","0","1","0.0","0.0","0.0"
"21321289","62494","3722","606282","7146","2019-11-28 18:28:59 UTC","332500","762761","false","0","0","0","0","1","0","0","332500","0","0","1","0.0","0.0","0.0"
"21321290","37229","58148","650485","5381","2019-11-28 18:27:42 UTC","27500","292906","false","0","0","0","0","1","0","0","27500","0","0","1","0.0","0.0","0.0"
"21321292","74770","52917","550209","7196","2019-11-28 18:26:25 UTC","34200","159935","false","0","0","0","0","1","0","0","34200","0","0","2","0.0","0.0","0.0"
"21321293","93354","69285","444456","3471","2019-11-28 18:24:07 UTC","26100","160857","false","0","0","0","0","1","0","0","26100","0","0","2","0.0","0.0","0.0"
"21321286","91446","89615","444456","7890","2019-11-28 18:35:03 UTC","108500","333645","true","0","0","0","0","4","0","0","132075","0","0","9","0.0","0.0","0.33333"
"21321296","12331","84632","539083","2261","2019-11-28 18:11:16 UTC","22600","","false","0","0","0","0","1","0","0","22600","0","0","2","0.0","0.0","0.0"
"21321297","4741","54920","650531","4844","2019-11-28 18:08:34 UTC","137500","294843","false","0","0","0","0","1","0","0","137500","0","0","1","0.0","0.0","0.0"
"21321299","94438","12647","410863","9593","2019-11-28 18:04:53 UTC","51700","977203","false","0","0","0","0","1","0","0","51700","0","0","1","0.0","0.0","0.0"
"21321301","22011","73362","516292","5525","2019-11-28 18:04:35 UTC","270800","733420","false","0","0","0","0","1","0","0","270800","0","0","1","0.0","0.0","0.0"
"21321302","63945","80024","550209","4861","2019-11-28 18:04:20 UTC","3000","298061","false","0","0","0","0","1","0","0","3000","0","0","1","0.0","0.0","0.0"
"21321303","53882","36937","423072","7788","2019-11-28 18:03:48 UTC","64700","","false","0","0","0","0","1","0","0","64700","0","0","1","0.0","0.0","0.0"
"21321307","7609","13671","530599","2878","2019-11-28 17:56:09 UTC","28200","","false","0","0","0","0","1","0","0","28200","0","0","1","0.0","0.0","0.0"
"21321308","62486","87340","482425","8112","2019-11-28 17:45:30 UTC","98300","376287","false","0","0","0","0","2","0","0","49700","0","0","2","0.0","0.0","0.0"
"21321314","15275","59812","544731","3237","2019-11-28 17:41:22 UTC","25200","96259","false","0","0","0","0","1","0","0","25200","0","0","1","0.0","0.0","0.0"
"21321334","93881","77276","547874","3580","2019-11-28 16:55:53 UTC","91300","246277","false","0","0","0","0","1","0","0","91300","0","3","9","0.0","0.0","0.0"
"21321311","87698","82702","550209","9472","2019-11-28 17:44:09 UTC","27400","483855","false","0","0","0","0","1","0","0","27400","0","0","1","0.0","0.0","0.0"
"21321315","60073","96307","530599","2049","2019-11-28 17:37:16 UTC","36200","534143","false","0","0","0","0","1","0","0","36200","0","0","3","0.0","0.0","0.0"
"21321318","18493","75771","444458","3957","2019-11-28 17:30:08 UTC","408000","288748","false","0","0","0","0","1","0","0","408000","0","0","1","0.0","0.0","0.0"
"21321319","73417","85718","522688","2626","2019-11-28 17:24:42 UTC","186900","79235","false","0","0","0","0","1","0","0","186900","0","0","1","0.0","0.0","0.0"
"21321320","11829","81062","550209","1090","2019-11-28 17:24:18 UTC","100","693858","false","0","0","0","0","2","0","0","100","0","0","2","0.0","0.0","0.0"
"21321322","47759","87498","548046","2496","2019-11-28 17:23:31 UTC","140800","813110","false","0","0","0","0","1","0","0","140800","0","0","3","0.0","0.0","0.0"
"21321323","44229","54133","528392","8054","2019-11-28 17:23:04 UTC","4600","426184","false","0","0","0","0","1","0","0","4600","0","0","5","0.0","0.0","0.0"
"21321325","73205","77999","498408","5158","2019-11-28 17:21:42 UTC","325900","660508","true","0","0","0","0","1","0","0","325900","0","0","3","0.0","0.0","1.0"
"21321327","72414","67927","453211","3598","2019-11-28 17:20:02 UTC","111500","918683","false","0","0","0","0","1","0","0","111500","0","0","1","0.0","0.0","0.0"
"21321328","85435","50673","455185","1123","2019-11-28 17:16:50 UTC","46300","52417","false","0","0","0","0","1","0","0","46300","0","0","5","0.0","0.0","0.0"
"21321330","90032","29270","230650","6770","2019-11-28 17:11:33 UTC","80900","","false","0","0","0","0","1","0","0","80900","0","0","8","0.0","0.0","0.0"
"21321333","50512","27542","516292","3660","2019-11-28 17:08:14 UTC","9000","539297","false","0","0","0","0","1","0","0","9000","0","0","5","0.0","0.0","0.0"
"21321335","39477","36860","485464","7163","2019-11-28 16:54:38 UTC","266600","631777","false","0","0","0","0","1","0","0","266600","0","0","1","0.0","0.0","0.0"
"21321337","27973","18465","650516","7293","2019-11-28 16:45:00 UTC","5700","93650","false","0","0","0","0","1","0","0","5700","0","0","1","0.0","0.0","0.0"
"21321339","86086","98291","550209","5798","2019-11-28 16:43:50 UTC","27000","799720","false","0","0","0","0","1","0","0","27000","0","0","1","0.0","0.0","0.0"
"21321342","82589","3120","550209","3202","2019-11-28 16:29:39 UTC","35600","336004","false","0","0","0","0","1","0","0","35600","0","0","4","0.0","0.0","0.0"
"21321343","38410","84940","530551","5240","2019-11-28 16:26:25 UTC","400","569560","false","0","0","0","0","2","0","0","450","0","0","4","0.0","0.0","0.0"
"21321346","91","1668","406441","1400","2019-11-28 16:22:02 UTC","46600","208768","false","0","0","0","0","2","0","0","75900","0","0","2","0.0","0.0","0.0"
"21321347","15402","48918","421960","8738","2019-11-28 16:16:03 UTC","17200","958950","false","0","0","0","0","1","0","0","17200","0","0","2","0.0","0.0","0.0"
"21321340","78660","77959","432957","7262","2019-11-28 16:40:36 UTC","200","589318","false","0","0","0","0","7","0","0","200","0","0","2","0.0","0.0","0.0"
"21321352","73987","22727","520156","2050","2019-11-28 16:01:33 UTC","39000","757815","false","0","0","0","0","1","0","0","39000","0","0","1","0.0","0.0","0.0"
"21321355","92170","21166","471703","6967","2019-11-28 15:57:39 UTC","41600","258799","false","0","0","0","0","1","0","0","41600","0","0","1","0.0","0.0","0.0"
"21321356","4111","61882","550209","7156","2019-11-28 15:53:00 UTC","43600","10630","false","0","0","0","0","1","0","0","43600","0","0","1","0.0","0.0","0.0"
"21321357","42178","85267","459383","9701","2019-11-28 15:50:56 UTC","33200","735990","false","0","0","0","0","2","0","0","27150","0","0","15","0.0","0.0","0.0"
"21321358","69319","1270","650531","3084","2019-11-28 15:50:43 UTC","42300","796904","false","0","0","0","0","1","0","0","42300","0","0","3","0.0","0.0","0.0"
"21321360","29620","25445","523421","4278","2019-11-28 15:43:18 UTC","47400","291631","false","0","0","0","0","1","0","0","47400","0","0","1","0.0","0.0","0.0"
"21321349","73271","7725","546479","9950","2019-11-28 16:09:31 UTC","45100","308950","true","0","0","0","0","7","0","0","154571","0","0","10","0.0","0.0","1.0"
"21321363","46045","10378","415944","1540","2019-11-28 15:40:42 UTC","33400","17372","true","0","0","0","0","3","0","0","30233","0","0","3","0.0","0.0","0.66667"
"21321351","13202","7196","410717","9216","2019-11-28 16:06:01 UTC","2000","348396","false","0","0","0","0","2","0","0","30150","0","0","2","0.0","0.0","0.0"
"21321362","46045","10378","415944","1540","2019-11-28 15:41:40 UTC","55300","17372","true","0","0","0","0","3","0","0","30233","0","0","3","0.0","0.0","0.66667"
"21321365","17712","3314","477250","9120","2019-11-28 15:33:30 UTC","78400","668274","false","0","0","0","0","1","0","0","78400","0","1","3","0.0","0.0","0.0"
"21321368","78953","47326","544731","9634","2019-11-28 15:17:01 UTC","31900","","false","0","0","0","0","1","0","0","31900","0","0","1","0.0","0.0","0.0"
"21321370","46835","14440","650507","3037","2019-11-28 15:12:22 UTC","103500","839182","false","0","0","0","0","1","0","0","103500","0","0","1","0.0","0.0","0.0"
"21321371","91318","82864","425850","1111","2019-11-28 15:09:59 UTC","31200","964547","false","0","0","0","0","1","0","0","31200","0","0","1","0.0","0.0","0.0"
"21321372","90516","47312","527468","9685","2019-11-28 15:04:55 UTC","27600","335390","false","0","0","0","0","1","0","0","27600","0","0","1","0.0","0.0","0.0"
"21321375","73234","24071","535016","4665","2019-11-28 14:57:41 UTC","16300","686897","false","0","0","0","0","1","0","0","16300","0","0","1","0.0","0.0","0.0"
"21321376","12331","53990","550209","4523","2019-11-28 14:57:35 UTC","28600","197461","false","0","0","0","0","1","0","0","28600","0","0","2","0.0","0.0","0.0"
"21321377","14646","47923","476608","8210","2019-11-28 14:56:04 UTC","29500","444141","false","0","0","0","0","1","0","0","29500","0","2","4","0.0","0.0","0.0"
"21321378","3617","37317","516292","5402","2019-11-28 14:55:17 UTC","22100","","false","0","0","0","0","1","0","0","22100","0","0","1","0.0","0.0","0.0"
"21321383","35398","96029","547408","7049","2019-11-28 14:48:35 UTC","69700","738174","false","0","0","0","0","1","0","0","69700","0","0","1","0.0","0.0","0.0"
"21321384","37038","56249","512707","3668","2019-11-28 14:47:34 UTC","121200","926783","false","0","0","0","0","1","0","0","121200","0","0","2","0.0","0.0","0.0"
"21321385","24340","54488","516292","9639","2019-11-28 14:46:18 UTC","82500","627460","false","0","0","0","0","1","0","0","82500","0","0","10","0.0","0.0","0.0"
"21321393","91013","81047","530994","3827","2019-11-28 14:04:41 UTC","144900","894628","false","0","0","0","0","1","0","0","144900","0","1","5","0.0","0.0","0.0"
"21321449","68953","10241","533728","3581","2019-11-27 22:56:46 UTC","86700","94234","false","0","0","0","0","5","0","0","141440","0","0","6","0.0","0.0","0.16667"
"21321388","18107","79697","545430","2032","2019-11-28 14:28:31 UTC","41100","991182","false","0","0","0","0","1","0","0","41100","0","0","2","0.0","0.0","0.0"
"21321391","59566","15762","476331","2222","2019-11-28 14:09:13 UTC","56300","438988","false","0","0","0","0","1","0","0","56300","0","0","6","0.0","0.0","0.0"
"21321394","34799","26277","422005","2820","2019-11-28 14:03:41 UTC","5200","867567","false","0","0","0","0","1","0","0","5200","0","0","1","0.0","0.0","0.0"
"21321395","50512","13942","550209","5035","2019-11-28 14:00:01 UTC","13000","","false","0","0","0","0","1","0","0","13000","0","0","5","0.0","0.0","0.0"
"21321398","13453","1877","550209","8720","2019-11-28 13:46:49 UTC","28600","99435","false","0","0","0","0","1","0","0","28600","0","0","1","0.0","0.0","0.0"
"21321397","6440","35268","550209","5023","2019-11-28 13:51:54 UTC","30100","523421","false","0","0","0","0","2","0","0","82600","0","0","2","0.0","0.0","0.0"
"21321399","83294","77451","498442","2310","2019-11-28 13:46:35 UTC","124800","","false","0","0","0","0","1","0","0","124800","0","0","2","0.0","0.0","0.0"
"21321400","67598","49918","423071","5632","2019-11-28 13:45:46 UTC","69700","961638","false","0","0","0","0","1","0","0","69700","0","0","1","0.0","0.0","0.0"
"21321405","6112","67732","535081","7833","2019-11-28 13:36:19 UTC","23400","","false","0","0","0","0","1","0","0","23400","2","3","7","0.0","0.0","0.0"
"21321406","92897","89626","544731","1274","2019-11-28 13:31:25 UTC","11400","4571","false","0","0","0","0","2","0","0","12600","0","0","3","0.0","0.0","0.0"
"21321407","18044","18576","553636","2899","2019-11-28 13:30:23 UTC","86000","","false","0","0","0","0","1","0","0","86000","0","0","1","0.0","0.0","0.0"
"21321408","52663","6583","459080","3595","2019-11-28 13:27:29 UTC","99200","665113","false","0","0","0","0","1","0","0","99200","0","0","8","0.0","0.0","0.0"
"21321411","52663","163","650487","9339","2019-11-28 13:00:17 UTC","30500","71592","false","0","0","0","0","1","0","0","30500","0","0","8","0.0","0.0","0.0"
"21321413","22533","11244","516292","9784","2019-11-28 12:46:53 UTC","36600","293893","false","0","0","0","0","1","0","0","36600","0","0","6","0.0","0.0","0.0"
"21321414","85072","99523","498442","9372","2019-11-28 12:34:09 UTC","19600","931056","false","0","0","0","0","1","0","0","19600","0","0","1","0.0","0.0","0.0"
"21321415","69413","32969","544540","3297","2019-11-28 12:26:55 UTC","63700","524180","false","0","0","0","0","1","0","0","63700","0","0","2","0.0","0.0","0.0"
"21321418","16544","91446","650487","6526","2019-11-28 12:19:04 UTC","41900","","false","0","0","0","0","1","0","0","41900","0","0","1","0.0","0.0","0.0"
"21321419","29463","95445","498453","4808","2019-11-28 11:56:01 UTC","122000","944850","false","0","0","0","0","1","0","0","122000","0","0","1","0.0","0.0","0.0"
"21321420","24954","2543","606282","5164","2019-11-28 11:52:39 UTC","13100","","false","0","0","0","0","1","0","0","13100","0","0","1","0.0","0.0","0.0"
"21321425","72196","4429","544731","9829","2019-11-28 10:35:18 UTC","1000","36441","false","0","0","0","0","1","0","0","1000","0","0","1","0.0","0.0","0.0"
"21321426","42356","11065","423072","8950","2019-11-28 06:53:39 UTC","26300","698520","true","0","1","0","0","4","0","0","60625","0","0","12","0.0","0.0","0.66667"
"21321429","22905","98939","527497","1610","2019-11-28 02:51:35 UTC","30500","92232","false","0","1","0","0","1","0","0","30500","0","0","1","0.0","0.0","0.0"
"21321430","18679","95034","415944","7186","2019-11-28 02:43:14 UTC","222600","971463","false","0","1","0","0","2","0","0","132600","0","0","2","0.0","0.0","0.0"
"21321447","42356","11065","423072","8950","2019-11-27 23:25:49 UTC","33100","698520","true","0","0","0","0","4","0","0","60625","0","0","12","0.0","0.0","0.66667"
"21321387","32895","10449","506775","6851","2019-11-28 14:36:34 UTC","40700","166451","false","0","0","0","0","1","0","0","40700","0","0","3","0.0","0.0","0.0"
"21321428","18679","95034","415944","7186","2019-11-28 02:51:57 UTC","42600","971463","false","0","1","0","0","2","0","0","132600","0","0","2","0.0","0.0","0.0"
"21321432","99379","80810","425850","8355","2019-11-28 02:14:17 UTC","35800","220783","false","0","1","0","0","1","0","0","35800","0","0","11","0.0","0.0","0.0"
"21321434","21156","75782","516292","4565","2019-11-28 01:14:34 UTC","7300","527270","false","0","1","0","0","1","0","0","7300","0","0","1","0.0","0.0","0.0"
"21321436","77343","32430","516291","7973","2019-11-28 00:49:15 UTC","214400","895716","false","0","1","0","0","1","0","0","214400","0","0","1","0.0","0.0","0.0"
"21321437","76196","41351","535016","3099","2019-11-28 00:48:54 UTC","5800","583469","false","0","1","0","0","1","0","0","5800","0","0","2","0.0","0.0","0.0"
"21321438","13711","73700","425850","1595","2019-11-28 00:47:32 UTC","189600","864210","false","0","1","0","0","1","0","0","189600","0","0","1","0.0","0.0","0.0"
"21321439","41267","6939","530994","9712","2019-11-28 00:29:34 UTC","204100","154866","false","0","1","0","0","1","0","0","204100","0","0","1","0.0","0.0","0.0"
"21321444","60526","81594","552289","9890","2019-11-27 23:50:25 UTC","7000","551504","false","0","0","0","0","3","0","0","3333","0","0","6","0.0","0.0","0.33333"
"21321446","11110","34172","531681","4762","2019-11-27 23:40:09 UTC","95800","488433","false","0","0","0","0","2","0","0","66300","0","0","2","0.0","0.0","0.0"
"21321443","11110","34172","544731","370","2019-11-27 23:54:42 UTC","36800","488433","false","0","0","0","0","2","0","0","66300","0","0","2","0.0","0.0","0.0"
"21321445","23722","28805","435087","4902","2019-11-27 23:49:02 UTC","500","393762","false","0","0","0","0","1","0","0","500","0","0","3","0.0","0.0","0.66667"
"21321454","91461","74404","558763","2306","2019-11-27 22:13:53 UTC","84500","491648","false","0","0","0","0","1","0","0","84500","0","0","2","0.0","0.0","0.0"
"21321456","44927","27555","530034","8258","2019-11-27 21:54:53 UTC","102100","822562","true","0","0","0","0","4","0","0","64225","0","0","11","0.0","0.0","1.0"
"21321457","59799","44680","530034","4183","2019-11-27 21:41:50 UTC","4500","123094","false","0","0","0","0","1","0","0","4500","0","0","1","0.0","0.0","0.0"
"21321458","73922","79237","553096","5104","2019-11-27 21:18:20 UTC","244300","264379","true","0","0","0","0","1","0","0","244300","0","0","1","0.0","0.0","1.0"
"21321452","99510","71433","455187","2460","2019-11-27 22:32:42 UTC","58200","","true","0","0","0","0","3","0","0","67333","0","0","12","0.0","0.0","0.58333"
"21321453","99510","71433","455187","2460","2019-11-27 22:25:50 UTC","106800","","true","0","0","0","0","3","0","0","67333","0","0","12","0.0","0.0","0.58333"
"21321487","17275","11750","453211","8930","2019-11-27 17:11:47 UTC","46300","542535","true","0","0","0","0","31","0","0","57412","0","0","30","0.0","0.0","0.73333"
"21321465","72784","89608","550209","4649","2019-11-27 20:08:17 UTC","23200","749020","false","0","0","0","0","1","0","0","23200","0","0","1","0.0","0.0","0.0"
"21321470","89943","86411","651653","2256","2019-11-27 19:51:00 UTC","203000","597308","true","0","0","0","0","5","0","0","159460","0","0","5","0.0","0.0","1.0"
"21321472","55854","3584","544731","7164","2019-11-27 19:27:18 UTC","52900","707086","true","0","0","0","0","6","0","0","58500","0","0","11","0.0","0.0","0.81818"
"21321473","72204","39396","444456","1538","2019-11-27 19:23:13 UTC","101000","720668","false","0","0","0","0","2","0","0","143650","0","0","2","0.0","0.0","0.0"
"21321471","48784","38627","523421","2818","2019-11-27 19:46:41 UTC","2500","871682","false","0","0","0","0","1","0","0","2500","0","0","1","0.0","0.0","0.0"
"21321474","42356","76422","498408","4290","2019-11-27 19:10:10 UTC","54900","374474","true","0","0","0","0","2","0","0","50050","0","0","12","0.0","0.0","0.66667"
"21321477","55854","3584","544731","8585","2019-11-27 18:30:37 UTC","45200","707086","false","0","0","0","0","6","0","0","58500","0","0","11","0.0","0.0","0.81818"
"21321478","69117","93546","523421","7052","2019-11-27 18:24:21 UTC","1000","120914","false","0","0","0","0","1","0","0","1000","0","0","1","0.0","0.0","0.0"
"21321480","14834","86213","482425","1128","2019-11-27 17:50:18 UTC","35100","783171","false","0","0","0","0","1","0","0","35100","0","0","2","0.0","0.0","0.0"
"21321464","40051","89139","526863","2987","2019-11-27 20:13:51 UTC","39300","353603","false","0","0","0","0","1","0","0","39300","0","0","3","0.0","0.0","0.0"
"21321481","60526","70648","552289","4911","2019-11-27 17:47:29 UTC","8000","","false","0","0","0","0","1","0","0","8000","0","0","6","0.0","0.0","0.33333"
"21321484","62788","42107","535081","2182","2019-11-27 17:32:39 UTC","75200","168612","false","0","0","0","0","1","0","0","75200","0","0","2","0.0","0.0","0.0"
"21321489","92897","16502","535016","3858","2019-11-27 16:54:51 UTC","20900","654925","false","0","0","0","0","1","0","0","20900","0","0","3","0.0","0.0","0.0"
"21321491","36146","54468","415944","9300","2019-11-27 16:41:18 UTC","21900","234914","false","0","0","0","0","1","0","0","21900","0","0","1","0.0","0.0","0.0"
"21321467","55854","3584","544731","7164","2019-11-27 19:56:17 UTC","97100","707086","true","0","0","0","0","6","0","0","58500","0","0","11","0.0","0.0","0.81818"
"21321492","55854","37113","543882","5366","2019-11-27 16:40:39 UTC","53000","386429","true","0","0","0","0","2","0","0","39150","0","0","11","0.0","0.0","0.81818"
"21321494","4705","91637","515590","4661","2019-11-27 15:56:20 UTC","78700","563499","true","0","0","0","0","22","0","0","78763","0","0","22","0.0","0.0","0.86364"
"21321493","69480","50360","650494","8114","2019-11-27 16:36:08 UTC","98800","","false","0","0","0","0","1","0","0","98800","0","0","1","0.0","0.0","0.0"
"21321495","76926","36857","530033","4524","2019-11-27 15:56:17 UTC","33700","","false","0","0","0","0","1","0","0","33700","0","0","1","0.0","0.0","0.0"
"21321497","30032","54212","528392","7224","2019-11-27 15:44:47 UTC","160400","512908","false","0","0","0","0","1","0","0","160400","0","0","1","0.0","0.0","0.0"
"21321500","86075","23723","485464","8054","2019-11-27 15:18:54 UTC","175900","689172","false","0","0","0","0","2","0","0","132400","0","0","2","0.0","0.0","0.0"
"21321501","55854","53850","527468","1757","2019-11-27 14:52:55 UTC","27800","20098","true","0","0","0","0","3","0","0","40666","0","0","11","0.0","0.0","0.81818"
"21321533","4705","91637","554906","8297","2019-11-26 22:50:59 UTC","141600","563499","true","0","0","0","0","22","0","0","78763","0","0","22","0.0","0.0","0.86364"
"21321504","12745","46680","553636","4510","2019-11-27 14:46:18 UTC","375900","","false","0","0","0","0","1","0","0","375900","0","0","2","0.0","0.0","0.5"
"21321502","55854","53850","527468","1757","2019-11-27 14:52:06 UTC","47100","20098","true","0","0","0","0","3","0","0","40666","0","0","11","0.0","0.0","0.81818"
"21321508","7580","13111","404024","7953","2019-11-27 13:47:04 UTC","193700","","false","0","0","0","0","1","0","0","193700","0","0","2","0.0","0.0","0.0"
"21321509","54860","1759","498406","4314","2019-11-27 13:32:34 UTC","385900","289109","false","0","0","0","0","1","0","0","385900","0","0","1","0.0","0.0","0.0"
"21321510","65041","10714","406669","8309","2019-11-27 12:50:02 UTC","500","576136","false","0","0","0","0","1","0","0","500","0","0","1","0.0","0.0","0.0"
"21321513","91223","42450","458919","2687","2019-11-27 11:09:13 UTC","38800","","false","0","0","0","0","1","0","0","38800","0","0","1","0.0","0.0","0.0"
"21321514","7519","88558","544731","8803","2019-11-27 10:37:22 UTC","9000","787513","false","0","0","0","0","1","0","0","9000","0","0","1","0.0","0.0","0.0"
"21321528","60526","81594","415275","1300","2019-11-26 23:22:20 UTC","2000","551504","false","0","0","0","0","3","0","0","3333","0","0","6","0.0","0.0","0.33333"
"21321516","7246","52460","520405","3303","2019-11-27 01:42:37 UTC","16800","151324","false","0","1","0","0","1","0","0","16800","0","0","5","0.0","0.0","0.0"
"21321518","86645","55009","511781","2921","2019-11-27 01:09:15 UTC","6100","","false","0","1","0","0","1","0","0","6100","0","0","1","0.0","0.0","0.0"
"21321520","42356","16862","530994","6025","2019-11-27 00:26:27 UTC","17300","495100","true","0","1","0","0","2","0","0","15000","0","0","12","0.0","0.0","0.66667"
"21321521","50512","76313","550209","8550","2019-11-27 00:24:59 UTC","26200","","false","0","1","0","0","1","0","0","26200","0","0","5","0.0","0.0","0.0"
"21321522","80282","7117","410863","8256","2019-11-27 00:22:27 UTC","7000","84761","false","0","1","0","0","1","0","0","7000","0","0","1","0.0","0.0","0.0"
"21321526","77212","53987","230650","7506","2019-11-26 23:46:59 UTC","8000","","false","0","0","0","0","1","0","0","8000","0","0","1","0.0","0.0","0.0"
"21321527","79326","81247","606282","2926","2019-11-26 23:26:13 UTC","32700","168654","false","0","0","0","0","1","0","0","32700","0","0","2","0.0","0.0","0.0"
"21321529","89514","21398","464299","4255","2019-11-26 23:18:35 UTC","26100","480243","false","0","0","0","0","1","0","0","26100","0","0","3","0.0","0.0","0.0"
"21321530","10297","30207","606282","6005","2019-11-26 23:16:36 UTC","24100","198846","false","0","0","0","0","1","0","0","24100","0","0","2","0.0","0.0","0.0"
"21321535","61211","83560","515590","9559","2019-11-26 22:40:47 UTC","37300","616063","false","0","0","0","0","1","0","0","37300","0","0","2","0.0","0.0","0.0"
"21321536","54363","81384","523421","3890","2019-11-26 22:34:16 UTC","3900","872687","false","0","0","0","0","1","0","0","3900","0","0","1","0.0","0.0","0.0"
"21321537","35601","52488","544731","7660","2019-11-26 21:54:45 UTC","17800","801011","false","0","0","0","0","1","0","0","17800","0","0","4","0.0","0.0","0.0"
"21321543","13827","54243","523421","1419","2019-11-26 21:22:26 UTC","34600","","false","0","0","0","0","1","0","0","34600","0","0","2","0.0","0.0","0.0"
"21321544","26981","63952","535081","8641","2019-11-26 21:20:29 UTC","21700","967812","false","0","0","0","0","3","0","0","26266","1","6","12","0.0","0.0","0.0"
"21321563","91352","93767","428267","4035","2019-11-26 17:38:20 UTC","359300","111836","true","0","0","0","0","2","0","0","201050","0","0","1","0.0","0.0","1.0"
"21321545","10554","79892","535081","4981","2019-11-26 21:08:29 UTC","8900","664706","false","0","0","0","0","1","0","0","8900","0","0","2","0.0","0.0","0.0"
"21321547","91972","24644","650486","2500","2019-11-26 20:22:41 UTC","407200","977260","true","0","0","0","0","2","0","0","210400","0","6","14","0.0","0.83333","0.78571"
"21321550","89514","57206","418053","300","2019-11-26 20:16:41 UTC","30000","298455","false","0","0","0","0","1","0","0","30000","0","0","3","0.0","0.0","0.0"
"21321551","74119","42312","550209","7193","2019-11-26 19:53:20 UTC","25200","","false","0","0","0","0","1","0","0","25200","0","0","1","0.0","0.0","0.0"
"21321552","77130","42677","498442","3045","2019-11-26 19:41:25 UTC","1000","731521","false","0","0","0","4","5","0","15600","12680","10","13","14","1.0","1.0","0.92857"
"21321554","92089","98169","527497","6253","2019-11-26 18:54:43 UTC","59700","183019","false","0","0","0","0","1","0","0","59700","0","0","8","0.0","0.0","0.0"
"21321556","3787","43328","485464","8740","2019-11-26 18:21:31 UTC","20000","968887","false","0","0","0","0","1","0","0","20000","0","0","1","0.0","0.0","0.0"
"21321557","61382","46249","400497","1879","2019-11-26 18:09:09 UTC","1100","82526","false","0","0","0","0","1","0","0","1100","0","0","1","0.0","0.0","0.0"
"21321559","81250","84435","530780","8976","2019-11-26 17:52:32 UTC","39200","813144","false","0","0","0","0","1","0","0","39200","0","0","1","0.0","0.0","0.0"
"21321562","15227","86620","444456","8170","2019-11-26 17:46:17 UTC","183400","47609","false","0","0","0","0","1","0","0","183400","0","0","1","0.0","0.0","0.0"
"21321564","46700","66635","520132","9567","2019-11-26 17:35:58 UTC","2700","652002","false","0","0","0","0","1","0","0","2700","0","0","3","0.0","0.0","0.0"
"21321565","9363","8979","544731","1754","2019-11-26 17:28:23 UTC","39400","546303","false","0","0","0","0","1","0","0","39400","0","0","3","0.0","0.0","0.0"
"21321566","7899","57434","516292","3418","2019-11-26 17:24:23 UTC","31900","811052","false","0","0","0","0","1","0","0","31900","0","0","1","0.0","0.0","0.0"
"21321570","78683","86400","409602","2923","2019-11-26 17:05:42 UTC","20600","789075","false","0","0","0","0","1","0","0","20600","0","0","1","0.0","0.0","0.0"
"21321540","59566","52716","650485","6471","2019-11-26 21:38:30 UTC","21400","487717","false","0","0","0","0","1","0","0","21400","0","0","6","0.0","0.0","0.0"
"21321573","78379","2810","550209","7115","2019-11-26 16:42:08 UTC","9500","","false","0","0","0","0","1","0","0","9500","0","0","2","0.0","0.0","0.0"
"21321572","11202","88625","427167","6030","2019-11-26 17:02:57 UTC","8000","917833","false","0","0","0","0","2","0","0","8000","0","0","2","0.0","0.0","0.0"
"21321575","94198","4744","422061","5068","2019-11-26 16:28:28 UTC","63600","362646","true","0","0","0","0","1","0","0","63600","0","0","2","0.0","0.0","0.5"
"21321578","72751","11651","476331","3122","2019-11-26 16:25:23 UTC","7500","","false","0","0","0","0","1","0","0","7500","0","0","3","0.0","0.0","0.0"
"21321579","95558","70198","472280","3538","2019-11-26 16:23:40 UTC","15800","600270","false","0","0","0","0","2","0","0","18550","0","1","4","0.0","0.0","0.0"
"21321580","22605","82700","455181","6154","2019-11-26 16:17:47 UTC","30500","699676","false","0","0","0","0","1","0","0","30500","0","0","4","0.0","0.0","0.0"
"21321583","99030","69890","453211","4036","2019-11-26 16:12:18 UTC","91200","219173","false","0","0","0","0","1","0","0","91200","0","0","1","0.0","0.0","0.0"
"21321542","4705","91637","554906","5829","2019-11-26 21:28:54 UTC","55000","563499","false","0","0","0","0","22","0","0","78763","0","0","22","0.0","0.0","0.86364"
"21321584","53501","14213","650907","3932","2019-11-26 16:11:29 UTC","40500","796269","false","0","0","0","0","1","0","0","40500","0","0","1","0.0","0.0","0.0"
"21321586","79547","28081","550209","6460","2019-11-26 16:08:23 UTC","75400","990094","false","0","0","0","0","1","0","0","75400","0","0","2","0.0","0.0","0.0"
"21321588","6495","61610","550209","4370","2019-11-26 15:59:17 UTC","45700","359440","false","0","0","0","0","1","0","0","45700","0","0","2","0.0","0.0","0.0"
"21321591","93354","62974","410863","5711","2019-11-26 15:46:14 UTC","14400","402744","false","0","0","0","0","1","0","0","14400","0","0","2","0.0","0.0","0.0"
"21321592","33605","37202","515590","9733","2019-11-26 15:43:27 UTC","88500","401706","false","0","0","0","0","1","0","0","88500","0","0","1","0.0","0.0","0.0"
"21321593","94198","2503","539090","8745","2019-11-26 15:33:45 UTC","25200","755238","false","0","0","0","0","1","0","0","25200","0","0","2","0.0","0.0","0.5"
"21321594","34597","16531","516292","5815","2019-11-26 15:26:36 UTC","7500","694882","false","0","0","0","0","1","0","0","7500","0","0","5","0.0","0.0","0.0"
"21321598","34376","55405","535016","3477","2019-11-26 15:02:36 UTC","3000","54799","false","0","0","0","0","1","0","0","3000","0","0","2","0.0","0.0","0.0"
"21321599","82594","4042","531681","5332","2019-11-26 15:00:18 UTC","199000","933140","false","0","0","0","0","1","0","0","199000","0","0","1","0.0","0.0","0.0"
"21321600","22855","22494","548723","7449","2019-11-26 14:55:41 UTC","322200","764133","false","0","0","0","0","1","0","0","322200","0","0","1","0.0","0.0","0.0"
"21321601","61481","47677","536380","1133","2019-11-26 14:48:25 UTC","7200","664182","false","0","0","0","0","1","0","0","7200","0","0","1","0.0","0.0","0.0"
"21321604","28647","33764","533516","7027","2019-11-26 14:34:01 UTC","112500","619902","false","0","0","0","0","1","0","0","112500","0","1","3","0.0","0.0","0.0"
"21321605","81420","44835","544731","4083","2019-11-26 14:27:28 UTC","151800","20574","false","0","0","0","0","1","0","0","151800","0","0","1","0.0","0.0","0.0"
"21321607","79010","62394","650485","2695","2019-11-26 14:21:59 UTC","4000","524138","false","0","0","0","0","1","0","0","4000","0","0","1","0.0","0.0","0.0"
"21321608","32213","95146","550209","5404","2019-11-26 14:16:03 UTC","20800","764971","false","0","0","0","0","1","0","0","20800","0","0","2","0.0","0.0","0.0"
"21321611","79503","54123","404024","5330","2019-11-26 14:00:34 UTC","93300","305183","false","0","0","0","0","1","0","0","93300","0","0","1","0.0","0.0","0.0"
"21321612","19444","17160","516292","3150","2019-11-26 13:59:40 UTC","28200","","false","0","0","0","0","1","0","0","28200","0","0","1","0.0","0.0","0.0"
"21321613","33044","64451","410425","5799","2019-11-26 13:49:40 UTC","27800","20419","false","0","0","0","0","1","0","0","27800","0","0","3","0.0","0.0","0.0"
"21321618","69319","60985","459313","6710","2019-11-26 13:20:36 UTC","8700","391803","false","0","0","0","0","1","0","0","8700","0","0","3","0.0","0.0","0.0"
"21321617","85137","15629","489399","1303","2019-11-26 13:21:21 UTC","62500","710257","false","0","0","0","0","2","0","0","166300","0","0","3","0.0","0.0","0.0"
"21321619","84887","31746","458919","8306","2019-11-26 13:15:14 UTC","48800","","false","0","0","0","0","1","0","0","48800","0","0","1","0.0","0.0","0.0"
"21321620","63705","25167","550209","5156","2019-11-26 13:11:30 UTC","70900","99526","false","0","0","0","0","1","0","0","70900","0","0","2","0.0","0.0","0.0"
"21321624","92029","73271","470598","4390","2019-11-26 12:48:41 UTC","87800","135148","false","0","0","0","0","1","0","0","87800","0","0","5","0.0","0.0","0.0"
"21321625","92417","43689","498423","4145","2019-11-26 12:38:43 UTC","42400","794267","false","0","0","0","0","1","0","0","42400","0","0","1","0.0","0.0","0.0"
"21321626","28798","51397","459360","4616","2019-11-26 12:30:21 UTC","28600","","false","0","0","0","0","1","0","0","28600","0","0","1","0.0","0.0","0.0"
"21321627","33158","65049","498453","6769","2019-11-26 11:54:01 UTC","16300","802447","false","0","0","0","0","1","0","0","16300","0","0","1","0.0","0.0","0.0"
"21321630","33192","34548","530780","7628","2019-11-26 11:34:02 UTC","63300","203134","false","0","0","0","0","6","0","0","31466","1","3","9","0.0","0.0","0.0"
"21321631","91291","10330","423153","6477","2019-11-26 11:23:15 UTC","52100","555340","false","0","0","0","0","1","0","0","52100","0","0","1","0.0","0.0","0.0"
"21321632","38755","80385","523421","4903","2019-11-26 10:42:23 UTC","37000","423309","false","0","0","0","0","1","0","0","37000","0","0","5","0.0","0.0","0.6"
"21321634","9222","38299","435087","1966","2019-11-26 03:07:08 UTC","22100","33960","false","0","1","0","0","1","0","0","22100","0","0","1","0.0","0.0","0.0"
"21321637","51381","60680","554463","8111","2019-11-26 00:42:07 UTC","44900","132118","false","0","1","0","0","1","0","0","44900","0","0","1","0.0","0.0","0.0"
"21321638","50504","70698","483066","200","2019-11-26 00:32:34 UTC","75700","379459","false","0","1","0","0","1","0","0","75700","0","0","1","0.0","0.0","0.0"
"21321639","80849","26386","544731","2747","2019-11-26 00:20:27 UTC","47500","886591","false","0","1","0","0","1","0","0","47500","0","0","1","0.0","0.0","0.0"
"21321640","88252","59888","528392","1875","2019-11-26 00:06:50 UTC","64900","105940","false","0","1","0","0","1","0","0","64900","0","0","2","0.0","0.0","0.0"
"21321644","11858","84686","534540","9028","2019-11-25 22:57:38 UTC","190200","","false","0","0","0","0","1","0","0","190200","0","0","1","0.0","0.0","0.0"
"21321645","6317","37427","550209","8821","2019-11-25 22:34:18 UTC","98100","393031","false","0","0","0","0","1","0","0","98100","0","0","1","0.0","0.0","0.0"
"21321646","5832","32678","422061","8498","2019-11-25 22:34:05 UTC","344900","409736","false","0","0","0","0","1","0","0","344900","0","0","2","0.0","0.0","0.0"
"21321647","6880","3681","606282","2100","2019-11-25 22:08:34 UTC","8900","105091","false","0","0","0","0","1","0","0","8900","0","0","2","0.0","0.0","0.0"
"21321650","15064","69032","650495","3108","2019-11-25 21:22:30 UTC","71500","115983","false","0","0","0","0","1","0","0","71500","0","0","4","0.0","0.0","0.0"
"21321651","91707","64645","535016","8983","2019-11-25 20:49:12 UTC","3000","785436","false","0","0","0","0","1","0","0","3000","0","0","2","0.0","0.0","0.0"
"21321653","38964","99948","428267","3039","2019-11-25 19:29:58 UTC","18400","222976","false","0","0","0","0","1","0","0","18400","0","0","2","0.0","0.0","0.0"
"21321656","20663","83722","606282","5785","2019-11-25 17:56:09 UTC","104700","978084","true","0","0","0","0","6","0","0","67550","0","0","6","0.0","0.0","0.66667"
"21321655","75502","25426","418048","9125","2019-11-25 18:31:18 UTC","53400","759142","false","0","0","0","0","1","0","0","53400","0","0","1","0.0","0.0","0.0"
"21321660","20663","83722","606282","5785","2019-11-25 17:02:34 UTC","108300","978084","true","0","0","0","0","6","0","0","67550","0","0","6","0.0","0.0","0.66667"
"21321658","65330","78262","553636","6300","2019-11-25 17:30:49 UTC","405800","547440","true","0","0","0","0","13","0","0","301453","0","0","10","0.0","0.0","0.8"
"21321657","59875","78262","553636","6300","2019-11-25 17:42:16 UTC","108200","547440","true","0","0","0","0","13","0","0","301453","0","0","3","0.0","0.0","1.0"
"21321659","61211","38480","650485","3002","2019-11-25 17:17:38 UTC","7000","123449","false","0","0","0","0","1","0","0","7000","0","0","2","0.0","0.0","0.0"
"21321674","59875","78262","553636","6301","2019-11-25 13:31:33 UTC","106800","547440","true","0","0","0","0","13","0","0","301453","0","0","3","0.0","0.0","1.0"
"21321661","40406","97678","550209","7060","2019-11-25 16:48:09 UTC","2500","983219","false","0","0","0","0","1","0","0","2500","0","0","1","0.0","0.0","0.0"
"21321664","85528","4893","506741","1248","2019-11-25 15:59:32 UTC","140700","320310","false","0","0","0","0","1","0","0","140700","0","0","1","0.0","0.0","0.0"
"21321665","68998","83670","458919","7354","2019-11-25 15:56:39 UTC","15600","379868","false","0","0","0","0","2","0","0","27800","0","1","6","0.0","0.0","0.0"
"21321668","90440","70589","530994","3489","2019-11-25 14:44:53 UTC","18500","438329","false","0","0","0","0","1","0","0","18500","0","0","1","0.0","0.0","0.0"
"21321669","84947","22844","422100","2775","2019-11-25 14:06:05 UTC","86100","562906","false","0","0","0","0","1","0","0","86100","0","0","2","0.0","0.0","0.0"
"21321677","68565","15293","523421","5698","2019-11-25 12:03:48 UTC","6900","64410","false","0","0","0","0","1","0","0","6900","0","0","1","0.0","0.0","0.0"
"21321679","56564","37169","485464","1604","2019-11-25 11:27:09 UTC","7200","","false","0","0","0","0","1","0","0","7200","0","0","1","0.0","0.0","0.0"
"21321680","75874","8615","230888","6113","2019-11-25 09:42:49 UTC","39000","572190","false","0","0","0","0","1","0","0","39000","0","0","1","0.0","0.0","0.0"
"21321683","92980","32229","525663","8672","2019-11-25 02:28:59 UTC","43000","284453","false","0","1","0","0","1","0","0","43000","0","0","1","0.0","0.0","0.0"
"21321684","41548","46359","550209","4543","2019-11-25 02:26:14 UTC","48000","522625","false","0","1","0","0","1","0","0","48000","0","0","1","0.0","0.0","0.0"
"21321670","17275","11750","406655","2518","2019-11-25 13:54:52 UTC","58000","542535","true","0","0","0","0","31","0","0","57412","0","0","30","0.0","0.0","0.73333"
"21321686","63000","3039","550209","9285","2019-11-25 01:31:49 UTC","16600","926262","false","0","1","0","0","1","0","0","16600","0","0","1","0.0","0.0","0.0"
"21321688","4869","43454","458919","2417","2019-11-25 00:04:17 UTC","70400","607165","false","0","1","0","0","1","0","0","70400","0","0","1","0.0","0.0","0.0"
"21321676","17275","11750","453211","8383","2019-11-25 12:51:42 UTC","40500","670695","true","0","0","0","0","31","0","0","57412","0","0","30","0.0","0.0","0.73333"
"21321713","17275","11750","655003","5214","2019-11-24 21:09:30 UTC","1000","183458","false","1","0","0","0","31","0","0","57412","0","0","30","0.0","0.0","0.73333"
"21321694","29830","55400","550209","3145","2019-11-24 22:43:05 UTC","25200","113770","false","1","0","0","0","1","0","0","25200","0","0","1","0.0","0.0","0.0"
"21321695","23720","79901","544731","9403","2019-11-24 22:42:27 UTC","20900","685259","false","1","0","0","0","1","0","0","20900","0","0","2","0.0","0.0","0.0"
"21321696","62788","66724","514868","7823","2019-11-24 22:18:43 UTC","171800","701235","false","1","0","0","0","1","0","0","171800","0","0","2","0.0","0.0","0.0"
"21321698","47304","99692","516292","2831","2019-11-24 22:07:04 UTC","24800","566004","false","1","0","0","0","1","0","0","24800","0","0","1","0.0","0.0","0.0"
"21321700","81038","73751","550209","4811","2019-11-24 21:55:12 UTC","1500","247489","false","1","0","0","0","1","0","0","1500","0","0","1","0.0","0.0","0.0"
"21321701","26403","48310","428267","7027","2019-11-24 21:53:47 UTC","75400","645708","false","1","0","0","0","1","0","0","75400","0","0","1","0.0","0.0","0.0"
"21321702","85926","1811","550209","4050","2019-11-24 21:50:25 UTC","28900","","false","1","0","0","0","1","0","0","28900","0","0","1","0.0","0.0","0.0"
"21321705","59033","61443","550209","2928","2019-11-24 21:40:44 UTC","32700","450126","false","1","0","0","0","1","0","0","32700","0","0","1","0.0","0.0","0.0"
"21321707","98542","29990","550209","2959","2019-11-24 21:38:00 UTC","7000","","false","1","0","0","0","1","0","0","7000","0","0","4","0.0","0.0","0.0"
"21321708","10703","61575","478309","7966","2019-11-24 21:35:02 UTC","36600","101818","false","1","0","0","0","1","0","0","36600","0","0","1","0.0","0.0","0.0"
"21321711","11471","42458","426684","5819","2019-11-24 21:16:09 UTC","301500","","false","1","0","0","0","1","0","0","301500","0","0","1","0.0","0.0","0.0"
"21321714","14427","91811","536518","7109","2019-11-24 21:08:13 UTC","17600","436881","false","1","0","0","0","1","0","0","17600","0","0","2","0.0","0.0","0.0"
"21321709","44927","27555","530034","8258","2019-11-24 21:22:52 UTC","62900","822562","true","1","0","0","0","4","0","0","64225","0","0","11","0.0","0.0","1.0"
"21321716","70454","10033","458919","3745","2019-11-24 21:04:33 UTC","9400","705529","false","1","0","0","0","1","0","0","9400","0","1","5","0.0","0.0","0.0"
"21321717","60813","95448","459080","6470","2019-11-24 21:01:34 UTC","103800","298907","false","1","0","0","0","1","0","0","103800","0","0","1","0.0","0.0","0.0"
"21321726","11829","81062","550209","1090","2019-11-24 20:37:18 UTC","100","693858","false","1","0","0","0","2","0","0","100","0","0","2","0.0","0.0","0.0"
"21321722","77988","82357","544731","9790","2019-11-24 20:50:25 UTC","7000","117012","false","1","0","0","0","1","0","0","7000","0","0","1","0.0","0.0","0.0"
"21321723","29904","5203","549167","2767","2019-11-24 20:50:22 UTC","252600","","false","1","0","0","0","1","0","0","252600","0","0","1","0.0","0.0","0.0"
"21321724","89514","64483","536380","7128","2019-11-24 20:45:44 UTC","7000","745494","false","1","0","0","0","1","0","0","7000","0","0","3","0.0","0.0","0.0"
"21321718","44927","27555","530034","8258","2019-11-24 20:57:59 UTC","71700","822562","true","1","0","0","0","4","0","0","64225","0","0","11","0.0","0.0","1.0"
"21321728","51575","80159","412177","1650","2019-11-24 20:36:14 UTC","25800","863259","false","1","0","0","0","1","0","0","25800","0","0","3","0.0","0.0","0.0"
"21321729","52378","34150","543882","5406","2019-11-24 20:35:54 UTC","36800","393761","false","1","0","0","0","1","0","0","36800","0","1","5","0.0","0.0","0.0"
"21321730","88500","18435","548721","1122","2019-11-24 20:35:51 UTC","9900","986472","false","1","0","0","0","1","0","0","9900","0","0","4","0.0","0.0","0.0"
"21321734","36311","1526","544731","8087","2019-11-24 01:08:18 UTC","42600","718934","false","1","1","0","0","1","0","0","42600","0","0","1","0.0","0.0","0.0"
"21321754","60526","81594","525664","5414","2019-11-23 23:51:08 UTC","1000","401436","false","1","0","0","0","3","0","0","3333","0","0","6","0.0","0.0","0.33333"
"21321737","21761","73411","516292","8761","2019-11-24 00:57:20 UTC","79100","489387","false","1","1","0","0","1","0","0","79100","0","0","1","0.0","0.0","0.0"
"21321738","94544","59201","552637","1140","2019-11-24 00:57:11 UTC","60600","594277","false","1","1","0","0","1","0","0","60600","0","0","3","0.0","0.0","0.0"
"21321739","2895","82408","498453","1451","2019-11-24 00:56:02 UTC","1000","680743","false","1","1","0","0","1","0","0","1000","0","0","1","0.0","0.0","0.0"
"21321740","21223","66642","525320","7455","2019-11-24 00:55:57 UTC","44100","112311","false","1","1","0","0","1","0","0","44100","0","0","1","0.0","0.0","0.0"
"21321743","95577","41872","459007","2313","2019-11-24 00:39:25 UTC","17600","613441","false","1","1","0","0","1","0","0","17600","0","0","1","0.0","0.0","0.0"
"21321744","98272","75508","539090","8860","2019-11-24 00:37:22 UTC","1000","450287","false","1","1","0","0","1","0","0","1000","0","0","5","0.0","0.0","0.6"
"21321745","89934","6220","550209","5078","2019-11-24 00:36:51 UTC","200","547465","false","1","1","0","0","1","0","0","200","0","0","1","0.0","0.0","0.0"
"21321746","10297","67698","535016","6776","2019-11-24 00:34:49 UTC","8500","15182","false","1","1","0","0","1","0","0","8500","0","0","2","0.0","0.0","0.0"
"21321749","5285","55850","482425","1113","2019-11-23 23:59:19 UTC","18000","299859","false","1","0","0","0","1","0","0","18000","0","0","1","0.0","0.0","0.0"
"21321751","84985","85145","439388","3979","2019-11-23 23:56:12 UTC","54100","","false","1","0","0","0","1","0","0","54100","0","1","2","0.0","0.0","0.0"
"21321752","92089","68740","520132","4540","2019-11-23 23:56:10 UTC","62000","699313","false","1","0","0","0","1","0","0","62000","0","0","8","0.0","0.0","0.0"
"21321753","49205","58308","651653","210","2019-11-23 23:52:56 UTC","57500","","false","1","0","0","0","1","0","0","57500","2","7","68","0.0","0.0","0.0"
"21321757","65241","57127","530049","7829","2019-11-23 23:44:58 UTC","203300","694359","true","1","0","0","0","1","0","0","203300","0","0","3","0.0","0.0","1.0"
"21321758","49205","6627","522688","6700","2019-11-23 23:44:53 UTC","32900","","false","1","0","0","0","1","0","0","32900","2","7","68","0.0","0.0","0.0"
"21321759","55379","98010","512707","4237","2019-11-23 23:43:50 UTC","88900","835206","false","1","0","0","0","1","0","0","88900","0","0","1","0.0","0.0","0.0"
"21321763","57885","57787","404024","5804","2019-11-23 23:32:05 UTC","45200","955191","false","1","0","0","0","1","0","0","45200","0","0","1","0.0","0.0","0.0"
"21321764","49205","16429","498408","4193","2019-11-23 23:27:35 UTC","20100","","false","1","0","0","0","1","0","0","20100","2","7","68","0.0","0.0","0.0"
"21321765","9649","41438","544731","6379","2019-11-23 23:18:04 UTC","30200","985028","false","1","0","0","0","1","0","0","30200","0","0","1","0.0","0.0","0.0"
"21321796","17275","11750","498401","1451","2019-11-23 21:08:28 UTC","61900","542535","true","1","0","0","0","31","0","0","57412","0","0","30","0.0","0.0","0.73333"
"21321830","93881","72962","550209","8511","2019-11-23 19:53:33 UTC","57600","337977","false","1","0","0","0","1","0","0","57600","0","3","9","0.0","0.0","0.0"
"21321771","64979","33262","485464","4912","2019-11-23 22:39:38 UTC","77500","713079","false","1","0","0","0","1","0","0","77500","0","0","1","0.0","0.0","0.0"
"21321772","80920","98111","512267","2134","2019-11-23 22:35:04 UTC","48200","67511","false","1","0","0","0","1","0","0","48200","0","0","1","0.0","0.0","0.0"
"21321773","48732","74686","550209","7047","2019-11-23 22:31:15 UTC","1000","115836","false","1","0","0","0","1","0","0","1000","0","0","1","0.0","0.0","0.0"
"21321774","14744","51776","412177","1360","2019-11-23 22:18:11 UTC","50300","635529","false","1","0","0","0","1","0","0","50300","0","0","1","0.0","0.0","0.0"
"21321779","341","45904","459383","9544","2019-11-23 22:04:37 UTC","381600","400593","false","1","0","0","0","1","0","0","381600","0","0","2","0.0","0.0","0.0"
"21321829","89943","86411","651653","2256","2019-11-23 19:54:02 UTC","195200","597308","true","1","0","0","0","5","0","0","159460","0","0","5","0.0","0.0","1.0"
"21321780","69713","59064","425850","7352","2019-11-23 22:03:55 UTC","9000","498650","false","1","0","0","0","1","0","0","9000","0","0","1","0.0","0.0","0.0"
"21321782","48888","96572","410863","8367","2019-11-23 22:02:10 UTC","20700","488019","false","1","0","0","0","1","0","0","20700","0","0","1","0.0","0.0","0.0"
"21321785","40616","45294","550209","6070","2019-11-23 21:34:24 UTC","9000","893854","false","1","0","0","0","1","0","0","9000","0","0","1","0.0","0.0","0.0"
"21321775","5763","83258","410424","5129","2019-11-23 22:08:51 UTC","183400","427796","true","1","0","0","0","3","0","0","106766","0","0","1","0.0","0.0","1.0"
"21321786","69790","45705","527407","2585","2019-11-23 21:34:20 UTC","14100","951799","false","1","0","0","0","1","0","0","14100","0","0","1","0.0","0.0","0.0"
"21321789","78105","47168","516292","9563","2019-11-23 21:30:49 UTC","44000","835827","false","1","0","0","0","1","0","0","44000","0","0","2","0.0","0.0","0.0"
"21321790","74774","95238","498423","2848","2019-11-23 21:28:54 UTC","126100","384248","false","1","0","0","0","1","0","0","126100","0","0","1","0.0","0.0","0.0"
"21321792","95630","82441","548595","9195","2019-11-23 21:27:11 UTC","23700","315433","false","1","0","0","0","1","0","0","23700","0","0","3","0.0","0.0","0.0"
"21321793","37712","63395","550209","1978","2019-11-23 21:20:28 UTC","4000","416104","false","1","0","0","0","1","0","0","4000","0","0","1","0.0","0.0","0.0"
"21321794","59150","99035","530994","8293","2019-11-23 21:19:40 UTC","19500","214156","false","1","0","0","0","1","0","0","19500","0","0","1","0.0","0.0","0.0"
"21321799","20953","9328","522840","9976","2019-11-23 21:02:52 UTC","24800","","false","1","0","0","0","1","0","0","24800","0","0","1","0.0","0.0","0.0"
"21321800","16231","98869","406655","6725","2019-11-23 21:01:09 UTC","262400","166286","false","1","0","0","0","1","0","0","262400","0","0","1","0.0","0.0","0.0"
"21321801","29931","59256","498442","2058","2019-11-23 20:57:21 UTC","21900","650198","false","1","0","0","0","1","0","0","21900","1","4","11","0.0","0.0","0.0"
"21321803","49205","44942","515590","7362","2019-11-23 20:44:36 UTC","18300","","false","1","0","0","0","1","0","0","18300","2","7","68","0.0","0.0","0.0"
"21321819","7265","23970","606282","2853","2019-11-23 20:08:24 UTC","161900","844305","false","1","0","0","0","2","0","0","97600","0","0","3","0.0","0.0","0.0"
"21321808","12855","20577","527496","7587","2019-11-23 20:29:05 UTC","20300","26689","false","1","0","0","0","1","0","0","20300","0","0","4","0.0","0.0","0.0"
"21321811","74369","94982","550209","2508","2019-11-23 20:26:23 UTC","5500","","false","1","0","0","0","1","0","0","5500","0","0","2","0.0","0.0","0.0"
"21321810","88862","98739","606282","2118","2019-11-23 20:27:14 UTC","17800","422057","false","1","0","0","0","2","0","0","17350","0","0","4","0.0","0.0","0.0"
"21321821","82867","92034","459315","9675","2019-11-23 20:06:26 UTC","157600","314172","true","1","0","0","0","4","0","0","102175","0","0","3","0.0","0.0","0.66667"
"21321812","90098","60229","520132","9589","2019-11-23 20:24:27 UTC","127800","72909","false","1","0","0","0","1","0","0","127800","0","0","1","0.0","0.0","0.0"
"21321814","38410","67982","550209","5995","2019-11-23 20:23:16 UTC","2000","","false","1","0","0","0","1","0","0","2000","0","0","4","0.0","0.0","0.0"
"21321767","21168","75991","548984","8355","2019-11-23 23:02:48 UTC","19300","259828","false","1","0","0","0","1","0","0","19300","0","0","2","0.0","0.0","0.0"
"21321816","54218","67117","482425","5112","2019-11-23 20:18:38 UTC","6500","","false","1","0","0","0","1","0","0","6500","0","0","1","0.0","0.0","0.0"
"21321818","82533","29015","496045","1150","2019-11-23 20:13:55 UTC","64000","537591","false","1","0","0","0","1","0","0","64000","0","0","2","0.0","0.0","0.0"
"21321823","78601","58171","485464","9610","2019-11-23 20:02:53 UTC","19700","52456","false","1","0","0","0","1","0","0","19700","0","0","2","0.0","0.0","0.0"
"21321824","62613","62888","530034","4836","2019-11-23 20:01:51 UTC","383400","133264","true","1","0","0","0","1","0","0","383400","0","0","1","0.0","0.0","1.0"
"21321827","88149","64397","516292","3885","2019-11-23 20:00:47 UTC","1000","914760","false","1","0","0","0","1","0","0","1000","0","0","1","0.0","0.0","0.0"
"21321828","21967","75245","544731","8590","2019-11-23 19:59:12 UTC","9000","259344","false","1","0","0","0","2","0","0","12500","0","0","2","0.0","0.0","0.0"
"21321831","27633","25123","550209","7321","2019-11-23 19:52:48 UTC","52800","261953","false","1","0","0","0","1","0","0","52800","0","0","1","0.0","0.0","0.0"
"21321781","4705","91637","498401","4982","2019-11-23 22:02:19 UTC","84200","563499","true","1","0","0","0","22","0","0","78763","0","0","22","0.0","0.0","0.86364"
"21321833","33173","93636","522840","7393","2019-11-23 19:49:40 UTC","149900","316514","false","1","0","0","0","1","0","0","149900","0","0","1","0.0","0.0","0.0"
"21321822","75917","17929","606282","4736","2019-11-23 20:03:13 UTC","355700","960729","true","1","0","0","0","6","0","0","363950","0","0","6","0.0","0.0","1.0"
"21321805","79266","5537","456137","9539","2019-11-23 20:39:27 UTC","400600","347138","false","1","0","0","0","2","0","0","400700","0","0","2","0.0","0.0","0.0"
"21321837","58209","69278","530034","7236","2019-11-23 19:36:05 UTC","40400","898814","false","1","0","0","0","1","0","0","40400","0","1","2","0.0","0.0","0.0"
"21321838","51046","70507","515590","6804","2019-11-23 19:35:34 UTC","75400","49149","false","1","0","0","0","1","0","0","75400","0","0","1","0.0","0.0","0.0"
"21321841","76291","78734","544731","6047","2019-11-23 19:24:51 UTC","30200","338221","false","1","0","0","0","1","0","0","30200","0","0","3","0.0","0.0","0.0"
"21321874","17275","11750","498401","6342","2019-11-23 18:35:42 UTC","52900","670695","true","1","0","0","0","31","0","0","57412","0","0","30","0.0","0.0","0.73333"
"21321849","20416","89361","485464","2929","2019-11-23 19:17:41 UTC","72700","221562","false","1","0","0","0","1","0","0","72700","0","0","1","0.0","0.0","0.0"
"21321908","33192","34548","525922","5517","2019-11-23 17:22:18 UTC","32500","203134","false","1","0","0","0","6","0","0","31466","1","3","9","0.0","0.0","0.0"
"21321847","18344","76768","530034","8134","2019-11-23 19:19:02 UTC","351500","180611","true","1","0","0","0","3","0","0","336966","0","0","6","0.0","0.0","0.66667"
"21321850","56163","57879","421847","8255","2019-11-23 19:17:35 UTC","187900","49741","false","1","0","0","0","1","0","0","187900","0","0","1","0.0","0.0","0.0"
"21321852","36411","21056","545368","8421","2019-11-23 19:16:09 UTC","32500","4866","false","1","0","0","0","1","0","0","32500","1","2","6","0.0","0.0","0.0"
"21321853","64329","12593","506778","6197","2019-11-23 19:15:33 UTC","243400","465126","false","1","0","0","0","1","0","0","243400","0","0","2","0.0","0.0","0.0"
"21321856","49205","93170","498401","7363","2019-11-23 19:14:22 UTC","36300","914808","false","1","0","0","0","1","0","0","36300","2","7","68","0.0","0.0","0.0"
"21321857","96210","54072","453211","4656","2019-11-23 19:10:38 UTC","236100","251490","false","1","0","0","0","1","0","0","236100","0","0","1","0.0","0.0","0.0"
"21321858","42747","72360","421749","9805","2019-11-23 19:10:27 UTC","50700","146834","false","1","0","0","0","1","0","0","50700","0","0","1","0.0","0.0","0.0"
"21321861","22700","59567","535016","460","2019-11-23 19:00:30 UTC","85400","288776","false","1","0","0","0","1","0","0","85400","0","0","1","0.0","0.0","0.0"
"21321862","34597","6213","523421","3683","2019-11-23 18:58:50 UTC","7500","412833","false","1","0","0","0","1","0","0","7500","0","0","5","0.0","0.0","0.0"
"21321866","82589","52235","655000","1255","2019-11-23 18:53:34 UTC","20200","","false","1","0","0","0","1","0","0","20200","0","0","4","0.0","0.0","0.0"
"21321864","22324","80432","530994","3611","2019-11-23 18:53:58 UTC","25800","290539","false","1","0","0","0","2","0","0","22000","0","0","2","0.0","0.0","0.0"
"21321868","44379","19166","523421","3161","2019-11-23 18:48:37 UTC","30500","","false","1","0","0","0","1","0","0","30500","0","0","1","0.0","0.0","0.0"
"21321869","68578","56384","415944","3609","2019-11-23 18:42:38 UTC","24700","217396","false","1","0","0","0","1","0","0","24700","0","0","1","0.0","0.0","0.0"
"21321870","5557","72593","550209","1848","2019-11-23 18:39:33 UTC","9100","791356","false","1","0","0","0","1","0","0","9100","0","0","2","0.0","0.0","0.0"
"21321871","82576","3345","550209","7037","2019-11-23 18:37:54 UTC","1500","102528","false","1","0","0","0","1","0","0","1500","0","0","1","0.0","0.0","0.0"
"21321876","13772","22151","523421","1420","2019-11-23 18:28:05 UTC","19800","275835","false","1","0","0","0","1","0","0","19800","0","0","8","0.0","0.0","0.0"
"21321877","85435","20625","435086","3444","2019-11-23 18:22:18 UTC","84200","","false","1","0","0","0","1","0","0","84200","0","0","5","0.0","0.0","0.0"
"21321879","59566","81348","515601","7553","2019-11-23 18:17:13 UTC","16300","","false","1","0","0","0","1","0","0","16300","0","0","6","0.0","0.0","0.0"
"21321881","25473","33805","550209","7655","2019-11-23 18:14:38 UTC","1000","330437","false","1","0","0","0","2","0","0","37450","0","0","2","0.0","0.0","0.5"
"21321885","84100","58717","606282","9110","2019-11-23 18:09:21 UTC","22300","602453","false","1","0","0","0","1","0","0","22300","0","0","1","0.0","0.0","0.0"
"21321843","38783","84102","516292","2540","2019-11-23 19:22:18 UTC","1500","472282","false","1","0","0","0","1","0","0","1500","0","0","1","0.0","0.0","0.0"
"21321883","9363","67903","478308","3072","2019-11-23 18:12:39 UTC","46200","321795","false","1","0","0","0","2","0","0","38100","0","0","3","0.0","0.0","0.0"
"21321886","49957","67424","444456","6883","2019-11-23 18:05:06 UTC","52100","924199","false","1","0","0","0","1","0","0","52100","0","0","1","0.0","0.0","0.0"
"21321888","24340","52003","459316","8400","2019-11-23 17:59:53 UTC","26400","","false","1","0","0","0","1","0","0","26400","0","0","10","0.0","0.0","0.0"
"21321889","74211","9600","549167","6788","2019-11-23 17:58:24 UTC","393600","162123","true","1","0","0","0","2","0","0","298700","0","0","2","0.0","0.0","1.0"
"21321890","88815","67558","530780","4096","2019-11-23 17:58:09 UTC","49700","664003","false","1","0","0","0","1","0","0","49700","0","0","1","0.0","0.0","0.0"
"21321893","79698","1268","458919","2053","2019-11-23 17:55:58 UTC","19600","260437","false","1","0","0","0","1","0","0","19600","4","14","21","0.0","0.0","0.0"
"21321895","5963","77154","524703","2070","2019-11-23 17:51:58 UTC","228500","","false","1","0","0","0","1","0","0","228500","0","0","1","0.0","0.0","0.0"
"21321897","85691","31893","455185","8962","2019-11-23 17:49:55 UTC","73600","600763","false","1","0","0","0","1","0","0","73600","0","0","1","0.0","0.0","0.0"
"21321898","52841","34335","506775","9198","2019-11-23 17:43:51 UTC","117200","","false","1","0","0","0","1","0","0","117200","0","0","1","0.0","0.0","0.0"
"21321901","36278","2159","550209","2334","2019-11-23 17:37:26 UTC","101300","67001","false","1","0","0","0","1","0","0","101300","0","0","1","0.0","0.0","0.0"
"21321902","83200","40725","550209","9555","2019-11-23 17:33:49 UTC","27700","","false","1","0","0","0","1","0","0","27700","0","0","1","0.0","0.0","0.0"
"21321903","34122","55974","535081","1278","2019-11-23 17:31:15 UTC","62200","879621","false","1","0","0","0","1","0","0","62200","0","0","1","0.0","0.0","0.0"
"21321905","5310","57356","535081","1218","2019-11-23 17:29:57 UTC","57100","267899","false","1","0","0","0","1","0","0","57100","0","0","1","0.0","0.0","0.0"
"21321909","3978","52311","516292","4377","2019-11-23 17:21:51 UTC","170600","998628","false","1","0","0","0","1","0","0","170600","0","0","2","0.0","0.0","0.0"
"21321896","18344","76768","530034","2483","2019-11-23 17:51:15 UTC","303900","180611","true","1","0","0","0","3","0","0","336966","0","0","6","0.0","0.0","0.66667"
"21321910","71725","56920","459077","9387","2019-11-23 17:21:18 UTC","56200","40494","false","1","0","0","0","1","0","0","56200","0","0","2","0.0","0.0","0.0"
"21321911","51575","91210","544731","3355","2019-11-23 17:19:15 UTC","25000","216815","false","1","0","0","0","1","0","0","25000","0","0","3","0.0","0.0","0.0"
"21321915","65398","90930","230650","3941","2019-11-23 17:11:35 UTC","23600","221834","false","1","0","0","0","1","0","0","23600","0","0","2","0.0","0.0","0.0"
"21321916","59117","48983","406655","9764","2019-11-23 17:04:55 UTC","129600","948645","false","1","0","0","0","1","0","0","129600","0","0","1","0.0","0.0","0.0"
"21321917","44336","10218","552236","9481","2019-11-23 16:59:39 UTC","125700","689622","false","1","0","0","0","1","0","0","125700","0","0","1","0.0","0.0","0.0"
"21321920","5709","19190","406263","2143","2019-11-23 16:52:59 UTC","152700","662915","false","1","0","0","0","1","0","0","152700","0","0","1","0.0","0.0","0.0"
"21321921","4129","22693","535016","8073","2019-11-23 16:51:06 UTC","6000","543813","false","1","0","0","0","1","0","0","6000","1","5","14","0.0","0.0","0.0"
"21321923","46837","27576","525664","4635","2019-11-23 16:49:17 UTC","8100","561023","false","1","0","0","0","1","0","0","8100","0","1","4","0.0","0.0","0.0"
"21321955","26765","3043","515894","9075","2019-11-23 15:27:40 UTC","21100","212157","false","1","0","0","0","1","0","0","21100","0","4","17","0.0","0.0","0.0"
"21321924","5525","6406","527468","4895","2019-11-23 16:46:59 UTC","74700","443051","false","1","0","0","0","1","0","0","74700","0","0","3","0.0","0.0","0.0"
"21321926","80738","71063","485464","9170","2019-11-23 16:43:11 UTC","29500","621286","false","1","0","0","0","1","0","0","29500","0","0","1","0.0","0.0","0.0"
"21321928","24714","59204","530780","3006","2019-11-23 16:42:06 UTC","19000","702700","false","1","0","0","0","1","0","0","19000","0","0","3","0.0","0.0","0.0"
"21321929","26247","52658","506775","3640","2019-11-23 16:40:02 UTC","44100","797472","false","1","0","0","0","1","0","0","44100","0","0","1","0.0","0.0","0.0"
"21321930","10291","47575","498407","4247","2019-11-23 16:39:39 UTC","54200","","false","1","0","0","0","1","0","0","54200","0","0","2","0.0","0.0","0.0"
"21321933","85435","73879","410425","1898","2019-11-23 16:31:23 UTC","48400","","false","1","0","0","0","1","0","0","48400","0","0","5","0.0","0.0","0.0"
"21321935","26361","15569","515590","8764","2019-11-23 16:21:08 UTC","27100","440923","false","1","0","0","0","1","0","0","27100","0","0","1","0.0","0.0","0.0"
"21321936","78654","25067","530033","8454","2019-11-23 16:16:42 UTC","23100","895946","false","1","0","0","0","1","0","0","23100","0","0","2","0.0","0.0","0.0"
"21321937","46859","57306","453211","2510","2019-11-23 16:15:50 UTC","26500","479057","false","1","0","0","0","1","0","0","26500","0","0","1","0.0","0.0","0.0"
"21321939","91972","99876","511588","6999","2019-11-23 16:13:33 UTC","142100","114015","true","1","0","0","0","1","0","0","142100","0","6","14","0.0","0.83333","0.78571"
"21321942","77233","68914","527468","7051","2019-11-23 16:11:52 UTC","27400","405618","false","1","0","0","0","1","0","0","27400","0","0","6","0.0","0.0","0.0"
"21321943","49912","84717","506775","7547","2019-11-23 16:08:45 UTC","18600","971778","false","1","0","0","0","1","0","0","18600","0","0","1","0.0","0.0","0.0"
"21321945","82867","98011","516292","6396","2019-11-23 15:58:15 UTC","500","461976","false","1","0","0","0","1","0","0","500","0","0","3","0.0","0.0","0.66667"
"21321946","80749","68159","545430","5017","2019-11-23 15:58:09 UTC","23300","352134","false","1","0","0","0","1","0","0","23300","0","0","3","0.0","0.0","0.0"
"21321948","1657","83179","511477","5198","2019-11-23 15:47:11 UTC","3900","727762","false","1","0","0","0","1","0","0","3900","0","0","2","0.0","0.0","0.0"
"21321949","29766","53248","548045","2795","2019-11-23 15:46:19 UTC","42500","503882","false","1","0","0","0","1","0","0","42500","0","0","1","0.0","0.0","0.0"
"21321952","99419","43345","415944","7159","2019-11-23 15:40:07 UTC","17200","479219","false","1","0","0","0","1","0","0","17200","0","0","2","0.0","0.0","0.0"
"21321953","42170","91380","650507","6089","2019-11-23 15:31:38 UTC","58600","962274","false","1","0","0","0","1","0","0","58600","0","0","1","0.0","0.0","0.0"
"21321956","49205","17309","655001","9390","2019-11-23 15:26:23 UTC","5500","983459","false","1","0","0","0","1","0","0","5500","2","7","68","0.0","0.0","0.0"
"21321958","9313","93704","415944","8870","2019-11-23 15:20:30 UTC","8000","243686","false","1","0","0","0","1","0","0","8000","0","0","1","0.0","0.0","0.0"
"21321959","65767","4001","550209","5952","2019-11-23 15:20:08 UTC","20400","161818","false","1","0","0","0","1","0","0","20400","0","0","1","0.0","0.0","0.0"
"21321962","35579","30920","498423","9530","2019-11-23 15:05:40 UTC","49600","276571","false","1","0","0","0","1","0","0","49600","0","0","3","0.0","0.0","0.0"
"21321964","78324","96382","511781","9774","2019-11-23 15:02:13 UTC","117300","156704","false","1","0","0","0","1","0","0","117300","0","0","1","0.0","0.0","0.0"
"21321965","74923","42717","439390","7404","2019-11-23 14:57:48 UTC","26300","376870","false","1","0","0","0","1","0","0","26300","0","0","1","0.0","0.0","0.0"
"21321966","42178","7994","523421","6197","2019-11-23 14:57:37 UTC","24500","","false","1","0","0","0","1","0","0","24500","0","0","15","0.0","0.0","0.0"
"21321968","3028","85678","550209","3954","2019-11-23 14:50:15 UTC","6000","463691","false","1","0","0","0","1","0","0","6000","0","0","1","0.0","0.0","0.0"
"21321971","60399","15399","230744","4721","2019-11-23 14:43:25 UTC","42100","930877","false","1","0","0","0","1","0","0","42100","0","0","1","0.0","0.0","0.0"
"21321972","35333","12830","498401","2267","2019-11-23 14:42:18 UTC","247500","11438","false","1","0","0","0","1","0","0","247500","0","0","1","0.0","0.0","0.0"
"21321973","72120","38913","606282","9471","2019-11-23 14:40:12 UTC","178500","561404","false","1","0","0","0","1","0","0","178500","0","0","1","0.0","0.0","0.0"
"21321977","88862","48426","516292","5657","2019-11-23 14:27:17 UTC","24200","484286","false","1","0","0","0","2","0","0","22850","0","0","4","0.0","0.0","0.0"
"21321979","92089","37723","546056","3885","2019-11-23 14:25:48 UTC","54400","960200","false","1","0","0","0","1","0","0","54400","0","0","8","0.0","0.0","0.0"
"21321980","60884","57270","483042","2308","2019-11-23 14:24:54 UTC","31300","965458","false","1","0","0","0","1","0","0","31300","0","0","3","0.0","0.0","0.0"
"21321981","24340","70616","550209","4843","2019-11-23 14:24:20 UTC","27000","779167","false","1","0","0","0","1","0","0","27000","0","0","10","0.0","0.0","0.0"
"21321982","94643","54917","535081","1966","2019-11-23 14:19:08 UTC","21000","791806","false","1","0","0","0","1","0","0","21000","0","0","1","0.0","0.0","0.0"
"21321985","3430","34752","455184","5641","2019-11-23 14:14:11 UTC","20900","","false","1","0","0","0","1","0","0","20900","0","0","1","0.0","0.0","0.0"
"21321986","74369","47571","531681","7799","2019-11-23 14:13:34 UTC","16000","","false","1","0","0","0","1","0","0","16000","0","0","2","0.0","0.0","0.0"
"21321987","5357","52913","531681","4969","2019-11-23 14:12:59 UTC","89900","272857","false","1","0","0","0","1","0","0","89900","0","0","1","0.0","0.0","0.0"
"21321991","91740","30052","522688","2142","2019-11-23 14:08:31 UTC","200","44009","false","1","0","0","0","1","0","0","200","0","0","1","0.0","0.0","0.0"
"21321992","52663","48486","531681","7440","2019-11-23 14:03:59 UTC","35600","","false","1","0","0","0","1","0","0","35600","0","0","8","0.0","0.0","0.0"
"21321993","42880","10006","512682","6879","2019-11-23 14:02:02 UTC","21000","695224","false","1","0","0","0","1","0","0","21000","0","0","1","0.0","0.0","0.0"
"21321998","65866","58974","544731","5390","2019-11-23 13:50:39 UTC","14100","504886","false","1","0","0","0","1","0","0","14100","0","0","1","0.0","0.0","0.0"
"21322039","98913","49150","410863","6720","2019-11-23 11:48:53 UTC","39700","779241","false","1","0","0","0","2","0","0","41550","0","0","4","0.0","0.0","0.0"
"21321999","65818","46752","526326","9123","2019-11-23 13:46:46 UTC","28200","193055","false","1","0","0","0","1","0","0","28200","0","0","1","0.0","0.0","0.0"
"21322018","3659","3864","550209","9200","2019-11-23 13:02:39 UTC","195500","305191","false","1","0","0","0","1","0","0","195500","0","0","1","0.0","0.0","0.0"
"21322000","67321","67794","404024","4001","2019-11-23 13:45:22 UTC","22400","25981","false","1","0","0","0","1","0","0","22400","0","0","1","0.0","0.0","0.0"
"21322003","25921","72983","530780","5058","2019-11-23 13:39:37 UTC","27900","151476","false","1","0","0","0","1","0","0","27900","0","0","2","0.0","0.0","0.0"
"21322004","69360","44092","516292","7055","2019-11-23 13:37:50 UTC","25500","207363","false","1","0","0","0","1","0","0","25500","0","0","1","0.0","0.0","0.0"
"21322005","99588","18074","522840","6230","2019-11-23 13:33:36 UTC","306400","582634","false","1","0","0","0","1","0","0","306400","0","0","1","0.0","0.0","0.0"
"21322007","7569","54110","498453","7713","2019-11-23 13:32:14 UTC","113200","","false","1","0","0","0","1","0","0","113200","0","0","1","0.0","0.0","0.0"
"21322011","90924","53657","530780","7890","2019-11-23 13:26:33 UTC","76700","237038","false","1","0","0","0","1","0","0","76700","0","0","1","0.0","0.0","0.0"
"21322024","18344","44531","530034","7995","2019-11-23 12:40:48 UTC","159200","868746","true","1","0","0","0","3","0","0","188300","0","0","6","0.0","0.0","0.66667"
"21322010","54603","44531","530034","7995","2019-11-23 13:27:43 UTC","200800","868746","true","1","0","0","0","3","0","0","188300","0","0","3","0.0","0.0","1.0"
"21322014","4129","95581","535016","6034","2019-11-23 13:05:55 UTC","29500","2359","false","1","0","0","0","1","0","0","29500","1","5","14","0.0","0.0","0.0"
"21322015","39967","62326","466069","4663","2019-11-23 13:04:51 UTC","207400","670654","false","1","0","0","0","1","0","0","207400","0","0","2","0.0","0.0","0.0"
"21321995","50616","52900","530033","3000","2019-11-23 13:55:39 UTC","2000","701687","false","1","0","0","0","1","0","0","2000","0","0","1","0.0","0.0","0.0"
"21322020","56500","15554","549167","4121","2019-11-23 12:55:13 UTC","270000","","false","1","0","0","0","1","0","0","270000","0","0","1","0.0","0.0","0.0"
"21322021","80749","98961","410424","5953","2019-11-23 12:54:17 UTC","71500","187446","false","1","0","0","0","1","0","0","71500","0","0","3","0.0","0.0","0.0"
"21322023","88389","56986","544315","4949","2019-11-23 12:49:32 UTC","76600","","false","1","0","0","0","2","0","0","74050","0","0","2","0.0","0.0","0.0"
"21322022","88389","56986","544731","4715","2019-11-23 12:52:09 UTC","71500","","false","1","0","0","0","2","0","0","74050","0","0","2","0.0","0.0","0.0"
"21322028","39967","90607","516292","9031","2019-11-23 12:18:06 UTC","500","","false","1","0","0","0","1","0","0","500","0","0","2","0.0","0.0","0.0"
"21322030","92089","45953","489391","8249","2019-11-23 12:09:00 UTC","55900","257062","false","1","0","0","0","1","0","0","55900","0","0","8","0.0","0.0","0.0"
"21322031","15842","343","515590","5501","2019-11-23 12:06:17 UTC","24200","508910","false","1","0","0","0","1","0","0","24200","0","1","4","0.0","0.0","0.0"
"21322032","43938","13898","523421","8331","2019-11-23 12:04:05 UTC","7700","732163","false","1","0","0","0","1","0","0","7700","0","0","4","0.0","0.0","0.0"
"21322034","24688","75531","544731","4152","2019-11-23 11:57:18 UTC","28600","603965","false","1","0","0","0","1","0","0","28600","0","0","1","0.0","0.0","0.0"
"21322040","5832","1082","455184","7171","2019-11-23 11:42:52 UTC","300100","133496","false","1","0","0","0","1","0","0","300100","0","0","2","0.0","0.0","0.0"
"21322041","16793","99362","422061","8710","2019-11-23 11:42:33 UTC","223500","804176","false","1","0","0","0","1","0","0","223500","0","0","4","0.0","0.0","0.0"
"21322043","5868","25415","406655","6804","2019-11-23 11:20:55 UTC","210200","","false","1","0","0","0","1","0","0","210200","0","0","3","0.0","0.0","0.0"
"21322044","68953","68580","506775","3183","2019-11-23 10:21:29 UTC","106900","22394","false","1","0","0","0","1","0","0","106900","0","0","6","0.0","0.0","0.16667"
"21322047","63131","80868","506741","6788","2019-11-23 09:31:35 UTC","3500","357411","false","1","0","0","0","1","0","0","3500","0","0","1","0.0","0.0","0.0"
"21322050","4705","91637","415274","7113","2019-11-23 02:59:20 UTC","77500","563499","true","1","1","0","0","22","0","0","78763","0","0","22","0.0","0.0","0.86364"
"21322048","12197","68751","550209","7825","2019-11-23 04:46:51 UTC","20500","965627","false","1","1","0","0","1","0","0","20500","0","0","1","0.0","0.0","0.0"
"21322013","20663","83722","548474","2727","2019-11-23 13:07:26 UTC","26100","978084","false","1","0","0","0","6","0","0","67550","0","0","6","0.0","0.0","0.66667"
"21322051","5388","82218","544731","3375","2019-11-23 02:49:54 UTC","21000","39852","false","1","1","0","0","1","0","0","21000","0","0","1","0.0","0.0","0.0"
"21322053","15842","5936","550209","2397","2019-11-23 02:39:04 UTC","15700","564884","false","1","1","0","0","1","0","0","15700","0","1","4","0.0","0.0","0.0"
"21322056","5525","85776","498453","3639","2019-11-23 02:34:12 UTC","64200","758302","false","1","1","0","0","1","0","0","64200","0","0","3","0.0","0.0","0.0"
"21322062","76239","69466","498406","3598","2019-11-23 02:08:07 UTC","49000","724452","true","1","1","0","0","2","0","0","42050","0","0","1","0.0","0.0","1.0"
"21322057","29074","67126","544891","3291","2019-11-23 02:28:41 UTC","1200","93167","false","1","1","0","0","1","0","0","1200","0","0","1","0.0","0.0","0.0"
"21322060","17366","8431","535850","5511","2019-11-23 02:21:12 UTC","27900","281737","false","1","1","0","0","1","0","0","27900","0","0","1","0.0","0.0","0.0"
"21322065","61935","81705","406168","2973","2019-11-23 01:42:52 UTC","140800","507162","false","1","1","0","0","1","0","0","140800","0","0","1","0.0","0.0","0.0"
"21322069","39253","67519","406655","8770","2019-11-23 01:37:29 UTC","207400","262327","true","1","1","0","0","6","0","0","194650","0","0","6","0.0","0.0","0.66667"
"21322059","4705","91637","530034","4416","2019-11-23 02:22:02 UTC","79100","563499","true","1","1","0","0","22","0","0","78763","0","0","22","0.0","0.0","0.86364"
"21322066","24335","26891","529323","2060","2019-11-23 01:42:36 UTC","86000","178747","false","1","1","0","0","1","0","0","86000","0","0","1","0.0","0.0","0.0"
"21322068","2092","46545","550209","9400","2019-11-23 01:40:00 UTC","3200","467969","false","1","1","0","0","1","0","0","3200","0","0","1","0.0","0.0","0.0"
"21322067","4705","91637","530034","3802","2019-11-23 01:40:21 UTC","90800","563499","true","1","1","0","0","22","0","0","78763","0","0","22","0.0","0.0","0.86364"
"21322075","86011","79167","522590","8915","2019-11-23 01:20:57 UTC","42300","616746","false","1","1","0","0","2","0","0","55050","0","0","3","0.0","0.0","0.0"
"21322103","26765","12018","553636","9020","2019-11-22 22:58:08 UTC","118000","","false","0","0","0","0","1","0","0","118000","0","4","17","0.0","0.0","0.0"
"21322072","59856","22202","550209","3787","2019-11-23 01:32:28 UTC","3800","75795","false","1","1","0","0","1","0","0","3800","0","0","2","0.0","0.0","0.0"
"21322074","84290","83857","545368","6419","2019-11-23 01:23:11 UTC","30700","21728","false","1","1","0","0","1","0","0","30700","0","0","1","0.0","0.0","0.0"
"21322142","26765","81751","552236","9061","2019-11-22 21:21:49 UTC","97200","","false","0","0","0","0","1","0","0","97200","0","4","17","0.0","0.0","0.0"
"21322077","86964","58519","550209","6420","2019-11-23 01:03:21 UTC","82600","","false","1","1","0","0","1","0","0","82600","0","0","3","0.0","0.0","0.0"
"21322084","68380","13001","650901","4108","2019-11-23 00:21:30 UTC","1000","715437","false","1","1","0","0","4","0","0","13275","0","0","4","0.0","0.0","0.0"
"21322078","35917","23916","536380","8110","2019-11-23 00:54:00 UTC","175400","129502","true","1","1","0","0","1","0","0","175400","0","0","2","0.0","0.0","1.0"
"21322081","12878","17664","550209","5672","2019-11-23 00:34:50 UTC","16200","22159","false","1","1","0","0","1","0","0","16200","0","0","1","0.0","0.0","0.0"
"21322082","85177","59529","544315","2830","2019-11-23 00:32:41 UTC","30200","460130","false","1","1","0","0","1","0","0","30200","0","0","1","0.0","0.0","0.0"
"21322083","63050","97129","544731","9797","2019-11-23 00:23:12 UTC","3000","299292","false","1","1","0","0","1","0","0","3000","0","0","8","0.0","0.0","0.25"
"21322088","29931","35252","549339","2817","2019-11-22 23:59:29 UTC","31200","96875","false","0","0","0","0","1","0","0","31200","1","4","11","0.0","0.0","0.0"
"21322116","38337","4651","230744","4802","2019-11-22 22:31:51 UTC","209000","571150","true","0","0","0","0","3","0","0","205900","0","0","6","0.0","0.0","1.0"
"21322091","29719","44300","650516","5647","2019-11-22 23:41:21 UTC","17900","998627","false","0","0","0","0","1","0","0","17900","0","0","1","0.0","0.0","0.0"
"21322092","84699","54965","515118","3810","2019-11-22 23:40:59 UTC","32000","931131","false","0","0","0","0","1","0","0","32000","0","0","2","0.0","0.0","0.0"
"21322096","82370","23008","544540","8343","2019-11-22 23:22:03 UTC","77600","471479","false","0","0","0","0","1","0","0","77600","0","0","1","0.0","0.0","0.0"
"21322086","74211","9600","470598","9351","2019-11-23 00:11:25 UTC","203800","73501","true","1","1","0","0","2","0","0","298700","0","0","2","0.0","0.0","1.0"
"21322097","65241","35138","549167","8109","2019-11-22 23:20:24 UTC","388300","10312","true","0","0","0","0","2","0","0","290850","0","0","3","0.0","0.0","1.0"
"21322098","36700","16644","553636","6346","2019-11-22 23:19:26 UTC","405500","","true","0","0","0","0","1","0","0","405500","0","0","6","0.0","0.0","0.83333"
"21322099","38353","81240","515894","7857","2019-11-22 23:16:09 UTC","21600","","false","0","0","0","0","1","0","0","21600","0","0","1","0.0","0.0","0.0"
"21322102","36700","27657","553636","1271","2019-11-22 22:58:38 UTC","403600","707435","false","0","0","0","0","5","0","0","310940","0","0","6","0.0","0.0","0.83333"
"21322104","8787","61047","498408","2390","2019-11-22 22:56:40 UTC","104700","890266","true","0","0","0","0","1","0","0","104700","0","0","1","0.0","0.0","1.0"
"21322106","52603","24328","516292","3454","2019-11-22 22:49:38 UTC","18900","","false","0","0","0","0","1","0","0","18900","0","0","2","0.0","0.0","0.0"
"21322109","7672","14882","516292","2831","2019-11-22 22:45:49 UTC","24800","542783","false","0","0","0","0","1","0","0","24800","0","0","2","0.0","0.0","0.0"
"21322110","13772","28487","516292","3892","2019-11-22 22:44:04 UTC","8800","406509","false","0","0","0","0","1","0","0","8800","0","0","8","0.0","0.0","0.0"
"21322113","97774","44344","459383","4293","2019-11-22 22:37:36 UTC","44800","266416","false","0","0","0","0","1","0","0","44800","0","0","1","0.0","0.0","0.0"
"21322115","39522","7709","485464","3284","2019-11-22 22:32:44 UTC","18300","274222","false","0","0","0","0","1","0","0","18300","0","0","1","0.0","0.0","0.0"
"21322119","52496","77837","526863","3571","2019-11-22 22:29:02 UTC","36300","631799","false","0","0","0","0","1","0","0","36300","0","0","3","0.0","0.0","0.0"
"21322120","14769","92742","552937","1026","2019-11-22 22:27:19 UTC","42800","","false","0","0","0","0","1","0","0","42800","0","0","1","0.0","0.0","0.0"
"21322121","69555","85465","415944","9615","2019-11-22 22:24:20 UTC","214400","","false","0","0","0","0","1","0","0","214400","0","0","1","0.0","0.0","0.0"
"21322122","33688","13229","651653","2940","2019-11-22 22:22:59 UTC","70100","907237","false","0","0","0","0","2","0","0","102950","0","0","2","0.0","0.0","0.0"
"21322090","65330","78262","553636","3478","2019-11-22 23:50:09 UTC","402800","547440","true","0","0","0","0","13","0","0","301453","0","0","10","0.0","0.0","0.8"
"21322125","3736","41788","514086","7017","2019-11-22 22:17:12 UTC","74800","","false","0","0","0","0","1","0","0","74800","0","0","1","0.0","0.0","0.0"
"21322126","30156","11570","421960","8924","2019-11-22 22:15:10 UTC","19200","","false","0","0","0","0","1","0","0","19200","0","0","1","0.0","0.0","0.0"
"21322128","35140","86031","549167","8085","2019-11-22 22:09:25 UTC","90700","764456","false","0","0","0","0","1","0","0","90700","0","0","4","0.0","0.0","0.0"
"21322130","73480","34989","515590","7602","2019-11-22 21:55:57 UTC","77100","414193","false","0","0","0","0","1","0","0","77100","0","0","1","0.0","0.0","0.0"
"21322135","52897","31819","422005","9082","2019-11-22 21:37:53 UTC","56600","790235","true","0","0","0","0","4","0","0","73175","0","0","3","0.0","0.0","1.0"
"21322131","31644","40298","535081","7467","2019-11-22 21:48:02 UTC","1000","22112","false","0","0","0","0","1","0","0","1000","0","0","2","0.0","0.0","0.0"
"21322132","5809","45717","548984","4544","2019-11-22 21:46:45 UTC","41300","268207","false","0","0","0","0","1","0","0","41300","0","0","1","0.0","0.0","0.0"
"21322136","17232","61611","545368","6729","2019-11-22 21:29:42 UTC","39600","206749","false","0","0","0","0","1","0","0","39600","0","0","1","0.0","0.0","0.0"
"21322138","22484","93455","523284","3813","2019-11-22 21:27:27 UTC","166000","","false","0","0","0","0","1","0","0","166000","0","0","1","0.0","0.0","0.0"
"21322139","98374","68598","230744","9632","2019-11-22 21:26:53 UTC","36300","90403","false","0","0","0","0","1","0","0","36300","0","0","1","0.0","0.0","0.0"
"21322140","99379","46161","514868","6946","2019-11-22 21:24:22 UTC","30500","112383","false","0","0","0","0","1","0","0","30500","0","0","11","0.0","0.0","0.0"
"21322145","36107","60793","553636","7126","2019-11-22 21:11:10 UTC","270700","","false","0","0","0","0","1","0","0","270700","0","0","1","0.0","0.0","0.0"
"21322149","31403","50855","540593","9072","2019-11-22 21:00:50 UTC","105800","790507","false","0","0","0","0","1","0","0","105800","0","0","1","0.0","0.0","0.0"
"21322150","46700","55581","410863","8193","2019-11-22 21:00:38 UTC","4200","857297","false","0","0","0","0","2","0","0","2900","0","0","3","0.0","0.0","0.0"
"21322187","36929","15519","544731","3297","2019-11-22 19:39:29 UTC","201300","875177","false","0","0","0","0","1","0","0","201300","0","10","12","0.0","0.0","0.0"
"21322152","68998","86627","518454","7187","2019-11-22 20:57:07 UTC","73900","374800","false","0","0","0","0","1","0","0","73900","0","1","6","0.0","0.0","0.0"
"21322153","7478","85850","655003","9562","2019-11-22 20:56:56 UTC","23200","459472","false","0","0","0","0","1","0","0","23200","0","0","1","0.0","0.0","0.0"
"21322155","52603","51271","523421","8013","2019-11-22 20:52:06 UTC","10000","776004","false","0","0","0","0","1","0","0","10000","0","0","2","0.0","0.0","0.0"
"21322156","50897","23354","427167","5018","2019-11-22 20:47:48 UTC","36200","323591","false","0","0","0","0","1","0","0","36200","0","0","2","0.0","0.0","0.0"
"21322159","88962","31095","650487","940","2019-11-22 20:46:19 UTC","65200","931238","false","0","0","0","0","1","0","0","65200","0","0","2","0.0","0.0","0.0"
"21322158","62988","93156","553636","5244","2019-11-22 20:46:56 UTC","42400","46597","true","0","0","0","0","2","0","0","28800","0","0","2","0.0","0.0","1.0"
"21322160","12644","67464","545462","6410","2019-11-22 20:44:22 UTC","26600","96369","false","0","0","0","0","1","0","0","26600","0","0","1","0.0","0.0","0.0"
"21322162","11911","24543","550209","4447","2019-11-22 20:43:55 UTC","50400","","true","0","0","0","0","2","0","0","185550","0","0","2","0.0","0.0","1.0"
"21322164","92089","12627","415275","9121","2019-11-22 20:41:46 UTC","57700","324899","false","0","0","0","0","1","0","0","57700","0","0","8","0.0","0.0","0.0"
"21322165","83837","64242","476333","3122","2019-11-22 20:41:39 UTC","17000","","false","0","0","0","0","1","0","0","17000","0","0","1","0.0","0.0","0.0"
"21322167","20198","88096","406655","5850","2019-11-22 20:37:13 UTC","51500","378179","false","0","0","0","0","1","0","0","51500","0","0","1","0.0","0.0","0.0"
"21322170","60073","18555","534562","5253","2019-11-22 20:30:33 UTC","23200","949067","false","0","0","0","0","1","0","0","23200","0","0","3","0.0","0.0","0.0"
"21322171","9244","59868","432958","5025","2019-11-22 20:29:34 UTC","15000","900028","false","0","0","0","0","1","0","0","15000","0","0","1","0.0","0.0","0.0"
"21322172","22118","58873","515590","7360","2019-11-22 20:27:45 UTC","175300","63410","false","0","0","0","0","1","0","0","175300","0","0","3","0.0","0.0","0.0"
"21322173","79883","55041","410863","2706","2019-11-22 20:26:37 UTC","181600","149333","false","0","0","0","0","1","0","0","181600","0","0","1","0.0","0.0","0.0"
"21322178","38984","74716","550209","4950","2019-11-22 20:04:47 UTC","31600","838620","false","0","0","0","0","1","0","0","31600","0","0","1","0.0","0.0","0.0"
"21322179","12663","70094","512707","6242","2019-11-22 20:04:26 UTC","6500","931955","false","0","0","0","0","1","0","0","6500","0","0","2","0.0","0.0","0.0"
"21322180","36700","84071","515117","8659","2019-11-22 20:04:23 UTC","92000","","true","0","0","0","0","1","0","0","92000","0","0","6","0.0","0.0","0.83333"
"21322182","45959","34482","506727","1207","2019-11-22 19:58:13 UTC","58800","753452","false","0","0","0","0","2","0","0","82200","0","1","5","0.0","0.0","0.0"
"21322188","32527","24776","522499","3708","2019-11-22 19:39:19 UTC","122400","462061","false","0","0","0","0","2","0","0","71150","0","0","3","0.0","0.0","0.0"
"21322185","32527","24776","522499","3708","2019-11-22 19:46:02 UTC","19900","462061","false","0","0","0","0","2","0","0","71150","0","0","3","0.0","0.0","0.0"
"21322190","64076","44896","455184","1650","2019-11-22 19:36:15 UTC","30500","236663","false","0","0","0","0","1","0","0","30500","0","0","2","0.0","0.0","0.0"
"21322192","87184","74772","516292","4082","2019-11-22 19:31:09 UTC","31500","755374","false","0","0","0","0","1","0","0","31500","0","0","1","0.0","0.0","0.0"
"21322193","36159","98181","550209","1296","2019-11-22 19:28:48 UTC","133200","35915","false","0","0","0","0","1","0","0","133200","0","0","1","0.0","0.0","0.0"
"21322194","49716","94957","542820","2698","2019-11-22 19:25:01 UTC","13200","173402","false","0","0","0","0","1","0","0","13200","0","0","1","0.0","0.0","0.0"
"21322196","91628","47374","650901","7803","2019-11-22 19:20:27 UTC","64000","241302","false","0","0","0","0","1","0","0","64000","0","0","1","0.0","0.0","0.0"
"21322202","28573","23183","516292","2060","2019-11-22 19:10:45 UTC","14300","294593","false","0","0","0","0","1","0","0","14300","0","0","1","0.0","0.0","0.0"
"21322200","48982","83258","528392","9724","2019-11-22 19:14:58 UTC","102400","304880","true","0","0","0","0","3","0","0","106766","0","0","3","0.0","0.0","0.66667"
"21322221","38337","40493","650727","5418","2019-11-22 18:39:58 UTC","88500","760682","true","0","0","0","0","3","0","0","128633","0","0","6","0.0","0.0","1.0"
"21322199","38337","40493","650727","5418","2019-11-22 19:15:14 UTC","165400","760682","true","0","0","0","0","3","0","0","128633","0","0","6","0.0","0.0","1.0"
"21322203","42178","10004","470598","9735","2019-11-22 19:09:08 UTC","29100","430429","false","0","0","0","0","1","0","0","29100","0","0","15","0.0","0.0","0.0"
"21322207","64820","36226","516292","3729","2019-11-22 19:03:50 UTC","76200","","false","0","0","0","0","1","0","0","76200","0","0","1","0.0","0.0","0.0"
"21322208","4129","31124","550209","6188","2019-11-22 19:03:07 UTC","26600","","false","0","0","0","0","1","0","0","26600","1","5","14","0.0","0.0","0.0"
"21322209","24340","91333","544570","9499","2019-11-22 19:01:54 UTC","63900","592417","false","0","0","0","0","1","0","0","63900","0","0","10","0.0","0.0","0.0"
"21322216","36991","26780","522840","5570","2019-11-22 18:53:56 UTC","1000","821124","false","0","0","0","0","1","0","0","1000","0","0","1","0.0","0.0","0.0"
"21322212","71378","9853","527407","8091","2019-11-22 18:57:08 UTC","1900","686249","true","0","0","0","0","9","0","0","12844","0","0","8","0.0","0.0","0.375"
"21322148","3978","59005","516292","8285","2019-11-22 21:08:18 UTC","126700","789725","false","0","0","0","0","1","0","0","126700","0","0","2","0.0","0.0","0.0"
"21322217","98669","55588","550209","8637","2019-11-22 18:52:56 UTC","115100","992323","false","0","0","0","0","1","0","0","115100","0","0","1","0.0","0.0","0.0"
"21322220","35249","88675","548293","7751","2019-11-22 18:42:22 UTC","105800","","false","0","0","0","0","1","0","0","105800","0","0","1","0.0","0.0","0.0"
"21322201","89943","86411","651653","2256","2019-11-22 19:11:14 UTC","197900","597308","true","0","0","0","0","5","0","0","159460","0","0","5","0.0","0.0","1.0"
"21322214","71378","9853","527407","8091","2019-11-22 18:56:00 UTC","2200","686249","true","0","0","0","0","9","0","0","12844","0","0","8","0.0","0.0","0.375"
"21322233","42178","85267","459383","9701","2019-11-22 18:17:28 UTC","21100","735990","false","0","0","0","0","2","0","0","27150","0","0","15","0.0","0.0","0.0"
"21322224","9319","5734","552236","9046","2019-11-22 18:36:50 UTC","5000","","false","0","0","0","0","1","0","0","5000","0","0","1","0.0","0.0","0.0"
"21322223","6834","31503","483066","1018","2019-11-22 18:36:57 UTC","19800","","false","0","0","0","0","1","0","0","19800","0","0","1","0.0","0.0","0.0"
"21322230","22906","63793","523421","7008","2019-11-22 18:28:04 UTC","74100","127393","false","0","0","0","0","1","0","0","74100","0","0","4","0.0","0.0","0.0"
"21322231","95377","40980","606282","6574","2019-11-22 18:26:58 UTC","30900","110079","false","0","0","0","0","1","0","0","30900","0","0","1","0.0","0.0","0.0"
"21322234","73152","5156","230650","7507","2019-11-22 18:15:42 UTC","30600","774426","false","0","0","0","0","1","0","0","30600","0","0","1","0.0","0.0","0.0"
"21322236","66916","12212","516292","3477","2019-11-22 18:13:12 UTC","112900","311487","false","0","0","0","0","1","0","0","112900","0","0","1","0.0","0.0","0.0"
"21322251","45959","34482","230650","7220","2019-11-22 17:46:47 UTC","105600","753452","false","0","0","0","0","2","0","0","82200","0","1","5","0.0","0.0","0.0"
"21322229","86075","23723","485464","9105","2019-11-22 18:28:35 UTC","88900","689172","false","0","0","0","0","2","0","0","132400","0","0","2","0.0","0.0","0.0"
"21322238","55738","2484","456137","7260","2019-11-22 18:03:43 UTC","184500","119274","false","0","0","0","0","1","0","0","184500","0","0","1","0.0","0.0","0.0"
"21322240","47771","61602","434546","9878","2019-11-22 18:02:25 UTC","10000","","false","0","0","0","0","1","0","0","10000","0","0","1","0.0","0.0","0.0"
"21322241","77896","89590","526863","9380","2019-11-22 18:00:56 UTC","10000","504467","false","0","0","0","0","1","0","0","10000","0","0","1","0.0","0.0","0.0"
"21322243","66987","47747","422061","6503","2019-11-22 17:59:37 UTC","27000","771950","false","0","0","0","0","1","0","0","27000","0","0","1","0.0","0.0","0.0"
"21322245","38337","17507","498406","9615","2019-11-22 17:56:43 UTC","60800","530853","true","0","0","0","0","1","0","0","60800","0","0","6","0.0","0.0","1.0"
"21322247","11021","14205","544731","2678","2019-11-22 17:53:42 UTC","55900","470971","false","0","0","0","0","1","0","0","55900","0","0","1","0.0","0.0","0.0"
"21322249","53649","79727","536143","4000","2019-11-22 17:49:18 UTC","317800","","false","0","0","0","0","1","0","0","317800","0","0","1","0.0","0.0","0.0"
"21322250","33862","60916","535081","3850","2019-11-22 17:48:01 UTC","2000","663400","false","0","0","0","0","1","0","0","2000","0","0","1","0.0","0.0","0.0"
"21322253","38388","27939","527660","8005","2019-11-22 17:45:34 UTC","133200","935070","false","0","0","0","0","3","0","0","185833","0","0","4","0.0","0.0","0.0"
"21322254","92089","69953","515590","1502","2019-11-22 17:45:21 UTC","62000","245842","false","0","0","0","0","1","0","0","62000","0","0","8","0.0","0.0","0.0"
"21322257","64910","75261","422005","5392","2019-11-22 17:37:45 UTC","241600","529196","false","0","0","0","0","1","0","0","241600","0","0","1","0.0","0.0","0.0"
"21322258","99711","45808","453211","2737","2019-11-22 17:36:56 UTC","182600","734804","false","0","0","0","0","1","0","0","182600","0","0","2","0.0","0.0","0.0"
"21322225","38337","40493","650727","5418","2019-11-22 18:35:28 UTC","132000","760682","true","0","0","0","0","3","0","0","128633","0","0","6","0.0","0.0","1.0"
"21322261","42178","9868","410715","8107","2019-11-22 17:29:42 UTC","28600","768034","false","0","0","0","0","1","0","0","28600","0","0","15","0.0","0.0","0.0"
"21322262","75917","92930","606282","9364","2019-11-22 17:29:07 UTC","58800","69227","true","0","0","0","0","2","0","0","83550","0","0","6","0.0","0.0","1.0"
"21322264","37323","62965","650485","3042","2019-11-22 17:27:15 UTC","17100","674887","false","0","0","0","0","1","0","0","17100","0","0","2","0.0","0.0","0.0"
"21322265","14025","95404","418053","4015","2019-11-22 17:19:12 UTC","15400","919082","false","0","0","0","0","1","0","0","15400","0","0","2","0.0","0.0","0.0"
"21322268","4129","81592","535016","9140","2019-11-22 17:08:46 UTC","26100","99545","false","0","0","0","0","1","0","0","26100","1","5","14","0.0","0.0","0.0"
"21322270","31978","99486","542820","4510","2019-11-22 17:08:15 UTC","110300","524907","false","0","0","0","0","1","0","0","110300","0","0","2","0.0","0.0","0.0"
"21322271","49205","37333","527308","1222","2019-11-22 17:05:19 UTC","28500","185785","false","0","0","0","0","1","0","0","28500","2","7","68","0.0","0.0","0.0"
"21322272","39340","22356","453211","6780","2019-11-22 17:04:44 UTC","4200","629558","false","0","0","0","0","1","0","0","4200","0","0","2","0.0","0.0","0.0"
"21322274","22118","40674","522688","6667","2019-11-22 16:59:45 UTC","93400","","false","0","0","0","0","1","0","0","93400","0","0","3","0.0","0.0","0.0"
"21322277","58690","5838","498442","3972","2019-11-22 16:50:14 UTC","12100","100035","false","0","0","0","0","1","0","0","12100","0","0","1","0.0","0.0","0.0"
"21322278","17264","52345","518814","6183","2019-11-22 16:49:08 UTC","25100","320076","false","0","0","0","0","1","0","0","25100","0","0","4","0.0","0.0","0.0"
"21322279","72133","21527","455184","1768","2019-11-22 16:47:46 UTC","56400","647941","false","0","0","0","0","1","0","0","56400","0","0","2","0.0","0.0","0.0"
"21322281","72133","56353","472280","5928","2019-11-22 16:47:23 UTC","97800","229018","false","0","0","0","0","1","0","0","97800","0","0","2","0.0","0.0","0.0"
"21322283","15872","46876","550209","8731","2019-11-22 16:44:42 UTC","24000","","false","0","0","0","0","1","0","0","24000","0","0","1","0.0","0.0","0.0"
"21322285","49801","3022","550209","3911","2019-11-22 16:40:30 UTC","9500","","false","0","0","0","0","1","0","0","9500","0","0","1","0.0","0.0","0.0"
"21322287","81945","24460","650485","2501","2019-11-22 16:32:25 UTC","85900","493290","false","0","0","0","0","1","0","0","85900","0","0","1","0.0","0.0","0.0"
"21322289","95186","26109","516136","1945","2019-11-22 16:27:44 UTC","357500","680952","false","0","0","0","0","1","0","0","357500","0","0","1","0.0","0.0","0.0"
"21322290","4997","12259","406655","470","2019-11-22 16:26:06 UTC","145900","182400","false","0","0","0","0","1","0","0","145900","0","0","2","0.0","0.0","0.0"
"21322291","33367","59738","530033","3842","2019-11-22 16:26:05 UTC","21100","768569","false","0","0","0","0","1","0","0","21100","0","0","1","0.0","0.0","0.0"
"21322292","13148","94740","410863","8485","2019-11-22 16:22:09 UTC","28900","","false","0","0","0","0","1","0","0","28900","0","0","2","0.0","0.0","0.0"
"21322296","60779","56139","412177","4129","2019-11-22 16:12:26 UTC","311400","770656","true","0","0","0","0","2","0","0","183450","0","0","4","0.0","0.0","0.75"
"21322297","51481","67953","558763","9348","2019-11-22 16:10:40 UTC","1000","","false","0","0","0","0","1","0","0","1000","0","0","1","0.0","0.0","0.0"
"21322301","87378","63593","516292","6778","2019-11-22 16:03:21 UTC","22700","327484","false","0","0","0","0","1","0","0","22700","0","0","1","0.0","0.0","0.0"
"21322303","23017","12148","544731","4317","2019-11-22 15:57:02 UTC","62700","751782","false","0","0","0","0","1","0","0","62700","0","1","2","0.0","1.0","0.5"
"21322339","31960","41526","458919","3070","2019-11-22 14:47:14 UTC","30000","","false","0","0","0","0","1","0","0","30000","0","2","8","0.0","0.0","0.0"
"21322304","18329","83714","516292","5327","2019-11-22 15:56:52 UTC","68900","141870","false","0","0","0","0","1","0","0","68900","0","0","3","0.0","0.0","0.0"
"21322305","23781","40230","526863","2004","2019-11-22 15:54:38 UTC","69300","","false","0","0","0","0","1","0","0","69300","0","0","3","0.0","0.0","0.0"
"21322307","99379","32928","549167","8311","2019-11-22 15:52:28 UTC","25600","34179","false","0","0","0","0","1","0","0","25600","0","0","11","0.0","0.0","0.0"
"21322310","71508","30907","543882","9468","2019-11-22 15:47:49 UTC","70000","717628","false","0","0","0","0","1","0","0","70000","0","0","1","0.0","0.0","0.0"
"21322312","57787","28360","422061","2840","2019-11-22 15:46:46 UTC","208200","370998","false","0","0","0","0","1","0","0","208200","0","0","1","0.0","0.0","0.0"
"21322313","12988","44550","523421","5705","2019-11-22 15:40:59 UTC","36900","914062","false","0","0","0","0","1","0","0","36900","0","0","1","0.0","0.0","0.0"
"21322300","56185","74328","403247","7337","2019-11-22 16:03:41 UTC","1000","98501","false","0","0","0","0","1","0","0","1000","0","0","1","0.0","0.0","0.0"
"21322315","56464","72958","548573","190","2019-11-22 15:39:37 UTC","25100","383797","false","0","0","0","0","1","0","0","25100","0","0","2","0.0","0.0","0.0"
"21322317","64072","96175","550209","4687","2019-11-22 15:37:34 UTC","307900","795223","false","0","0","0","0","1","0","0","307900","0","0","1","0.0","0.0","0.0"
"21322320","24092","70785","535081","7308","2019-11-22 15:26:39 UTC","20000","420923","false","0","0","0","0","1","0","0","20000","0","0","1","0.0","0.0","0.0"
"21322321","30180","95633","514945","2557","2019-11-22 15:26:04 UTC","177000","792498","false","0","0","0","0","1","0","0","177000","0","0","4","0.0","0.0","0.0"
"21322325","10226","88822","516292","7936","2019-11-22 15:16:54 UTC","14800","512847","false","0","0","0","0","1","0","0","14800","0","0","2","0.0","0.0","0.0"
"21322324","49387","98432","455184","9829","2019-11-22 15:17:02 UTC","44800","534341","false","0","0","0","0","2","0","0","48100","0","0","2","0.0","0.0","0.0"
"21322323","49387","98432","455184","9829","2019-11-22 15:18:41 UTC","51400","534341","false","0","0","0","0","2","0","0","48100","0","0","2","0.0","0.0","0.0"
"21322326","13436","84641","410863","4060","2019-11-22 15:13:56 UTC","82900","209396","false","0","0","0","0","1","0","0","82900","0","0","1","0.0","0.0","0.0"
"21322330","99379","41595","530033","3266","2019-11-22 15:06:21 UTC","47600","753930","false","0","0","0","0","1","0","0","47600","0","0","11","0.0","0.0","0.0"
"21322331","32808","45039","406655","2523","2019-11-22 15:04:17 UTC","101200","221406","false","0","0","0","0","1","0","0","101200","0","0","1","0.0","0.0","0.0"
"21322333","49205","78426","515590","1843","2019-11-22 15:01:13 UTC","27900","586381","false","0","0","0","0","1","0","0","27900","2","7","68","0.0","0.0","0.0"
"21322334","7513","67226","548721","4567","2019-11-22 14:59:38 UTC","27300","944054","false","0","0","0","0","2","0","0","27150","0","0","2","0.0","0.0","0.0"
"21322336","21387","41714","498401","1658","2019-11-22 14:54:40 UTC","75400","287513","false","0","0","0","0","1","0","0","75400","0","0","1","0.0","0.0","0.0"
"21322338","40591","57906","650914","4589","2019-11-22 14:51:54 UTC","250300","753336","false","0","0","0","0","1","0","0","250300","0","1","2","0.0","0.0","0.0"
"21322340","49205","32861","459383","1592","2019-11-22 14:43:33 UTC","25200","","false","0","0","0","0","1","0","0","25200","2","7","68","0.0","0.0","0.0"
"21322345","68327","11452","506778","3972","2019-11-22 14:38:26 UTC","73000","274282","false","0","0","0","0","8","0","0","90512","0","0","1","0.0","0.0","0.0"
"21322346","80472","31869","523421","6312","2019-11-22 14:37:44 UTC","2000","895800","false","0","0","0","0","1","0","0","2000","0","0","1","0.0","0.0","0.0"
"21322348","56692","19363","410863","5742","2019-11-22 14:32:08 UTC","18700","258354","false","0","0","0","0","1","0","0","18700","0","0","1","0.0","0.0","0.0"
"21322349","18344","64057","553636","5591","2019-11-22 14:29:55 UTC","96900","112327","false","0","0","0","0","2","0","0","97500","0","0","6","0.0","0.0","0.66667"
"21322352","65330","23038","489167","7131","2019-11-22 14:22:42 UTC","202000","971113","false","0","0","0","0","1","0","0","202000","0","0","10","0.0","0.0","0.8"
"21322311","60779","56139","412177","4129","2019-11-22 15:47:19 UTC","55500","770656","true","0","0","0","0","2","0","0","183450","0","0","4","0.0","0.0","0.75"
"21322353","76347","99634","529861","2237","2019-11-22 14:19:18 UTC","4000","653298","false","0","0","0","0","1","0","0","4000","0","0","1","0.0","0.0","0.0"
"21322354","49205","77952","523421","6215","2019-11-22 14:18:52 UTC","26700","","false","0","0","0","0","1","0","0","26700","2","7","68","0.0","0.0","0.0"
"21322358","22906","17246","542820","6958","2019-11-22 14:12:06 UTC","63500","509176","false","0","0","0","0","2","0","0","66550","0","0","4","0.0","0.0","0.0"
"21322359","41034","77513","541187","4859","2019-11-22 14:10:36 UTC","19700","219254","false","0","0","0","0","1","0","0","19700","0","0","5","0.0","0.0","0.0"
"21322360","58341","43344","544731","1569","2019-11-22 14:09:21 UTC","109300","106027","false","0","0","0","0","1","0","0","109300","0","0","1","0.0","0.0","0.0"
"21322361","50512","19909","539091","8075","2019-11-22 14:05:39 UTC","23900","135015","false","0","0","0","0","1","0","0","23900","0","0","5","0.0","0.0","0.0"
"21322364","24340","81216","535081","6318","2019-11-22 13:56:19 UTC","30100","373064","false","0","0","0","0","1","0","0","30100","0","0","10","0.0","0.0","0.0"
"21322365","15572","33181","455183","3020","2019-11-22 13:54:59 UTC","38700","818064","false","0","0","0","0","1","0","0","38700","0","0","1","0.0","0.0","0.0"
"21322367","10002","15357","549167","7102","2019-11-22 13:40:51 UTC","25900","543116","false","0","0","0","0","1","0","0","25900","0","0","1","0.0","0.0","0.0"
"21322368","59856","14857","550209","3030","2019-11-22 13:38:56 UTC","15500","13549","false","0","0","0","0","1","0","0","15500","0","0","2","0.0","0.0","0.0"
"21322371","95111","38200","516292","9526","2019-11-22 13:31:04 UTC","38000","636561","false","0","0","0","0","1","0","0","38000","0","0","1","0.0","0.0","0.0"
"21322372","65465","90972","550209","2762","2019-11-22 13:23:03 UTC","70100","853911","false","0","0","0","0","1","0","0","70100","0","0","2","0.0","0.0","0.0"
"21322373","49817","12876","550209","6408","2019-11-22 13:14:42 UTC","4000","974268","false","0","0","0","0","1","0","0","4000","0","0","1","0.0","0.0","0.0"
"21322449","85032","14884","530994","9962","2019-11-21 23:36:53 UTC","40700","677518","false","0","0","0","0","1","0","0","40700","0","0","1","0.0","0.0","0.0"
"21322418","4705","91637","530033","9840","2019-11-22 02:02:39 UTC","72700","563499","true","0","1","0","0","22","0","0","78763","0","0","22","0.0","0.0","0.86364"
"21322378","4757","49500","459383","6548","2019-11-22 12:46:59 UTC","40400","803821","false","0","0","0","0","1","0","0","40400","0","0","1","0.0","0.0","0.0"
"21322380","78620","31556","523421","2770","2019-11-22 12:36:31 UTC","16600","676959","false","0","0","0","0","1","0","0","16600","0","0","1","0.0","0.0","0.0"
"21322375","30180","99654","415275","4112","2019-11-22 13:00:38 UTC","237300","152381","false","0","0","0","0","1","0","0","237300","0","0","4","0.0","0.0","0.0"
"21322381","68087","9983","544731","3850","2019-11-22 12:32:06 UTC","32000","6365","false","0","0","0","0","1","0","0","32000","0","0","1","0.0","0.0","0.0"
"21322384","53886","2435","552236","9119","2019-11-22 12:20:52 UTC","98700","295315","false","0","0","0","0","1","0","0","98700","0","0","1","0.0","0.0","0.0"
"21322385","94482","15779","485464","8862","2019-11-22 12:19:09 UTC","9200","195319","false","0","0","0","0","1","0","0","9200","0","0","1","0.0","0.0","0.0"
"21322386","47863","20178","535016","7503","2019-11-22 12:18:59 UTC","2000","165537","false","0","0","0","0","1","0","0","2000","0","0","1","0.0","0.0","0.0"
"21322388","43143","83758","535016","7411","2019-11-22 11:59:47 UTC","7900","107301","false","0","0","0","0","1","0","0","7900","0","0","1","0.0","0.0","0.0"
"21322391","36884","64256","528392","7129","2019-11-22 11:54:38 UTC","29700","26177","false","0","0","0","0","1","0","0","29700","0","0","1","0.0","0.0","0.0"
"21322441","11911","24543","550209","4447","2019-11-22 00:04:46 UTC","320700","","true","0","1","0","0","2","0","0","185550","0","0","2","0.0","0.0","1.0"
"21322393","81894","33616","535016","2006","2019-11-22 11:45:44 UTC","40400","663018","false","0","0","0","0","1","0","0","40400","0","0","2","0.0","0.0","0.5"
"21322394","61644","58287","606282","8548","2019-11-22 11:38:30 UTC","62600","235864","false","0","0","0","0","1","0","0","62600","0","0","2","0.0","0.0","0.0"
"21322397","65807","88529","535081","3023","2019-11-22 11:33:33 UTC","22700","980492","false","0","0","0","0","1","0","0","22700","0","0","1","0.0","0.0","0.0"
"21322399","74790","99304","453211","9887","2019-11-22 11:24:53 UTC","200","","false","0","0","0","0","1","0","0","200","0","0","1","0.0","0.0","0.0"
"21322400","73182","1072","650485","5779","2019-11-22 11:20:51 UTC","49900","805460","false","0","0","0","0","1","0","0","49900","0","0","1","0.0","0.0","0.0"
"21322401","41034","61234","515590","6597","2019-11-22 11:19:34 UTC","16800","156922","false","0","0","0","0","1","0","0","16800","0","0","5","0.0","0.0","0.0"
"21322404","84699","97123","541759","7922","2019-11-22 10:14:13 UTC","34000","263077","false","0","0","0","0","1","0","0","34000","0","0","2","0.0","0.0","0.0"
"21322405","99298","39729","476331","7133","2019-11-22 09:49:33 UTC","1000","596275","false","0","0","0","0","1","0","0","1000","0","0","2","0.0","0.0","0.0"
"21322407","7246","15031","540105","6030","2019-11-22 04:31:32 UTC","63600","","false","0","1","0","0","1","0","0","63600","0","0","5","0.0","0.0","0.0"
"21322408","56275","64921","470598","9887","2019-11-22 03:13:33 UTC","33600","310013","false","0","1","0","0","1","0","0","33600","0","0","1","0.0","0.0","0.0"
"21322412","2275","71474","498453","4994","2019-11-22 03:05:52 UTC","38300","","false","0","1","0","0","1","0","0","38300","0","0","1","0.0","0.0","0.0"
"21322415","96692","43108","541555","6900","2019-11-22 02:34:32 UTC","98000","6638","true","0","1","0","0","1","0","0","98000","0","0","1","0.0","0.0","1.0"
"21322417","38803","89951","530034","1727","2019-11-22 02:08:01 UTC","29200","25937","false","0","1","0","0","1","0","0","29200","0","0","2","0.0","0.0","0.0"
"21322422","63467","7593","523421","2660","2019-11-22 01:32:19 UTC","49400","486041","false","0","1","0","0","1","0","0","49400","0","0","2","0.0","0.0","0.0"
"21322424","63916","28646","523421","9245","2019-11-22 01:31:33 UTC","67000","227506","false","0","1","0","0","1","0","0","67000","0","0","1","0.0","0.0","0.0"
"21322421","60779","11452","470598","2152","2019-11-22 01:36:06 UTC","54200","274282","true","0","1","0","0","8","0","0","90512","0","0","4","0.0","0.0","0.75"
"21322425","14834","27581","516306","1388","2019-11-22 01:28:19 UTC","14900","","false","0","1","0","0","1","0","0","14900","0","0","2","0.0","0.0","0.0"
"21322414","4705","91637","530033","6050","2019-11-22 02:35:49 UTC","69600","563499","true","0","1","0","0","22","0","0","78763","0","0","22","0.0","0.0","0.86364"
"21322428","53041","73846","558763","1630","2019-11-22 01:00:39 UTC","390400","204995","false","0","1","0","0","1","0","0","390400","0","0","19","0.0","0.0","0.73684"
"21322430","34434","30447","535016","5419","2019-11-22 00:49:34 UTC","25600","","false","0","1","0","0","1","0","0","25600","0","0","3","0.0","0.0","0.0"
"21322419","91","1668","536518","2118","2019-11-22 01:55:51 UTC","105200","208768","false","0","1","0","0","2","0","0","75900","0","0","2","0.0","0.0","0.0"
"21322389","92897","89626","421644","5277","2019-11-22 11:59:31 UTC","13800","4571","false","0","0","0","0","2","0","0","12600","0","0","3","0.0","0.0","0.0"
"21322443","53041","11452","470598","2152","2019-11-21 23:58:19 UTC","72800","274282","true","0","0","0","0","8","0","0","90512","0","0","19","0.0","0.0","0.73684"
"21322432","12855","6326","536380","3136","2019-11-22 00:47:11 UTC","10000","716895","false","0","1","0","0","1","0","0","10000","0","0","4","0.0","0.0","0.0"
"21322433","47860","34927","544731","8164","2019-11-22 00:37:30 UTC","20100","433482","false","0","1","0","0","1","0","0","20100","0","0","1","0.0","0.0","0.0"
"21322434","31978","19799","514087","2021","2019-11-22 00:27:46 UTC","159800","288196","false","0","1","0","0","1","0","0","159800","0","0","2","0.0","0.0","0.0"
"21322413","4705","91637","530033","3319","2019-11-22 02:55:19 UTC","67800","563499","true","0","1","0","0","22","0","0","78763","0","0","22","0.0","0.0","0.86364"
"21322439","53041","58905","459080","2870","2019-11-22 00:07:34 UTC","78000","122092","true","0","1","0","0","4","0","0","57450","0","0","19","0.0","0.0","0.73684"
"21322437","53041","58905","459080","2870","2019-11-22 00:12:45 UTC","15900","122092","true","0","1","0","0","4","0","0","57450","0","0","19","0.0","0.0","0.73684"
"21322440","13772","79445","406655","4424","2019-11-22 00:07:11 UTC","1000","692940","false","0","1","0","0","1","0","0","1000","0","0","8","0.0","0.0","0.0"
"21322448","65702","99411","650487","6216","2019-11-21 23:39:56 UTC","76500","755804","false","0","0","0","0","1","0","0","76500","0","0","1","0.0","0.0","0.0"
"21322446","60779","11452","455187","2744","2019-11-21 23:47:41 UTC","107800","274282","false","0","0","0","0","8","0","0","90512","0","0","4","0.0","0.0","0.75"
"21322453","38803","81872","482425","4144","2019-11-21 23:26:44 UTC","28500","764690","false","0","0","0","0","1","0","0","28500","0","0","2","0.0","0.0","0.0"
"21322454","24340","25452","536537","6125","2019-11-21 23:23:29 UTC","77500","213110","false","0","0","0","0","1","0","0","77500","0","0","10","0.0","0.0","0.0"
"21322456","25732","98606","516292","9698","2019-11-21 23:17:59 UTC","1700","","false","0","0","0","0","1","0","0","1700","0","0","1","0.0","0.0","0.0"
"21322489","62052","82426","516292","8023","2019-11-21 21:00:04 UTC","51400","229829","false","0","0","0","0","1","0","0","51400","0","3","5","0.0","0.0","0.0"
"21322459","79938","50852","516292","3910","2019-11-21 23:01:00 UTC","41200","645870","false","0","0","0","0","1","0","0","41200","0","0","2","0.0","0.0","0.0"
"21322505","81433","540","549167","6682","2019-11-21 20:25:31 UTC","131600","664968","false","0","0","0","0","1","0","0","131600","0","0","2","0.0","0.0","0.0"
"21322464","75917","92930","606282","9364","2019-11-21 22:45:26 UTC","108300","69227","true","0","0","0","0","2","0","0","83550","0","0","6","0.0","0.0","1.0"
"21322525","65330","78262","515590","2057","2019-11-21 19:41:36 UTC","399600","547440","false","0","0","0","0","13","0","0","301453","0","0","10","0.0","0.0","0.8"
"21322463","9828","87858","544315","9978","2019-11-21 22:45:42 UTC","81600","695208","false","0","0","0","0","1","0","0","81600","0","1","2","0.0","0.0","0.0"
"21322451","71577","58162","531681","5193","2019-11-21 23:28:24 UTC","235700","322220","false","0","0","0","0","1","0","0","235700","0","0","1","0.0","0.0","0.0"
"21322465","71549","51263","516292","2760","2019-11-21 22:43:03 UTC","71100","","false","0","0","0","0","1","0","0","71100","0","0","2","0.0","0.0","0.0"
"21322468","12855","91508","511781","9387","2019-11-21 22:27:51 UTC","10000","506572","false","0","0","0","0","1","0","0","10000","0","0","4","0.0","0.0","0.0"
"21322469","75933","96481","542820","1493","2019-11-21 22:27:48 UTC","17500","493414","false","0","0","0","0","1","0","0","17500","0","0","1","0.0","0.0","0.0"
"21322471","64076","60325","453211","8399","2019-11-21 22:12:22 UTC","24600","","false","0","0","0","0","1","0","0","24600","0","0","2","0.0","0.0","0.0"
"21322474","68337","31847","651668","2020","2019-11-21 21:58:36 UTC","157100","372281","false","0","0","0","0","1","0","0","157100","0","0","1","0.0","0.0","0.0"
"21322475","17057","20367","530034","3076","2019-11-21 21:56:48 UTC","162400","14550","false","0","0","0","0","1","0","0","162400","0","0","1","0.0","0.0","0.0"
"21322476","23243","66168","230650","8568","2019-11-21 21:56:45 UTC","26400","202370","false","0","0","0","0","1","0","0","26400","0","0","1","0.0","0.0","0.0"
"21322477","25199","83826","650486","4290","2019-11-21 21:47:28 UTC","56300","463922","true","0","0","0","0","1","0","0","56300","0","0","1","0.0","0.0","1.0"
"21322481","25844","93247","522840","5170","2019-11-21 21:30:32 UTC","4700","751393","false","0","0","0","0","1","0","0","4700","0","0","1","0.0","0.0","0.0"
"21322482","37323","75136","546479","8816","2019-11-21 21:21:15 UTC","1000","480103","false","0","0","0","0","1","0","0","1000","0","0","2","0.0","0.0","0.0"
"21322483","22612","26539","511623","4940","2019-11-21 21:15:51 UTC","5000","102005","false","0","0","0","0","1","0","0","5000","0","0","2","0.0","0.0","0.0"
"21322484","50563","11634","531681","6694","2019-11-21 21:11:27 UTC","1000","444690","false","0","0","0","0","1","0","0","1000","0","0","1","0.0","0.0","0.0"
"21322486","23401","21627","525631","7879","2019-11-21 21:09:26 UTC","31800","","false","0","0","0","0","1","0","0","31800","0","0","1","0.0","0.0","0.0"
"21322488","38274","78216","523421","8591","2019-11-21 21:03:46 UTC","63700","977137","false","0","0","0","0","1","0","0","63700","0","0","1","0.0","0.0","0.0"
"21322491","53041","28218","498406","7104","2019-11-21 20:57:57 UTC","36500","174844","true","0","0","0","0","5","0","0","59280","0","0","19","0.0","0.0","0.73684"
"21322493","26077","32202","544731","6187","2019-11-21 20:54:56 UTC","46100","327841","false","0","0","0","0","1","0","0","46100","0","0","1","0.0","0.0","0.0"
"21322495","63983","4710","410863","2175","2019-11-21 20:53:06 UTC","48500","","false","0","0","0","0","1","0","0","48500","0","0","1","0.0","0.0","0.0"
"21322496","9309","94619","528052","1171","2019-11-21 20:49:06 UTC","54200","52297","false","0","0","0","0","1","0","0","54200","0","0","1","0.0","0.0","0.0"
"21322498","46510","67934","490172","3128","2019-11-21 20:44:54 UTC","66900","","false","0","0","0","0","1","0","0","66900","0","0","1","0.0","0.0","0.0"
"21322503","76334","30508","525496","950","2019-11-21 20:29:27 UTC","62100","667883","false","0","0","0","0","1","0","0","62100","0","0","1","0.0","0.0","0.0"
"21322506","9008","33773","523421","5613","2019-11-21 20:25:03 UTC","1000","785456","false","0","0","0","0","1","0","0","1000","0","0","1","0.0","0.0","0.0"
"21322504","48982","69588","526863","3767","2019-11-21 20:27:52 UTC","3000","766158","false","0","0","0","0","5","0","0","72600","0","0","3","0.0","0.0","0.66667"
"21322508","96247","95580","459313","8091","2019-11-21 20:22:41 UTC","63100","574152","false","0","0","0","0","1","0","0","63100","0","0","1","0.0","0.0","0.0"
"21322511","18848","80139","498442","2336","2019-11-21 20:18:11 UTC","106200","10689","false","0","0","0","0","1","0","0","106200","0","0","1","0.0","0.0","0.0"
"21322512","1954","38995","522840","4760","2019-11-21 20:15:18 UTC","403500","911170","false","0","0","0","0","1","0","0","403500","0","0","1","0.0","0.0","0.0"
"21322500","48982","69588","542976","1627","2019-11-21 20:39:47 UTC","37500","766158","true","0","0","0","0","5","0","0","72600","0","0","3","0.0","0.0","0.66667"
"21322513","90326","18638","650516","4742","2019-11-21 20:14:36 UTC","72600","799521","false","0","0","0","0","1","0","0","72600","0","0","1","0.0","0.0","0.0"
"21322516","28721","74593","523421","7585","2019-11-21 20:02:05 UTC","1000","349022","false","0","0","0","0","1","0","0","1000","0","0","1","0.0","0.0","0.0"
"21322460","65241","35138","549167","8109","2019-11-21 22:55:24 UTC","193400","10312","true","0","0","0","0","2","0","0","290850","0","0","3","0.0","0.0","1.0"
"21322517","56148","35844","550209","9504","2019-11-21 20:01:40 UTC","39000","315572","false","0","0","0","0","1","0","0","39000","0","0","2","0.0","0.0","0.0"
"21322518","58069","56468","544731","3002","2019-11-21 20:00:29 UTC","3300","943032","false","0","0","0","0","1","0","0","3300","0","0","1","0.0","0.0","0.0"
"21322522","1466","97125","478307","2033","2019-11-21 19:45:27 UTC","1000","593862","false","0","0","0","0","1","0","0","1000","0","0","1","0.0","0.0","0.0"
"21322523","71684","23238","548984","6766","2019-11-21 19:43:09 UTC","15400","246371","false","0","0","0","0","1","0","0","15400","0","0","2","0.0","0.0","0.0"
"21322524","29931","18257","528392","6499","2019-11-21 19:41:37 UTC","28800","38586","false","0","0","0","0","1","0","0","28800","1","4","11","0.0","0.0","0.0"
"21322540","9292","39334","553665","7590","2019-11-21 18:28:03 UTC","358300","341045","true","0","0","0","0","1","0","0","358300","0","0","1","0.0","0.0","1.0"
"21322542","85369","20556","506741","1327","2019-11-21 18:12:46 UTC","123700","","false","0","0","0","0","1","0","0","123700","0","0","1","0.0","0.0","0.0"
"21322543","66409","65981","527407","4375","2019-11-21 18:06:08 UTC","37600","867901","false","0","0","0","0","1","0","0","37600","0","0","1","0.0","0.0","0.0"
"21322546","94747","91425","406655","8923","2019-11-21 18:01:26 UTC","133400","206854","false","0","0","0","0","1","0","0","133400","0","0","1","0.0","0.0","0.0"
"21322544","33167","89071","514945","3716","2019-11-21 18:05:43 UTC","37200","","false","0","0","0","1","2","0","26000","31600","0","0","1","0.0","0.0","0.0"
"21322591","15371","52613","482425","3103","2019-11-21 14:37:38 UTC","21500","","false","0","0","0","0","2","0","0","14750","0","0","3","0.0","0.0","0.0"
"21322588","15371","52613","482425","3103","2019-11-21 14:46:29 UTC","8000","","false","0","0","0","0","2","0","0","14750","0","0","3","0.0","0.0","0.0"
"21322595","1356","58799","406655","6485","2019-11-21 14:12:53 UTC","19900","991631","false","0","0","0","1","2","0","9300","14600","0","2","5","0.0","0.0","0.0"
"21322548","68856","16083","530599","6818","2019-11-21 17:58:29 UTC","34000","450574","false","0","0","0","0","1","0","0","34000","0","0","1","0.0","0.0","0.0"
"21322549","14006","30702","518482","7255","2019-11-21 17:54:47 UTC","160900","130700","false","0","0","0","0","2","0","0","115300","0","0","2","0.0","0.0","0.0"
"21322550","26981","30690","459383","30","2019-11-21 17:54:28 UTC","83500","430884","false","0","0","0","0","1","0","0","83500","1","6","12","0.0","0.0","0.0"
"21322569","43816","63096","550209","4452","2019-11-21 16:28:38 UTC","142700","","false","0","0","0","0","2","0","0","175150","0","0","2","0.0","0.0","0.0"
"21322529","57737","55849","550209","7703","2019-11-21 19:02:06 UTC","5000","499768","false","0","0","0","0","1","0","0","5000","0","0","4","0.0","0.0","0.0"
"21322530","86964","72328","230650","1514","2019-11-21 19:01:29 UTC","46400","64240","false","0","0","0","0","1","0","0","46400","0","0","3","0.0","0.0","0.0"
"21322533","71441","35428","550209","3363","2019-11-21 18:59:29 UTC","8300","744825","false","0","0","0","0","1","0","0","8300","0","0","1","0.0","0.0","0.0"
"21322534","67049","85413","544731","4829","2019-11-21 18:57:41 UTC","23300","169231","false","0","0","0","0","1","0","0","23300","0","0","2","0.0","0.0","0.0"
"21322553","99379","97949","651652","6900","2019-11-21 17:45:24 UTC","16000","","false","0","0","0","0","1","0","0","16000","0","0","11","0.0","0.0","0.0"
"21322527","64479","63842","498408","1090","2019-11-21 19:13:15 UTC","40100","560626","false","0","0","0","0","1","0","0","40100","0","0","1","0.0","0.0","0.0"
"21322554","42560","50083","230744","5926","2019-11-21 17:43:04 UTC","57200","607115","false","0","0","0","0","1","0","0","57200","0","0","1","0.0","0.0","0.0"
"21322555","26503","29423","459313","1570","2019-11-21 17:34:44 UTC","74800","279681","false","0","0","0","0","1","0","0","74800","0","0","3","0.0","0.0","0.0"
"21322557","81894","61415","606282","9701","2019-11-21 17:23:32 UTC","185600","708210","true","0","0","0","0","1","0","0","185600","0","0","2","0.0","0.0","0.5"
"21322559","46464","52243","545430","6026","2019-11-21 17:13:31 UTC","7000","728856","false","0","0","0","0","1","0","0","7000","0","0","1","0.0","0.0","0.0"
"21322560","79698","2686","542820","2631","2019-11-21 17:11:23 UTC","9900","286704","false","0","0","0","0","1","0","0","9900","4","14","21","0.0","0.0","0.0"
"21322562","25361","54327","511781","3356","2019-11-21 16:48:47 UTC","500","520587","false","0","0","0","0","1","0","0","500","0","0","1","0.0","0.0","0.0"
"21322566","49440","29915","410863","6221","2019-11-21 16:34:47 UTC","72800","413988","false","0","0","0","0","1","0","0","72800","0","0","1","0.0","0.0","0.0"
"21322575","26503","37798","516292","5168","2019-11-21 16:05:07 UTC","74000","174406","false","0","0","0","0","2","0","0","72850","0","0","3","0.0","0.0","0.0"
"21322565","26503","37798","544315","9186","2019-11-21 16:39:07 UTC","71700","174406","false","0","0","0","0","2","0","0","72850","0","0","3","0.0","0.0","0.0"
"21322567","88783","88138","606282","7887","2019-11-21 16:30:53 UTC","20700","478307","false","0","0","0","0","1","0","0","20700","0","0","1","0.0","0.0","0.0"
"21322572","94722","47545","477176","2449","2019-11-21 16:16:58 UTC","38000","720242","false","0","0","0","0","1","0","0","38000","0","0","1","0.0","0.0","0.0"
"21322573","68998","40506","550209","7834","2019-11-21 16:16:00 UTC","33500","143436","false","0","0","0","0","1","0","0","33500","0","1","6","0.0","0.0","0.0"
"21322574","51319","97550","545368","7970","2019-11-21 16:11:06 UTC","4000","223753","false","0","0","0","0","1","0","0","4000","0","0","2","0.0","0.0","0.0"
"21322576","54572","81642","552530","3548","2019-11-21 16:00:42 UTC","30300","282011","true","0","0","0","0","1","0","0","30300","0","0","2","0.0","0.0","0.5"
"21322579","8111","14625","523421","9746","2019-11-21 15:32:42 UTC","28300","169566","false","0","0","0","0","1","0","0","28300","0","0","1","0.0","0.0","0.0"
"21322582","76725","13368","606282","7667","2019-11-21 15:18:16 UTC","19000","316080","false","0","0","0","0","1","0","0","19000","1","4","10","0.0","0.0","0.0"
"21322583","80068","20866","544731","1379","2019-11-21 15:12:29 UTC","13300","642225","false","0","0","0","0","1","0","0","13300","0","0","1","0.0","0.0","0.0"
"21322584","696","69927","550209","9302","2019-11-21 15:09:10 UTC","94500","631192","false","0","0","0","0","1","0","0","94500","0","0","1","0.0","0.0","0.0"
"21322586","49205","26151","553665","9125","2019-11-21 15:00:52 UTC","30500","527931","false","0","0","0","0","1","0","0","30500","2","7","68","0.0","0.0","0.0"
"21322589","86011","91598","545430","7020","2019-11-21 14:38:35 UTC","11000","295127","false","0","0","0","0","1","0","0","11000","0","0","3","0.0","0.0","0.0"
"21322593","99379","33097","552305","3589","2019-11-21 14:33:40 UTC","46100","","false","0","0","0","0","1","0","0","46100","0","0","11","0.0","0.0","0.0"
"21322578","33192","34548","544731","8741","2019-11-21 15:42:08 UTC","45500","203134","false","0","0","0","0","6","0","0","31466","1","3","9","0.0","0.0","0.0"
"21322596","17682","56541","523421","1630","2019-11-21 14:08:04 UTC","68100","","false","0","0","0","0","1","0","0","68100","0","0","1","0.0","0.0","0.0"
"21322600","33006","2594","402934","4723","2019-11-21 13:34:01 UTC","37500","580213","false","0","0","0","0","1","0","0","37500","0","0","1","0.0","0.0","0.0"
"21322601","52663","69843","455183","8304","2019-11-21 13:33:50 UTC","24100","596043","false","0","0","0","0","1","0","0","24100","0","0","8","0.0","0.0","0.0"
"21322656","28362","92096","476608","6412","2019-11-20 13:11:17 UTC","35700","433040","false","0","0","0","0","1","0","0","35700","0","0","1","0.0","0.0","0.0"
"21322607","99379","63542","515590","7437","2019-11-21 11:16:16 UTC","42800","","false","0","0","0","0","1","0","0","42800","0","0","11","0.0","0.0","0.0"
"21322608","14025","69532","404024","3972","2019-11-21 11:06:47 UTC","28800","822779","false","0","0","0","0","1","0","0","28800","0","0","2","0.0","0.0","0.0"
"21322618","50653","67850","410863","5487","2019-11-20 23:16:59 UTC","25300","47876","false","0","0","0","0","1","0","0","25300","0","1","2","0.0","0.0","0.0"
"21322610","42711","30806","550209","8666","2019-11-21 03:05:14 UTC","1000","373850","false","0","1","0","0","1","0","0","1000","0","0","1","0.0","0.0","0.0"
"21322611","38764","57353","550209","2310","2019-11-21 03:03:45 UTC","13900","584851","false","0","1","0","0","1","0","0","13900","0","0","1","0.0","0.0","0.0"
"21322614","77695","57319","516292","2413","2019-11-21 01:16:21 UTC","2900","87691","false","0","1","0","0","1","0","0","2900","0","0","1","0.0","0.0","0.0"
"21322617","39528","34323","422061","7401","2019-11-21 00:31:47 UTC","21500","957684","false","0","1","0","0","1","0","0","21500","0","0","5","0.0","0.0","0.0"
"21322622","49205","54116","546479","9623","2019-11-20 22:24:19 UTC","17600","856453","false","0","0","0","0","1","0","0","17600","2","7","68","0.0","0.0","0.0"
"21322625","49205","92075","550209","4450","2019-11-20 21:46:55 UTC","49200","","false","0","0","0","0","1","0","0","49200","2","7","68","0.0","0.0","0.0"
"21322628","71075","97381","421507","3996","2019-11-20 21:23:58 UTC","341100","292294","false","0","0","0","0","1","0","0","341100","0","0","1","0.0","0.0","0.0"
"21322621","65330","78262","406655","6489","2019-11-20 22:45:43 UTC","225700","547440","true","0","0","0","0","13","0","0","301453","0","0","10","0.0","0.0","0.8"
"21322631","49205","55384","536518","1270","2019-11-20 20:30:53 UTC","19500","686241","false","0","0","0","0","1","0","0","19500","2","7","68","0.0","0.0","0.0"
"21322674","82100","94446","516292","5628","2019-11-19 23:14:16 UTC","6600","68677","false","0","0","0","0","2","0","0","3800","0","0","2","0.0","0.0","0.0"
"21322632","78653","15225","422061","1109","2019-11-20 20:27:10 UTC","46400","144832","false","0","0","0","0","1","0","0","46400","0","0","2","0.0","0.0","0.0"
"21322634","57710","79838","542974","5534","2019-11-20 19:24:57 UTC","6000","839128","false","0","0","0","0","1","0","0","6000","0","0","1","0.0","0.0","0.0"
"21322636","87176","53512","222763","3026","2019-11-20 18:28:22 UTC","138100","231308","false","0","0","0","0","1","0","0","138100","0","0","1","0.0","0.0","0.0"
"21322639","34434","55838","493102","6050","2019-11-20 17:40:57 UTC","26200","219818","false","0","0","0","0","1","0","0","26200","0","0","3","0.0","0.0","0.0"
"21322641","76677","89817","550209","1033","2019-11-20 17:29:27 UTC","20700","798973","false","0","0","0","0","1","0","0","20700","0","0","1","0.0","0.0","0.0"
"21322619","71378","9853","515590","8794","2019-11-20 23:08:20 UTC","5600","730313","false","0","0","0","0","9","0","0","12844","0","0","8","0.0","0.0","0.375"
"21322643","14023","74248","535016","7840","2019-11-20 17:03:35 UTC","2500","","false","0","0","0","0","1","0","0","2500","0","0","1","0.0","0.0","0.0"
"21322645","15064","98445","550209","2426","2019-11-20 16:44:10 UTC","1000","794999","false","0","0","0","0","1","0","0","1000","0","0","4","0.0","0.0","0.0"
"21322659","99730","16657","550209","4156","2019-11-20 03:53:46 UTC","18400","965552","false","0","1","0","0","2","0","0","20400","0","0","3","0.0","0.0","0.0"
"21322627","53041","28218","498406","7104","2019-11-20 21:40:53 UTC","28000","174844","true","0","0","0","0","5","0","0","59280","0","0","19","0.0","0.0","0.73684"
"21322646","70454","50249","523421","9991","2019-11-20 16:35:25 UTC","19400","945217","false","0","0","0","0","1","0","0","19400","0","1","5","0.0","0.0","0.0"
"21322647","90032","39318","412177","2224","2019-11-20 16:07:13 UTC","48900","854415","false","0","0","0","0","1","0","0","48900","0","0","8","0.0","0.0","0.0"
"21322648","83283","72728","544731","4277","2019-11-20 15:52:36 UTC","6800","431852","false","0","0","0","0","1","0","0","6800","0","1","3","0.0","0.0","0.0"
"21322650","34561","65326","490172","2558","2019-11-20 15:24:24 UTC","53100","932955","false","0","0","0","0","2","0","0","83550","0","0","2","0.0","0.0","0.0"
"21322652","74450","96576","525320","4631","2019-11-20 15:01:03 UTC","57900","","true","0","0","0","0","1","0","0","57900","0","0","1","0.0","0.0","1.0"
"21322653","72662","62755","441524","10003","2019-11-20 14:52:09 UTC","17300","677398","false","0","0","0","0","1","0","0","17300","0","0","1","0.0","0.0","0.0"
"21322655","1953","85998","536518","1127","2019-11-20 14:10:38 UTC","66000","241835","false","0","0","0","0","1","0","0","66000","0","0","1","0.0","0.0","0.0"
"21322657","46103","93619","535016","6839","2019-11-20 13:01:34 UTC","21700","25197","false","0","0","0","0","1","0","0","21700","0","0","1","0.0","0.0","0.0"
"21322658","13474","89730","541759","4894","2019-11-20 05:18:48 UTC","44600","678753","false","0","1","0","0","1","0","0","44600","0","0","1","0.0","0.0","0.0"
"21322660","67218","14780","550209","4828","2019-11-20 02:25:01 UTC","23600","238607","false","0","1","0","0","1","0","0","23600","0","0","1","0.0","0.0","0.0"
"21322624","95558","70198","550209","3058","2019-11-20 21:49:20 UTC","21300","730197","false","0","0","0","0","2","0","0","18550","0","1","4","0.0","0.0","0.0"
"21322672","53041","58905","459080","2870","2019-11-19 23:20:43 UTC","102500","122092","true","0","0","0","0","4","0","0","57450","0","0","19","0.0","0.0","0.73684"
"21322664","17264","99819","476331","1600","2019-11-20 00:49:37 UTC","36500","459919","false","0","1","0","0","1","0","0","36500","0","0","4","0.0","0.0","0.0"
"21322665","98449","82789","530034","2264","2019-11-20 00:22:38 UTC","64900","262968","false","0","1","0","0","1","0","0","64900","0","0","1","0.0","0.0","0.0"
"21322666","17348","89756","506726","3313","2019-11-20 00:06:08 UTC","124200","929066","false","0","1","0","0","1","0","0","124200","1","3","5","0.0","0.0","0.0"
"21322669","49205","65320","498453","7323","2019-11-20 00:00:18 UTC","23900","","false","0","1","0","0","1","0","0","23900","2","7","68","0.0","0.0","0.0"
"21322673","99379","78872","514945","3920","2019-11-19 23:19:08 UTC","37800","680929","false","0","0","0","0","1","0","0","37800","0","0","11","0.0","0.0","0.0"
"21322675","21531","42342","636368","8730","2019-11-19 22:39:28 UTC","108800","770497","false","0","0","0","0","1","0","0","108800","0","0","1","0.0","0.0","0.0"
"21322677","49205","53039","534520","1300","2019-11-19 22:04:12 UTC","48400","202335","false","0","0","0","0","1","0","0","48400","2","7","68","0.0","0.0","0.0"
"21323260","30643","28198","650485","8970","2019-11-10 09:25:49 UTC","40900","","false","1","0","0","0","1","0","0","40900","0","1","1","0.0","0.0","0.0"
"21322667","53041","58905","459080","2870","2019-11-20 00:03:28 UTC","33400","122092","true","0","1","0","0","4","0","0","57450","0","0","19","0.0","0.0","0.73684"
"21322684","12561","50329","523421","2493","2019-11-19 21:32:08 UTC","1000","528594","false","0","0","0","0","2","0","0","1000","0","0","2","0.0","0.0","0.0"
"21322713","59324","66471","544731","9163","2019-11-19 17:54:47 UTC","7000","233560","false","0","0","0","0","1","0","0","7000","0","0","7","0.0","0.0","0.0"
"21322686","603","28326","536537","7144","2019-11-19 21:03:38 UTC","36900","276717","false","0","0","0","0","1","0","0","36900","0","1","2","0.0","0.0","0.0"
"21322726","41438","58890","543882","2498","2019-11-19 15:04:40 UTC","34200","786054","false","0","0","0","0","1","0","0","34200","0","0","1","0.0","0.0","0.0"
"21322745","1356","56512","550209","5021","2019-11-19 10:38:44 UTC","8000","561771","false","0","0","0","0","1","0","0","8000","0","2","5","0.0","0.0","0.0"
"21322687","43509","24312","516292","4670","2019-11-19 20:56:05 UTC","103300","784481","false","0","0","0","0","1","0","0","103300","0","0","1","0.0","0.0","0.0"
"21322690","36622","37507","459383","1151","2019-11-19 20:37:32 UTC","127200","","false","0","0","0","0","1","0","0","127200","0","0","1","0.0","0.0","0.0"
"21322692","41264","62803","511781","5170","2019-11-19 20:17:54 UTC","58800","100144","false","0","0","0","0","1","0","0","58800","0","0","1","0.0","0.0","0.0"
"21322693","341","85332","544731","3609","2019-11-19 19:55:37 UTC","180900","236739","false","0","0","0","0","1","0","0","180900","0","0","2","0.0","0.0","0.0"
"21322694","62255","76454","522499","7725","2019-11-19 19:48:04 UTC","35500","165962","false","0","0","0","0","1","0","0","35500","0","0","2","0.0","0.0","0.0"
"21322696","20046","13515","550209","8753","2019-11-19 19:40:02 UTC","7800","978560","false","0","0","0","0","1","0","0","7800","0","0","1","0.0","0.0","0.0"
"21322697","72886","29931","544731","1456","2019-11-19 19:30:17 UTC","33700","670603","false","0","0","0","0","1","0","0","33700","0","0","1","0.0","0.0","0.0"
"21322680","53041","28218","498406","7104","2019-11-19 21:54:03 UTC","80900","174844","true","0","0","0","0","5","0","0","59280","0","0","19","0.0","0.0","0.73684"
"21322700","7535","38734","523421","3665","2019-11-19 19:11:31 UTC","180600","81906","true","0","0","0","0","1","0","0","180600","0","0","1","0.0","0.0","1.0"
"21322701","49205","21643","650487","6030","2019-11-19 19:09:13 UTC","33500","409696","false","0","0","0","0","1","0","0","33500","2","7","68","0.0","0.0","0.0"
"21322703","8466","72814","516292","4582","2019-11-19 18:42:54 UTC","19100","","false","0","0","0","0","1","0","0","19100","0","0","1","0.0","0.0","0.0"
"21322704","13052","80426","485464","4109","2019-11-19 18:37:23 UTC","88700","688557","false","0","0","0","0","1","0","0","88700","0","0","1","0.0","0.0","0.0"
"21322706","5907","82622","516292","9174","2019-11-19 18:29:43 UTC","31600","969226","false","0","0","0","0","1","0","0","31600","0","0","1","0.0","0.0","0.0"
"21322707","32213","90392","550209","6493","2019-11-19 18:18:37 UTC","24800","138126","false","0","0","0","0","1","0","0","24800","0","0","2","0.0","0.0","0.0"
"21322710","62255","56368","650516","8171","2019-11-19 18:01:58 UTC","57300","42612","false","0","0","0","0","1","0","0","57300","0","0","2","0.0","0.0","0.0"
"21322712","32527","62890","476331","1918","2019-11-19 17:55:11 UTC","151200","646617","false","0","0","0","0","1","0","0","151200","0","0","3","0.0","0.0","0.0"
"21322714","91431","92731","522688","3594","2019-11-19 17:47:57 UTC","190900","949864","false","0","0","0","0","1","0","0","190900","0","0","1","0.0","0.0","0.0"
"21322716","76291","13006","418053","5082","2019-11-19 16:28:26 UTC","58500","883579","false","0","0","0","0","1","0","0","58500","0","0","3","0.0","0.0","0.0"
"21322719","13410","6422","478308","9118","2019-11-19 16:14:51 UTC","17800","714050","false","0","0","0","0","1","0","0","17800","0","0","3","0.0","0.0","0.0"
"21322720","46129","29804","530033","7713","2019-11-19 15:53:51 UTC","7400","668373","false","0","0","0","0","1","0","0","7400","0","0","3","0.0","0.0","0.0"
"21322721","45399","27987","606282","8059","2019-11-19 15:43:10 UTC","57100","548247","true","0","0","0","0","1","0","0","57100","0","0","1","0.0","0.0","1.0"
"21322723","79502","47079","552289","1329","2019-11-19 15:32:59 UTC","42000","","false","0","0","0","0","1","0","0","42000","0","0","1","0.0","0.0","0.0"
"21322725","97285","92490","650516","9630","2019-11-19 15:23:04 UTC","21300","556616","false","0","0","0","0","1","0","0","21300","0","0","2","0.0","0.0","0.0"
"21322728","91972","29284","514086","7026","2019-11-19 14:44:31 UTC","168600","994298","false","0","0","0","0","1","0","0","168600","0","6","14","0.0","0.83333","0.78571"
"21322731","25632","29312","536143","3189","2019-11-19 14:23:14 UTC","176300","32303","false","0","0","0","0","1","0","0","176300","0","0","1","0.0","0.0","0.0"
"21322732","70031","21395","498406","5874","2019-11-19 14:10:52 UTC","90200","361583","false","0","0","0","0","1","0","0","90200","0","0","1","0.0","0.0","0.0"
"21322733","22385","89944","476608","4514","2019-11-19 14:09:55 UTC","22200","388198","false","0","0","0","0","1","0","0","22200","0","0","1","0.0","0.0","0.0"
"21322734","15114","11663","520405","3880","2019-11-19 13:58:56 UTC","32900","313480","false","0","0","0","0","1","0","0","32900","0","0","1","0.0","0.0","0.0"
"21322737","26981","26106","498401","6539","2019-11-19 13:15:52 UTC","25400","","false","0","0","0","0","2","0","0","25750","1","6","12","0.0","0.0","0.0"
"21322739","28673","83949","498453","9623","2019-11-19 12:57:22 UTC","105100","481221","false","0","0","0","0","1","0","0","105100","0","0","1","0.0","0.0","0.0"
"21322740","53270","66962","550209","8820","2019-11-19 12:39:08 UTC","13200","","false","0","0","0","0","1","0","0","13200","0","0","1","0.0","0.0","0.0"
"21322741","84910","33800","523421","4633","2019-11-19 12:27:24 UTC","19500","994374","false","0","0","0","0","1","0","0","19500","0","0","1","0.0","0.0","0.0"
"21322744","66500","85530","650907","9884","2019-11-19 10:53:30 UTC","500","670056","false","0","0","0","0","1","0","0","500","0","0","1","0.0","0.0","0.0"
"21322746","38221","97691","523421","9970","2019-11-19 08:26:51 UTC","139200","348696","false","0","0","0","0","1","0","0","139200","0","0","1","0.0","0.0","0.0"
"21322748","43432","25562","534520","3118","2019-11-19 03:09:23 UTC","1000","840287","false","0","1","0","0","1","0","0","1000","0","0","1","0.0","0.0","0.0"
"21322751","49205","27690","498401","3147","2019-11-19 01:58:06 UTC","25200","83688","false","0","1","0","0","1","0","0","25200","2","7","68","0.0","0.0","0.0"
"21322752","20912","2937","435087","3574","2019-11-19 01:48:41 UTC","1500","509678","false","0","1","0","0","1","0","0","1500","0","0","1","0.0","0.0","0.0"
"21322753","40469","76708","544731","4582","2019-11-19 01:37:42 UTC","71000","760553","false","0","1","0","0","2","0","0","91700","0","0","3","0.0","0.0","0.0"
"21322683","7555","72458","534004","6707","2019-11-19 21:37:42 UTC","8200","630453","false","0","0","0","0","1","0","0","8200","0","0","3","0.0","0.0","0.0"
"21322776","35930","20839","498442","6165","2019-11-18 21:04:42 UTC","76900","","false","0","0","0","0","1","0","0","76900","0","0","1","0.0","0.0","0.0"
"21322802","91013","61968","516159","6255","2019-11-18 18:17:43 UTC","49500","960978","false","0","0","0","0","2","0","0","44100","0","1","5","0.0","0.0","0.0"
"21322823","8549","49522","422061","9836","2019-11-18 17:01:27 UTC","27200","17474","false","0","0","0","0","1","0","0","27200","0","0","3","0.0","0.0","0.0"
"21322758","67952","62572","404024","820","2019-11-19 00:06:26 UTC","20100","97259","false","0","1","0","0","1","0","0","20100","0","0","6","0.0","0.0","0.0"
"21322759","58552","16465","498442","9037","2019-11-18 23:57:44 UTC","8700","","false","0","0","0","0","1","0","0","8700","0","0","2","0.0","0.0","0.0"
"21322760","45959","52403","512707","5672","2019-11-18 23:43:44 UTC","15500","786594","false","0","0","0","0","1","0","0","15500","0","1","5","0.0","0.0","0.0"
"21322763","49205","74540","453211","4663","2019-11-18 23:04:50 UTC","44900","119101","false","0","0","0","0","1","0","0","44900","2","7","68","0.0","0.0","0.0"
"21322764","46367","39157","544731","2498","2019-11-18 22:43:17 UTC","26800","974574","false","0","0","0","0","2","0","0","27100","0","1","3","0.0","0.0","0.0"
"21322766","94549","45797","482425","2132","2019-11-18 21:56:22 UTC","119700","","false","0","0","0","0","2","0","0","103700","0","0","2","0.0","0.0","0.0"
"21322767","73915","18061","535016","5691","2019-11-18 21:56:22 UTC","28600","996886","false","0","0","0","0","1","0","0","28600","0","0","4","0.0","0.0","0.0"
"21322769","93916","71216","421958","7847","2019-11-18 21:51:02 UTC","47800","366706","false","0","0","0","0","1","0","0","47800","0","0","1","0.0","0.0","0.0"
"21322772","42191","44518","522688","6526","2019-11-18 21:44:15 UTC","23600","812888","false","0","0","0","0","1","0","0","23600","0","0","1","0.0","0.0","0.0"
"21322771","29728","58011","534503","9806","2019-11-18 21:46:47 UTC","203000","606525","false","0","0","0","0","2","0","0","199400","0","0","2","0.0","0.0","0.0"
"21322770","29728","58011","534503","9806","2019-11-18 21:48:31 UTC","195800","606525","false","0","0","0","0","2","0","0","199400","0","0","2","0.0","0.0","0.0"
"21322777","68912","30295","550209","8558","2019-11-18 20:58:51 UTC","20700","135010","false","0","0","0","0","1","0","0","20700","0","0","1","0.0","0.0","0.0"
"21322778","77991","3344","410863","2525","2019-11-18 20:55:09 UTC","63700","426301","false","0","0","0","0","1","0","0","63700","0","0","1","0.0","0.0","0.0"
"21322779","23744","95349","441524","4258","2019-11-18 20:52:26 UTC","208900","178927","false","0","0","0","0","1","0","0","208900","0","0","1","0.0","0.0","0.0"
"21322782","76864","72170","553450","7017","2019-11-18 20:33:45 UTC","27500","86420","false","0","0","0","0","1","0","0","27500","0","0","1","0.0","0.0","0.0"
"21322783","73853","72278","506775","6085","2019-11-18 20:27:31 UTC","121600","","false","0","0","0","0","1","0","0","121600","0","0","1","0.0","0.0","0.0"
"21322785","46837","2427","230650","9428","2019-11-18 20:18:30 UTC","23700","598034","false","0","0","0","0","1","0","0","23700","0","1","4","0.0","0.0","0.0"
"21322787","53041","57594","544570","2897","2019-11-18 19:33:50 UTC","104900","645413","true","0","0","0","0","3","0","0","221366","0","0","19","0.0","0.0","0.73684"
"21322790","94026","82445","498406","8015","2019-11-18 19:20:43 UTC","63900","24718","false","0","0","0","0","1","0","0","63900","0","0","2","0.0","0.0","0.0"
"21322792","11043","95793","453211","10004","2019-11-18 19:07:24 UTC","31000","288821","false","0","0","0","0","1","0","0","31000","0","0","1","0.0","0.0","0.0"
"21322794","47344","19675","650905","2000","2019-11-18 18:56:50 UTC","99900","945304","false","0","0","0","0","1","0","0","99900","0","0","1","0.0","0.0","0.0"
"21322796","6048","24871","453211","5370","2019-11-18 18:36:35 UTC","25900","","false","0","0","0","0","1","0","0","25900","0","0","1","0.0","0.0","0.0"
"21322800","34464","65954","548474","4107","2019-11-18 18:19:18 UTC","81600","199024","false","0","0","0","0","1","0","0","81600","0","0","2","0.0","0.0","0.0"
"21322801","29931","59161","434505","1119","2019-11-18 18:18:28 UTC","14900","123867","false","0","0","0","0","1","0","0","14900","1","4","11","0.0","0.0","0.0"
"21322805","49205","57935","550209","5255","2019-11-18 18:14:59 UTC","23500","438285","false","0","0","0","0","1","0","0","23500","2","7","68","0.0","0.0","0.0"
"21322807","40469","25574","650486","1738","2019-11-18 18:12:06 UTC","186400","46739","false","0","0","0","0","1","0","0","186400","0","0","3","0.0","0.0","0.0"
"21322808","85939","66309","522840","1311","2019-11-18 18:03:00 UTC","127800","588252","false","0","0","0","0","1","0","0","127800","0","0","1","0.0","0.0","0.0"
"21322809","22533","35658","422100","8656","2019-11-18 18:01:25 UTC","61100","518693","false","0","0","0","0","1","0","0","61100","0","0","6","0.0","0.0","0.0"
"21322811","49205","88760","550209","6413","2019-11-18 17:53:14 UTC","19800","981958","false","0","0","0","0","1","0","0","19800","2","7","68","0.0","0.0","0.0"
"21322813","22533","63155","523421","9631","2019-11-18 17:49:36 UTC","1000","297989","false","0","0","0","0","1","0","0","1000","0","0","6","0.0","0.0","0.0"
"21322815","11973","19952","636368","2914","2019-11-18 17:41:04 UTC","59000","463392","false","0","0","0","0","1","0","0","59000","0","1","3","0.0","0.0","0.33333"
"21322817","44287","8232","534447","3649","2019-11-18 17:31:57 UTC","37000","875857","false","0","0","0","0","1","0","0","37000","0","0","1","0.0","0.0","0.0"
"21322819","73933","93628","536518","1131","2019-11-18 17:15:48 UTC","218400","156608","false","0","0","0","0","1","0","0","218400","0","0","1","0.0","0.0","0.0"
"21322820","86444","76291","531681","5010","2019-11-18 17:13:37 UTC","84500","733274","false","0","0","0","0","1","0","0","84500","0","0","1","0.0","0.0","0.0"
"21322821","72565","38520","544731","6533","2019-11-18 17:13:03 UTC","24900","883179","false","0","0","0","0","1","0","0","24900","0","0","2","0.0","0.0","0.0"
"21322798","53041","11452","427167","3020","2019-11-18 18:33:22 UTC","90100","274282","true","0","0","0","0","8","0","0","90512","0","0","19","0.0","0.0","0.73684"
"21322825","52212","41361","544839","9806","2019-11-18 16:55:26 UTC","54800","746225","false","0","0","0","0","1","0","0","54800","0","0","1","0.0","0.0","0.0"
"21322827","17304","40549","552640","6849","2019-11-18 16:52:56 UTC","400400","589777","false","0","0","0","0","1","0","0","400400","0","0","4","0.0","0.0","0.0"
"21322829","86378","58029","518814","7010","2019-11-18 16:48:27 UTC","35200","942212","false","0","0","0","0","1","0","0","35200","0","0","1","0.0","0.0","0.0"
"21322795","33192","34548","523421","2778","2019-11-18 18:55:00 UTC","20400","203134","false","0","0","0","0","6","0","0","31466","1","3","9","0.0","0.0","0.0"
"21322757","7594","54118","464296","9716","2019-11-19 00:53:35 UTC","34300","411303","false","0","1","0","0","1","0","0","34300","0","1","3","0.0","0.0","0.0"
"21322861","12561","50329","550209","8301","2019-11-18 14:15:09 UTC","1000","528594","false","0","0","0","0","2","0","0","1000","0","0","2","0.0","0.0","0.0"
"21322859","13410","74563","544731","3504","2019-11-18 14:29:46 UTC","24700","165768","false","0","0","0","0","2","0","0","16450","0","0","3","0.0","0.0","0.0"
"21322838","59324","25045","550209","1306","2019-11-18 16:04:44 UTC","8800","","false","0","0","0","0","1","0","0","8800","0","0","7","0.0","0.0","0.0"
"21322860","828","68495","406655","8575","2019-11-18 14:24:26 UTC","37900","609139","false","0","0","0","0","1","0","0","37900","0","0","4","0.0","0.0","0.0"
"21322832","11580","42923","554612","7509","2019-11-18 16:28:53 UTC","69300","359269","false","0","0","0","0","1","0","0","69300","0","0","1","0.0","0.0","0.0"
"21322833","54009","41734","482425","7130","2019-11-18 16:27:38 UTC","133900","134708","false","0","0","0","0","1","0","0","133900","0","0","1","0.0","0.0","0.0"
"21322836","49205","6920","453211","5566","2019-11-18 16:20:13 UTC","78000","820454","false","0","0","0","0","1","0","0","78000","2","7","68","0.0","0.0","0.0"
"21322878","8754","99850","428267","4023","2019-11-18 12:35:18 UTC","66800","880573","false","0","0","0","0","2","0","0","163050","0","0","3","0.0","0.0","0.0"
"21322839","53041","28218","528392","8943","2019-11-18 16:03:21 UTC","108400","174844","true","0","0","0","0","5","0","0","59280","0","0","19","0.0","0.0","0.73684"
"21322841","44242","52476","230744","10000","2019-11-18 15:58:27 UTC","3800","333864","false","0","0","0","0","1","0","0","3800","0","0","1","0.0","0.0","0.0"
"21322842","88284","75896","650507","6822","2019-11-18 15:29:38 UTC","500","","false","0","0","0","0","1","0","0","500","0","0","1","0.0","0.0","0.0"
"21322843","15778","42388","515590","9415","2019-11-18 15:27:23 UTC","357400","217407","false","0","0","0","0","2","0","0","354600","0","0","1","0.0","0.0","0.0"
"21322847","49205","49625","412177","3124","2019-11-18 15:08:41 UTC","29200","973638","false","0","0","0","0","1","0","0","29200","2","7","68","0.0","0.0","0.0"
"21322849","9423","61090","521370","3163","2019-11-18 15:03:43 UTC","1000","","false","0","0","0","0","1","0","0","1000","0","0","1","0.0","0.0","0.0"
"21322850","49205","53818","550209","6533","2019-11-18 14:49:59 UTC","22800","272130","false","0","0","0","0","1","0","0","22800","2","7","68","0.0","0.0","0.0"
"21322851","49205","28434","455184","3142","2019-11-18 14:49:46 UTC","17700","668334","false","0","0","0","0","1","0","0","17700","2","7","68","0.0","0.0","0.0"
"21322853","16532","91607","544731","4825","2019-11-18 14:45:22 UTC","235500","708900","false","0","0","0","0","1","0","0","235500","0","0","1","0.0","0.0","0.0"
"21322856","97925","33129","523421","6340","2019-11-18 14:37:41 UTC","44300","","false","0","0","0","0","1","0","0","44300","0","0","1","0.0","0.0","0.0"
"21322857","17666","73822","526326","8057","2019-11-18 14:36:15 UTC","21900","826602","false","0","0","0","0","1","0","0","21900","0","0","2","0.0","0.0","0.0"
"21322862","48752","46724","550209","2386","2019-11-18 14:08:54 UTC","19900","842363","false","0","0","0","0","1","0","0","19900","0","0","4","0.0","0.0","0.0"
"21322865","43652","9960","453211","7892","2019-11-18 13:29:34 UTC","1000","","false","0","0","0","0","1","0","0","1000","0","0","1","0.0","0.0","0.0"
"21322866","8246","22834","546056","9447","2019-11-18 13:28:32 UTC","59800","774865","false","0","0","0","0","1","0","0","59800","0","0","1","0.0","0.0","0.0"
"21322868","42250","49587","544731","4456","2019-11-18 13:16:13 UTC","1000","330058","false","0","0","0","0","1","0","0","1000","0","0","1","0.0","0.0","0.0"
"21322869","44825","95421","521397","9935","2019-11-18 13:09:20 UTC","32300","179194","false","0","0","0","0","1","0","0","32300","0","0","1","0.0","0.0","0.0"
"21322871","62891","73415","427167","6028","2019-11-18 13:08:22 UTC","63500","740496","false","0","0","0","0","1","0","0","63500","0","1","3","0.0","0.0","0.0"
"21322872","70943","93882","498401","3248","2019-11-18 13:00:55 UTC","306700","965557","false","0","0","0","0","1","0","0","306700","0","0","2","0.0","0.0","0.0"
"21322875","33192","38730","544731","6883","2019-11-18 12:53:08 UTC","41800","","false","0","0","0","0","1","0","0","41800","1","3","9","0.0","0.0","0.0"
"21322876","81736","8029","518482","3139","2019-11-18 12:50:57 UTC","182600","214167","false","0","0","0","0","1","0","0","182600","0","0","2","0.0","0.0","0.0"
"21322879","98233","981","535016","6821","2019-11-18 12:28:41 UTC","77400","596055","false","0","0","0","0","1","0","0","77400","0","0","2","0.0","0.0","0.0"
"21322882","8203","72516","523284","7459","2019-11-18 11:08:04 UTC","43600","953100","false","0","0","0","0","1","0","0","43600","0","0","2","0.0","0.0","0.0"
"21322885","52666","84894","544731","3310","2019-11-18 01:06:52 UTC","26000","64701","false","0","1","0","0","1","0","0","26000","0","0","1","0.0","0.0","0.0"
"21322896","12157","77608","650507","1328","2019-11-17 22:10:32 UTC","83000","556226","false","1","0","0","0","2","0","0","121800","0","0","2","0.0","0.0","0.0"
"21322887","21034","25653","423072","8097","2019-11-17 23:52:16 UTC","404200","","false","1","0","0","0","1","0","0","404200","0","0","1","0.0","0.0","0.0"
"21322889","49205","52725","412187","7118","2019-11-17 23:16:33 UTC","22200","100927","false","1","0","0","0","1","0","0","22200","2","7","68","0.0","0.0","0.0"
"21322890","31154","96847","535016","7767","2019-11-17 23:13:44 UTC","60400","170171","false","1","0","0","0","1","0","0","60400","0","0","1","0.0","0.0","0.0"
"21322891","17264","3421","441524","2433","2019-11-17 23:04:47 UTC","31500","714132","false","1","0","0","0","1","0","0","31500","0","0","4","0.0","0.0","0.0"
"21322894","67049","28742","406441","7383","2019-11-17 22:25:43 UTC","15500","763344","false","1","0","0","0","1","0","0","15500","0","0","2","0.0","0.0","0.0"
"21322897","85250","4600","458919","8819","2019-11-17 22:09:09 UTC","19300","","false","1","0","0","0","1","0","0","19300","0","0","2","0.0","0.0","0.0"
"21322898","49205","16938","516292","2061","2019-11-17 21:56:00 UTC","26200","552750","false","1","0","0","0","1","0","0","26200","2","7","68","0.0","0.0","0.0"
"21322899","89207","71295","540593","9300","2019-11-17 21:38:05 UTC","122600","","false","1","0","0","0","1","0","0","122600","0","0","1","0.0","0.0","0.0"
"21322903","43938","11338","516292","370","2019-11-17 20:20:07 UTC","75200","752407","false","1","0","0","0","1","0","0","75200","0","0","4","0.0","0.0","0.0"
"21322904","49205","2195","542661","7915","2019-11-17 20:13:52 UTC","55400","284043","false","1","0","0","0","1","0","0","55400","2","7","68","0.0","0.0","0.0"
"21322905","49205","19158","406441","9080","2019-11-17 20:01:36 UTC","17400","474670","false","1","0","0","0","1","0","0","17400","2","7","68","0.0","0.0","0.0"
"21322846","17304","31561","651653","2797","2019-11-18 15:17:29 UTC","400700","199663","false","0","0","0","0","3","0","0","352033","0","0","4","0.0","0.0","0.0"
"21323483","19258","59102","444456","9907","2019-11-04 17:44:26 UTC","68800","","false","0","0","0","1","1","0","68800","68800","0","0","1","0.0","0.0","0.0"
"21322939","59324","58343","485464","5006","2019-11-17 15:17:00 UTC","15700","","false","1","0","0","0","2","0","0","17250","0","0","7","0.0","0.0","0.0"
"21322951","59324","74510","523421","5577","2019-11-17 13:55:38 UTC","21200","821794","false","1","0","0","0","1","0","0","21200","0","0","7","0.0","0.0","0.0"
"21322963","32186","27916","550209","7657","2019-11-17 11:16:42 UTC","600","908302","false","1","0","0","0","1","0","0","600","0","1","2","0.0","0.0","0.0"
"21322907","49205","2431","409602","6771","2019-11-17 19:49:41 UTC","36700","811968","false","1","0","0","0","1","0","0","36700","2","7","68","0.0","0.0","0.0"
"21322908","49205","1011","655006","6876","2019-11-17 19:40:14 UTC","28400","","false","1","0","0","0","1","0","0","28400","2","7","68","0.0","0.0","0.0"
"21322909","49205","43752","539090","6515","2019-11-17 19:34:27 UTC","26300","934308","false","1","0","0","0","1","0","0","26300","2","7","68","0.0","0.0","0.0"
"21322913","8487","17679","421848","2802","2019-11-17 18:56:18 UTC","131400","155813","false","1","0","0","0","1","0","0","131400","0","0","1","0.0","0.0","0.0"
"21322915","91960","95161","515601","7144","2019-11-17 18:54:17 UTC","1000","","false","1","0","0","0","1","0","0","1000","0","0","1","0.0","0.0","0.0"
"21322914","49919","78262","498401","7580","2019-11-17 18:55:48 UTC","409700","547440","true","1","0","0","0","13","0","0","301453","0","4","8","0.0","1.0","0.875"
"21322916","79698","94385","544731","4256","2019-11-17 18:46:47 UTC","40700","","false","1","0","0","0","1","0","0","40700","4","14","21","0.0","0.0","0.0"
"21322920","90035","19058","498407","7143","2019-11-17 18:03:33 UTC","55000","545489","false","1","0","0","0","1","0","0","55000","0","2","7","0.0","0.0","0.14286"
"21322922","76725","40151","520132","5149","2019-11-17 17:49:31 UTC","53000","698863","false","1","0","0","0","1","0","0","53000","1","4","10","0.0","0.0","0.0"
"21322924","70943","40738","496045","1180","2019-11-17 17:42:57 UTC","307400","822765","false","1","0","0","0","1","0","0","307400","0","0","2","0.0","0.0","0.0"
"21322927","49205","96933","459384","9636","2019-11-17 17:15:00 UTC","13900","","false","1","0","0","0","1","0","0","13900","2","7","68","0.0","0.0","0.0"
"21322928","91972","43244","421958","2223","2019-11-17 17:08:43 UTC","240300","371111","false","1","0","0","0","1","0","0","240300","0","6","14","0.0","0.83333","0.78571"
"21322929","3115","54005","523421","5144","2019-11-17 16:54:06 UTC","204100","","false","1","0","0","0","1","0","0","204100","0","1","2","0.0","0.0","0.0"
"21322931","47801","60881","532924","8640","2019-11-17 16:18:23 UTC","5000","","false","1","0","0","0","1","0","0","5000","0","0","1","0.0","0.0","0.0"
"21322934","96553","20913","550209","2930","2019-11-17 15:39:27 UTC","10400","183954","false","1","0","0","0","1","0","0","10400","1","2","4","0.0","0.0","0.0"
"21322935","59348","79333","528052","9764","2019-11-17 15:29:31 UTC","128400","547000","false","1","0","0","0","1","0","0","128400","0","0","1","0.0","0.0","0.0"
"21322936","49205","54596","515894","1640","2019-11-17 15:25:06 UTC","59700","","false","1","0","0","0","1","0","0","59700","2","7","68","0.0","0.0","0.0"
"21322941","49205","77004","523421","9717","2019-11-17 15:12:30 UTC","62400","116984","false","1","0","0","0","1","0","0","62400","2","7","68","0.0","0.0","0.0"
"21322942","32268","31037","544731","4923","2019-11-17 15:07:01 UTC","68400","777362","false","1","0","0","0","1","0","0","68400","0","0","3","0.0","0.0","0.0"
"21322943","43575","11924","650516","3633","2019-11-17 15:00:24 UTC","15600","704203","false","1","0","0","0","1","0","0","15600","0","0","2","0.0","0.0","0.0"
"21322945","98233","332","545368","4113","2019-11-17 14:49:03 UTC","141800","125173","false","1","0","0","0","1","0","0","141800","0","0","2","0.0","0.0","0.0"
"21322946","97278","49996","444456","5527","2019-11-17 14:32:20 UTC","13200","516497","false","1","0","0","0","1","0","0","13200","0","0","1","0.0","0.0","0.0"
"21322949","88962","19418","530780","7536","2019-11-17 13:59:30 UTC","129100","250039","false","1","0","0","0","1","0","0","129100","0","0","2","0.0","0.0","0.0"
"21322953","36411","79751","526863","3799","2019-11-17 13:18:04 UTC","63800","276324","false","1","0","0","0","1","0","0","63800","1","2","6","0.0","0.0","0.0"
"21322954","49205","45967","409602","4970","2019-11-17 13:16:56 UTC","16200","","false","1","0","0","0","1","0","0","16200","2","7","68","0.0","0.0","0.0"
"21322956","57737","47336","230744","1405","2019-11-17 12:27:30 UTC","8000","899260","false","1","0","0","0","1","0","0","8000","0","0","4","0.0","0.0","0.0"
"21322957","45289","87091","498453","9142","2019-11-17 12:16:47 UTC","41300","536658","false","1","0","0","0","1","0","0","41300","0","0","2","0.0","0.0","0.0"
"21322960","49205","91774","520977","3575","2019-11-17 12:09:17 UTC","45300","661826","false","1","0","0","0","1","0","0","45300","2","7","68","0.0","0.0","0.0"
"21322961","49205","56083","464296","1317","2019-11-17 11:19:43 UTC","65900","561723","false","1","0","0","0","1","0","0","65900","2","7","68","0.0","0.0","0.0"
"21322964","49205","58590","536805","6977","2019-11-17 11:14:19 UTC","227800","","false","1","0","0","0","1","0","0","227800","2","7","68","0.0","0.0","0.0"
"21322967","36830","85251","542820","9560","2019-11-17 02:34:27 UTC","81100","309858","false","1","1","0","0","1","0","0","81100","0","0","1","0.0","0.0","0.0"
"21322968","49205","93321","530599","9348","2019-11-17 01:54:03 UTC","54900","803463","false","1","1","0","0","1","0","0","54900","2","7","68","0.0","0.0","0.0"
"21322973","29931","51894","406655","5990","2019-11-17 00:44:34 UTC","25800","150086","false","1","1","0","0","1","0","0","25800","1","4","11","0.0","0.0","0.0"
"21322971","44459","10405","515894","4290","2019-11-17 01:06:14 UTC","25800","856642","false","1","1","0","0","2","0","0","25950","0","0","3","0.0","0.0","0.0"
"21322974","96553","1733","550209","2123","2019-11-17 00:37:44 UTC","14200","884220","false","1","1","0","0","1","0","0","14200","1","2","4","0.0","0.0","0.0"
"21322976","49205","29728","409308","820","2019-11-16 23:49:21 UTC","42400","640893","false","1","0","0","0","1","0","0","42400","2","7","68","0.0","0.0","0.0"
"21322977","87559","58586","535016","5506","2019-11-16 23:45:13 UTC","42900","845353","false","1","0","0","0","1","0","0","42900","0","0","5","0.0","0.0","0.0"
"21322980","44459","94092","535016","3740","2019-11-16 22:46:20 UTC","23200","873006","false","1","0","0","0","1","0","0","23200","0","0","3","0.0","0.0","0.0"
"21322981","92441","13921","550209","6868","2019-11-16 22:37:33 UTC","15700","999683","false","1","0","0","0","1","0","0","15700","2","2","5","0.0","0.0","0.0"
"21322948","17304","31561","651653","2797","2019-11-17 14:15:08 UTC","409100","199663","false","1","0","0","0","3","0","0","352033","0","0","4","0.0","0.0","0.0"
"21322983","36929","63773","549167","5779","2019-11-16 22:07:54 UTC","160200","623841","false","1","0","0","0","1","0","0","160200","0","10","12","0.0","0.0","0.0"
"21323051","828","18205","421958","3565","2019-11-15 18:23:56 UTC","66100","294667","false","0","0","0","1","4","0","46200","72325","0","0","4","0.0","0.0","0.0"
"21323002","93711","66618","498408","8290","2019-11-16 17:04:11 UTC","221200","860281","false","1","0","0","0","1","0","0","221200","0","1","4","0.0","0.0","0.0"
"21323005","99653","67315","650905","7502","2019-11-16 16:42:51 UTC","16800","998702","false","1","0","0","0","1","0","0","16800","0","0","1","0.0","0.0","0.0"
"21323010","38109","38320","520132","2223","2019-11-16 13:31:18 UTC","63200","99805","false","1","0","0","0","1","0","0","63200","0","1","2","0.0","0.0","0.0"
"21323029","91013","69379","553636","4362","2019-11-16 00:05:57 UTC","68400","","false","1","1","0","0","1","0","0","68400","0","1","5","0.0","0.0","0.0"
"21323041","11863","87990","550209","4000","2019-11-15 20:26:34 UTC","58700","780045","false","0","0","0","0","1","0","0","58700","0","3","5","0.0","0.0","0.0"
"21322984","57737","32196","550209","5396","2019-11-16 21:30:28 UTC","8000","","false","1","0","0","0","1","0","0","8000","0","0","4","0.0","0.0","0.0"
"21322987","66332","38392","496045","1160","2019-11-16 20:38:11 UTC","108200","336701","false","1","0","0","0","1","0","0","108200","0","0","1","0.0","0.0","0.0"
"21322989","56710","18411","526326","7055","2019-11-16 20:23:44 UTC","7500","915854","false","1","0","0","0","1","0","0","7500","0","2","4","0.0","0.0","0.0"
"21322991","20194","29540","464611","1768","2019-11-16 19:46:19 UTC","259500","","false","1","0","0","0","1","0","0","259500","0","1","2","0.0","0.0","0.0"
"21322993","53732","11462","527497","6927","2019-11-16 19:24:34 UTC","135000","89631","false","1","0","0","0","1","0","0","135000","1","1","2","0.0","0.0","0.0"
"21322994","76725","67876","550209","9018","2019-11-16 19:20:04 UTC","32100","608902","false","1","0","0","0","1","0","0","32100","1","4","10","0.0","0.0","0.0"
"21322996","55315","55236","606282","5627","2019-11-16 18:32:35 UTC","80300","806170","false","1","0","0","0","1","0","0","80300","0","0","1","0.0","0.0","0.0"
"21322997","58892","88279","550209","5178","2019-11-16 18:23:58 UTC","18300","94710","false","1","0","0","0","1","0","0","18300","0","0","5","0.0","0.0","0.0"
"21322999","45827","49653","498453","3182","2019-11-16 17:41:14 UTC","58800","","false","1","0","0","0","1","0","0","58800","2","3","4","0.0","0.0","0.0"
"21323003","39705","77903","548514","5526","2019-11-16 17:02:55 UTC","91800","83958","false","1","0","0","0","1","0","0","91800","0","1","3","0.0","0.0","0.0"
"21323006","13148","69916","650507","9705","2019-11-16 15:49:40 UTC","42000","874924","false","1","0","0","0","1","0","0","42000","0","0","2","0.0","0.0","0.0"
"21323008","35743","43595","516292","2606","2019-11-16 14:54:36 UTC","53400","883039","false","1","0","0","0","1","0","0","53400","0","0","1","0.0","0.0","0.0"
"21323012","11973","97150","474512","8396","2019-11-16 13:23:56 UTC","15400","","true","1","0","0","0","1","0","0","15400","0","1","3","0.0","0.0","0.33333"
"21323013","76725","98407","522688","5037","2019-11-16 13:08:02 UTC","84500","347432","false","1","0","0","0","1","0","0","84500","1","4","10","0.0","0.0","0.0"
"21323016","89161","35315","406655","7817","2019-11-16 11:11:41 UTC","43800","","false","1","0","0","0","1","0","0","43800","0","1","5","0.0","0.0","0.0"
"21323017","57737","89736","522688","6014","2019-11-16 03:14:48 UTC","24400","","false","1","1","0","0","1","0","0","24400","0","0","4","0.0","0.0","0.0"
"21323018","92441","81510","550209","9991","2019-11-16 02:39:32 UTC","9000","735564","false","1","1","0","0","1","0","0","9000","2","2","5","0.0","0.0","0.0"
"21323024","52571","9169","444456","9799","2019-11-16 01:06:21 UTC","4200","513229","false","1","1","0","0","1","0","0","4200","0","0","1","0.0","0.0","0.0"
"21323023","32268","95266","606282","3498","2019-11-16 01:22:44 UTC","132700","316462","false","1","1","0","0","2","0","0","86250","0","0","3","0.0","0.0","0.0"
"21323022","32268","95266","544731","2352","2019-11-16 01:25:07 UTC","39800","316462","false","1","1","0","0","2","0","0","86250","0","0","3","0.0","0.0","0.0"
"21323025","15030","3807","516306","2699","2019-11-16 00:55:41 UTC","328600","542093","false","1","1","0","0","1","0","0","328600","0","0","1","0.0","0.0","0.0"
"21323030","70454","16756","650491","1212","2019-11-15 23:43:40 UTC","49300","894379","false","0","0","0","0","1","0","0","49300","0","1","5","0.0","0.0","0.0"
"21323031","26981","42540","498453","8302","2019-11-15 23:39:54 UTC","18900","221895","false","0","0","0","0","1","0","0","18900","1","6","12","0.0","0.0","0.0"
"21323032","91972","8761","410863","4853","2019-11-15 23:02:24 UTC","398600","918124","true","0","0","0","0","1","0","0","398600","0","6","14","0.0","0.83333","0.78571"
"21323035","98259","23243","515894","3890","2019-11-15 21:48:48 UTC","48200","384820","false","0","0","0","0","1","0","0","48200","0","0","1","0.0","0.0","0.0"
"21323036","34246","16383","535016","8049","2019-11-15 21:42:20 UTC","4000","","false","0","0","0","0","1","0","0","4000","0","0","1","0.0","0.0","0.0"
"21323038","52378","80273","458919","7043","2019-11-15 21:17:57 UTC","13400","","false","0","0","0","0","1","0","0","13400","0","1","5","0.0","0.0","0.0"
"21323042","48376","77129","458919","1599","2019-11-15 20:06:12 UTC","30300","979182","false","0","0","0","0","1","0","0","30300","0","0","2","0.0","0.0","0.0"
"21323043","49919","43913","406655","5230","2019-11-15 19:55:21 UTC","392400","53477","true","0","0","0","0","1","0","0","392400","0","4","8","0.0","1.0","0.875"
"21323044","12476","16298","459383","8047","2019-11-15 19:53:10 UTC","28700","348139","false","0","0","0","0","1","0","0","28700","0","2","5","0.0","0.0","0.0"
"21323045","30264","31780","550209","1362","2019-11-15 19:22:43 UTC","33900","371173","false","0","0","0","0","1","0","0","33900","0","0","1","0.0","0.0","0.0"
"21323050","99679","6024","435087","3716","2019-11-15 18:32:20 UTC","500","701116","false","0","0","0","0","2","0","0","750","0","0","2","0.0","0.0","0.0"
"21323048","99679","6024","410863","8215","2019-11-15 18:35:48 UTC","1000","701116","false","0","0","0","0","2","0","0","750","0","0","2","0.0","0.0","0.0"
"21323053","38710","25438","498453","9342","2019-11-15 17:43:52 UTC","136300","723554","false","0","0","0","0","1","0","0","136300","0","0","1","0.0","0.0","0.0"
"21323055","49919","66310","548573","2432","2019-11-15 16:58:41 UTC","92400","869698","false","0","0","0","0","1","0","0","92400","0","4","8","0.0","1.0","0.875"
"21323266","89931","50781","516292","6993","2019-11-10 01:18:09 UTC","93400","","false","1","1","0","0","1","0","0","93400","0","1","1","0.0","0.0","0.0"
"21323015","7246","50672","550209","3861","2019-11-16 12:23:02 UTC","24100","","false","1","0","0","0","2","0","0","28300","0","0","5","0.0","0.0","0.0"
"21323114","82613","52854","536380","1129","2019-11-14 12:56:50 UTC","192500","","false","0","0","0","0","2","0","0","100500","0","2","3","0.0","0.0","0.0"
"21323081","82613","52854","536380","1129","2019-11-14 20:58:53 UTC","8500","","false","0","0","0","0","2","0","0","100500","0","2","3","0.0","0.0","0.0"
"21323062","36411","79013","539091","1870","2019-11-15 14:07:58 UTC","8000","","false","0","0","0","0","1","0","0","8000","1","2","6","0.0","0.0","0.0"
"21323097","62052","27901","530994","4630","2019-11-14 17:37:51 UTC","68100","716108","false","0","0","0","0","1","0","0","68100","0","3","5","0.0","0.0","0.0"
"21323120","26765","84730","527497","8763","2019-11-13 18:31:29 UTC","20800","723309","false","0","0","0","0","2","0","0","38450","0","4","17","0.0","0.0","0.0"
"21323125","60121","23170","550209","5681","2019-11-13 02:00:20 UTC","97700","971354","false","0","1","0","0","1","0","0","97700","0","3","4","0.0","0.0","0.0"
"21323063","20376","7209","498407","1266","2019-11-15 13:53:48 UTC","270500","866953","false","0","0","0","0","1","0","0","270500","0","0","1","0.0","0.0","0.0"
"21323130","88242","60489","444456","8443","2019-11-12 20:24:05 UTC","7500","","false","0","0","0","0","1","0","0","7500","0","6","8","0.0","0.0","0.0"
"21323065","58749","92060","485464","8990","2019-11-15 10:50:23 UTC","70900","37828","false","0","0","0","0","1","0","0","70900","0","0","1","0.0","0.0","0.0"
"21323067","79698","8846","516292","2978","2019-11-15 00:45:28 UTC","22400","958122","false","0","1","0","0","1","0","0","22400","4","14","21","0.0","0.0","0.0"
"21323069","98749","35993","550209","1274","2019-11-15 00:14:55 UTC","18400","525120","false","0","1","0","0","1","0","0","18400","0","0","1","0.0","0.0","0.0"
"21323070","91972","97611","230744","950","2019-11-14 23:27:58 UTC","213900","457665","true","0","0","0","0","2","0","0","300100","0","6","14","0.0","0.83333","0.78571"
"21323071","4129","36549","512682","8998","2019-11-14 23:10:04 UTC","15800","","false","0","0","0","0","1","0","0","15800","1","5","14","0.0","0.0","0.0"
"21323073","75378","30189","553665","8339","2019-11-14 22:44:46 UTC","65400","","false","0","0","0","0","1","0","0","65400","0","1","1","0.0","0.0","0.0"
"21323076","19376","92236","522688","2187","2019-11-14 21:32:52 UTC","124200","500772","false","0","0","0","0","1","0","0","124200","0","1","1","0.0","0.0","0.0"
"21323077","33192","2889","606282","2951","2019-11-14 21:32:29 UTC","66900","681004","false","0","0","0","0","1","0","0","66900","1","3","9","0.0","0.0","0.0"
"21323078","76038","54395","523284","4418","2019-11-14 21:20:08 UTC","129300","504297","false","0","0","0","0","1","0","0","129300","0","1","1","0.0","0.0","0.0"
"21323082","10707","42433","230744","3422","2019-11-14 20:42:41 UTC","232700","952936","false","0","0","0","0","1","0","0","232700","0","1","2","0.0","0.0","0.0"
"21323083","12476","62985","536518","3116","2019-11-14 20:37:19 UTC","31500","100951","false","0","0","0","0","1","0","0","31500","0","2","5","0.0","0.0","0.0"
"21323087","6112","18591","548046","7500","2019-11-14 20:00:29 UTC","52400","643866","false","0","0","0","0","1","0","0","52400","2","3","7","0.0","0.0","0.0"
"21323088","49205","69583","550209","1119","2019-11-14 19:32:11 UTC","15300","325030","false","0","0","0","0","1","0","0","15300","2","7","68","0.0","0.0","0.0"
"21323089","44397","34569","650485","5868","2019-11-14 19:30:54 UTC","24000","734626","false","0","0","0","0","1","0","0","24000","1","2","2","0.0","0.0","0.0"
"21323092","79698","54632","535081","7439","2019-11-14 18:42:08 UTC","21700","239841","false","0","0","0","0","1","0","0","21700","4","14","21","0.0","0.0","0.0"
"21323093","83433","2243","548984","7000","2019-11-14 18:07:56 UTC","64500","738169","false","0","0","0","0","1","0","0","64500","0","1","1","0.0","0.0","0.0"
"21323094","38327","88556","407505","4132","2019-11-14 18:03:28 UTC","182700","61860","false","0","0","0","0","1","0","0","182700","0","1","1","0.0","0.0","0.0"
"21323096","65655","61413","230650","1235","2019-11-14 17:50:54 UTC","28200","731859","false","0","0","0","0","1","0","0","28200","0","1","1","0.0","0.0","0.0"
"21323101","14646","88189","606282","2115","2019-11-14 15:42:13 UTC","48500","212330","false","0","0","0","0","1","0","0","48500","0","2","4","0.0","0.0","0.0"
"21323102","15333","91702","476333","7114","2019-11-14 15:34:58 UTC","201600","265859","false","0","0","0","0","1","0","0","201600","0","1","1","0.0","0.0","0.0"
"21323103","79698","84924","550209","2543","2019-11-14 15:25:10 UTC","22500","160149","false","0","0","0","0","1","0","0","22500","4","14","21","0.0","0.0","0.0"
"21323106","79698","91240","525664","7446","2019-11-14 14:37:08 UTC","27900","208613","false","0","0","0","0","1","0","0","27900","4","14","21","0.0","0.0","0.0"
"21323108","14322","77810","412177","9124","2019-11-14 14:17:58 UTC","10000","567030","false","0","0","0","0","1","0","0","10000","0","2","2","0.0","0.0","0.0"
"21323109","49205","36518","544540","3820","2019-11-14 13:50:30 UTC","36600","","false","0","0","0","0","1","0","0","36600","2","7","68","0.0","0.0","0.0"
"21323111","76725","1104","489391","6782","2019-11-14 13:31:47 UTC","7300","776223","false","0","0","0","0","1","0","0","7300","1","4","10","0.0","0.0","0.0"
"21323112","67715","11791","542820","4881","2019-11-14 13:22:07 UTC","26700","487691","false","0","0","0","0","2","0","0","23850","0","2","2","0.0","0.0","0.0"
"21323116","90465","66522","455182","3908","2019-11-14 11:12:25 UTC","59900","83537","false","0","0","0","0","1","0","0","59900","0","1","1","0.0","0.0","0.0"
"21323117","39677","1831","606282","9256","2019-11-14 11:07:13 UTC","25000","","false","0","0","0","0","1","0","0","25000","0","1","1","0.0","0.0","0.0"
"21323118","56710","55007","548721","2250","2019-11-13 23:16:11 UTC","15200","612717","false","0","0","0","0","2","0","0","33550","0","2","4","0.0","0.0","0.0"
"21323131","91972","21702","534520","2126","2019-11-12 20:19:18 UTC","287800","","true","0","0","0","0","2","0","0","345450","0","6","14","0.0","0.83333","0.78571"
"21323121","17591","37681","458919","4768","2019-11-13 16:21:31 UTC","31500","65482","false","0","0","0","0","1","0","0","31500","0","1","1","0.0","0.0","0.0"
"21323126","217","53919","544731","2046","2019-11-12 23:18:25 UTC","370300","570818","false","0","0","0","0","1","0","0","370300","1","2","4","0.0","0.0","0.0"
"21323128","30555","89644","521397","6334","2019-11-12 21:13:16 UTC","406800","611488","false","0","0","0","0","1","0","0","406800","0","1","1","0.0","0.0","0.0"
"21323133","49205","9335","422061","5189","2019-11-12 18:49:52 UTC","61300","","false","0","0","0","0","1","0","0","61300","2","7","68","0.0","0.0","0.0"
"21322685","40051","34851","544839","7397","2019-11-19 21:30:22 UTC","69100","539455","false","0","0","0","0","1","0","0","69100","0","0","3","0.0","0.0","0.0"
"21323059","4039","74582","541759","5226","2019-11-15 15:37:34 UTC","19200","282594","false","0","0","0","0","1","0","0","19200","1","1","3","0.0","0.0","0.0"
"21323141","67715","11791","542820","4881","2019-11-12 13:47:35 UTC","21000","487691","false","0","0","0","0","2","0","0","23850","0","2","2","0.0","0.0","0.0"
"21323190","36929","49106","651660","3628","2019-11-11 16:22:19 UTC","403100","","false","0","0","0","0","7","0","0","365500","0","10","12","0.0","0.0","0.0"
"21323178","36929","49106","464611","5820","2019-11-11 17:54:27 UTC","390600","","false","0","0","0","0","7","0","0","365500","0","10","12","0.0","0.0","0.0"
"21323174","36929","49106","464611","5820","2019-11-11 18:26:42 UTC","407700","","false","0","0","0","0","7","0","0","365500","0","10","12","0.0","0.0","0.0"
"21323135","15842","65344","530994","7134","2019-11-12 17:37:41 UTC","173000","","false","0","0","0","0","1","0","0","173000","0","1","4","0.0","0.0","0.0"
"21323195","36929","49106","651660","3628","2019-11-11 15:50:26 UTC","392100","","false","0","0","0","0","7","0","0","365500","0","10","12","0.0","0.0","0.0"
"21323192","36929","49106","651660","3628","2019-11-11 16:01:07 UTC","402400","","false","0","0","0","0","7","0","0","365500","0","10","12","0.0","0.0","0.0"
"21323137","94454","81065","550209","2025","2019-11-12 16:37:50 UTC","20300","","false","0","0","0","0","1","0","0","20300","0","1","1","0.0","0.0","0.0"
"21323175","50653","15997","521180","4595","2019-11-11 18:16:49 UTC","60700","","false","0","0","0","0","1","0","0","60700","0","1","2","0.0","0.0","0.0"
"21323183","36929","18833","546479","3228","2019-11-11 17:12:55 UTC","110900","","false","0","0","0","0","1","0","0","110900","0","10","12","0.0","0.0","0.0"
"21323193","3194","27038","535863","1548","2019-11-11 15:59:58 UTC","35600","","false","0","0","0","0","1","0","0","35600","0","2","2","0.0","0.0","0.0"
"21323199","62052","88686","544731","6319","2019-11-11 14:14:23 UTC","109800","","false","0","0","0","0","1","0","0","109800","0","3","5","0.0","0.0","0.0"
"21323201","95499","98942","550209","1700","2019-11-11 13:28:17 UTC","44200","","false","0","0","0","0","1","0","0","44200","0","3","3","0.0","0.0","0.0"
"21323138","9828","7609","536380","6214","2019-11-12 16:09:32 UTC","148700","","false","0","0","0","0","1","0","0","148700","0","1","2","0.0","0.0","0.0"
"21323206","32186","23577","544731","5751","2019-11-11 02:55:16 UTC","257100","","false","0","1","0","0","1","0","0","257100","0","1","2","0.0","0.0","0.0"
"21323139","45827","35750","511781","7263","2019-11-12 15:57:20 UTC","91900","","false","0","0","0","0","1","0","0","91900","2","3","4","0.0","0.0","0.0"
"21323144","27444","58852","432032","4136","2019-11-12 12:54:23 UTC","52300","","false","0","0","0","0","1","0","0","52300","0","1","1","0.0","0.0","0.0"
"21323147","4129","80170","650485","1119","2019-11-12 01:36:46 UTC","9500","","false","0","1","0","0","1","0","0","9500","1","5","14","0.0","0.0","0.0"
"21323148","11973","15229","516136","3181","2019-11-12 01:14:25 UTC","9500","","false","0","1","0","0","1","0","0","9500","0","1","3","0.0","0.0","0.33333"
"21323149","55531","17407","498453","3618","2019-11-12 01:09:51 UTC","272600","","false","0","1","0","0","2","0","0","270800","0","2","2","0.0","0.0","0.0"
"21323152","23017","50699","553636","6491","2019-11-11 23:40:04 UTC","402300","","true","0","0","0","0","1","0","0","402300","0","1","2","0.0","1.0","0.5"
"21323156","91972","60263","230650","5729","2019-11-11 22:53:19 UTC","214300","","true","0","0","0","0","1","0","0","214300","0","6","14","0.0","0.83333","0.78571"
"21323158","55972","97705","406655","6175","2019-11-11 22:03:35 UTC","34900","","false","0","0","0","0","1","0","0","34900","0","1","1","0.0","0.0","0.0"
"21323159","83283","42114","525631","4240","2019-11-11 21:59:47 UTC","37000","","false","0","0","0","0","1","0","0","37000","0","1","3","0.0","0.0","0.0"
"21323162","35437","52307","544731","4297","2019-11-11 20:33:14 UTC","45400","","false","0","0","0","0","1","0","0","45400","0","1","1","0.0","0.0","0.0"
"21323161","95558","44280","650491","3107","2019-11-11 21:24:34 UTC","15100","743254","false","0","0","0","0","2","0","0","11550","0","1","4","0.0","0.0","0.0"
"21323165","62875","92023","506741","8664","2019-11-11 20:02:08 UTC","36500","","false","0","0","0","0","1","0","0","36500","0","1","1","0.0","0.0","0.0"
"21323168","23396","81215","553665","7535","2019-11-11 19:25:55 UTC","34000","","false","0","0","0","0","1","0","0","34000","0","1","2","0.0","0.0","0.0"
"21323171","35895","55088","498406","3317","2019-11-11 18:46:04 UTC","256600","","false","0","0","0","0","1","0","0","256600","0","1","1","0.0","0.0","0.0"
"21323176","4129","72410","516220","3104","2019-11-11 18:11:46 UTC","16900","","false","0","0","0","0","1","0","0","16900","1","5","14","0.0","0.0","0.0"
"21323179","86760","11142","516292","2122","2019-11-11 17:50:08 UTC","36600","","false","0","0","0","0","1","0","0","36600","1","2","2","0.0","0.0","0.0"
"21323184","22532","14208","485464","8899","2019-11-11 17:12:18 UTC","145800","","false","0","0","0","0","1","0","0","145800","1","4","4","0.0","0.0","0.0"
"21323185","26306","95834","650494","2105","2019-11-11 16:56:31 UTC","48700","","false","0","0","0","0","1","0","0","48700","0","1","1","0.0","0.0","0.0"
"21323187","46837","97192","550209","8977","2019-11-11 16:34:44 UTC","20800","","false","0","0","0","0","1","0","0","20800","0","1","4","0.0","0.0","0.0"
"21323194","91677","276","530780","6520","2019-11-11 15:53:21 UTC","111800","","false","0","0","0","0","1","0","0","111800","0","1","1","0.0","0.0","0.0"
"21323197","26981","1703","525631","6430","2019-11-11 14:59:03 UTC","16300","","false","0","0","0","1","2","0","27000","21650","1","6","12","0.0","0.0","0.0"
"21323204","58691","83832","230650","7136","2019-11-11 12:41:21 UTC","11900","","false","0","0","0","0","1","0","0","11900","0","1","1","0.0","0.0","0.0"
"21323205","69392","51937","523421","7403","2019-11-11 10:55:31 UTC","122400","","false","0","0","0","0","1","0","0","122400","0","1","1","0.0","0.0","0.0"
"21323207","90035","5331","425850","2884","2019-11-11 02:38:46 UTC","1000","","false","0","1","0","0","1","0","0","1000","0","2","7","0.0","0.0","0.14286"
"21323211","3115","28046","530994","9902","2019-11-11 00:00:03 UTC","90200","","false","0","1","0","0","1","0","0","90200","0","1","2","0.0","0.0","0.0"
"21323213","43078","2866","544891","9036","2019-11-10 23:36:22 UTC","16800","","false","1","0","0","1","3","0","31400","21566","1","6","7","0.0","0.0","0.0"
"21323212","43078","2866","535081","3568","2019-11-10 23:42:41 UTC","16500","","false","1","0","0","1","3","0","31400","21566","1","6","7","0.0","0.0","0.0"
"21322691","4621","19563","606282","7872","2019-11-19 20:32:31 UTC","81800","672304","false","0","0","0","0","1","0","0","81800","0","0","1","0.0","0.0","0.0"
"21323218","39705","58152","550209","8340","2019-11-10 21:45:03 UTC","106200","","false","1","0","0","0","1","0","0","106200","0","1","3","0.0","0.0","0.0"
"21323239","88242","7488","485464","6950","2019-11-10 16:37:59 UTC","9600","","false","1","0","0","0","1","0","0","9600","0","6","8","0.0","0.0","0.0"
"21323220","31659","42856","514087","1028","2019-11-10 19:52:55 UTC","14300","","false","1","0","0","0","1","0","0","14300","0","1","1","0.0","0.0","0.0"
"21323249","88242","52209","523421","6209","2019-11-10 14:36:56 UTC","30700","","false","1","0","0","0","1","0","0","30700","0","6","8","0.0","0.0","0.0"
"21323253","8863","62940","427167","7032","2019-11-10 14:03:18 UTC","74800","","false","1","0","0","0","1","0","0","74800","0","1","1","0.0","0.0","0.0"
"21323258","93711","57416","526863","3188","2019-11-10 11:36:03 UTC","176200","","false","1","0","0","0","1","0","0","176200","0","1","4","0.0","0.0","0.0"
"21323221","49919","70457","515590","8323","2019-11-10 19:47:06 UTC","394200","","true","1","0","0","0","1","0","0","394200","0","4","8","0.0","1.0","0.875"
"21323265","1356","67973","550209","1489","2019-11-10 01:19:58 UTC","58700","","false","1","1","0","0","1","0","0","58700","0","2","5","0.0","0.0","0.0"
"21323269","56239","45320","410749","7205","2019-11-10 00:15:05 UTC","81900","","false","1","1","0","0","1","0","0","81900","0","1","2","0.0","0.0","0.0"
"21323270","72355","5111","544731","4051","2019-11-09 23:43:56 UTC","38700","","false","1","0","0","0","1","0","0","38700","0","2","3","0.0","0.0","0.0"
"21323225","79698","50380","400437","4162","2019-11-10 18:48:28 UTC","16400","","false","1","0","0","0","1","0","0","16400","4","14","21","0.0","0.0","0.0"
"21323275","59777","57376","523284","9286","2019-11-09 21:42:09 UTC","8000","","false","1","0","0","0","1","0","0","8000","0","2","3","0.0","0.0","0.0"
"21323226","59248","13345","515590","2377","2019-11-10 18:40:24 UTC","4500","","false","1","0","0","0","1","0","0","4500","0","1","1","0.0","0.0","0.0"
"21323230","91972","13793","476331","1570","2019-11-10 17:51:38 UTC","395800","","true","1","0","0","0","1","0","0","395800","0","6","14","0.0","0.83333","0.78571"
"21323216","49919","27657","490172","7226","2019-11-10 22:08:28 UTC","380200","","true","1","0","0","0","5","0","0","310940","0","4","8","0.0","1.0","0.875"
"21323231","15576","21035","550209","8904","2019-11-10 17:44:17 UTC","62200","","false","1","0","0","0","1","0","0","62200","0","1","1","0.0","0.0","0.0"
"21323233","80964","11075","498431","7545","2019-11-10 17:19:51 UTC","182500","","false","1","0","0","0","1","0","0","182500","0","1","1","0.0","0.0","0.0"
"21323234","76725","97202","550209","4540","2019-11-10 17:11:07 UTC","18600","","false","1","0","0","0","1","0","0","18600","1","4","10","0.0","0.0","0.0"
"21323236","49205","67017","540593","6571","2019-11-10 17:03:09 UTC","33500","","false","1","0","0","0","1","0","0","33500","2","7","68","0.0","0.0","0.0"
"21323240","28269","46469","535016","5493","2019-11-10 16:37:54 UTC","215200","","false","1","0","0","0","1","0","0","215200","0","1","1","0.0","0.0","0.0"
"21323242","29931","80239","544315","7416","2019-11-10 16:24:49 UTC","21900","","false","1","0","0","0","1","0","0","21900","1","4","11","0.0","0.0","0.0"
"21323243","72386","66874","476331","2230","2019-11-10 16:24:22 UTC","67400","","false","1","0","0","0","1","0","0","67400","0","1","8","0.0","0.0","0.0"
"21323247","20194","84501","650491","5209","2019-11-10 14:40:50 UTC","54600","","false","1","0","0","0","1","0","0","54600","0","1","2","0.0","0.0","0.0"
"21323250","97342","64322","402934","3217","2019-11-10 14:23:52 UTC","46800","","false","1","0","0","0","1","0","0","46800","0","1","1","0.0","0.0","0.0"
"21323252","14582","55520","650486","3249","2019-11-10 14:06:18 UTC","121800","","false","1","0","0","0","1","0","0","121800","0","1","1","0.0","0.0","0.0"
"21323256","29817","95180","415944","1791","2019-11-10 13:09:18 UTC","307900","","false","1","0","0","0","1","0","0","307900","0","1","1","0.0","0.0","0.0"
"21323259","46367","99344","522688","1643","2019-11-10 11:29:25 UTC","28000","","false","1","0","0","0","1","0","0","28000","0","1","3","0.0","0.0","0.0"
"21323261","79698","33201","498453","5146","2019-11-10 05:43:51 UTC","41700","","false","1","1","0","0","1","0","0","41700","4","14","21","0.0","0.0","0.0"
"21323263","26981","46579","444456","3080","2019-11-10 01:37:37 UTC","24300","","false","1","1","0","0","1","0","0","24300","1","6","12","0.0","0.0","0.0"
"21323267","94047","69839","512707","2790","2019-11-10 01:08:36 UTC","84700","","false","1","1","0","0","1","0","0","84700","0","1","1","0.0","0.0","0.0"
"21323271","55127","12552","458919","2000","2019-11-09 23:41:50 UTC","23100","","false","1","0","0","0","1","0","0","23100","0","1","1","0.0","0.0","0.0"
"21323276","79698","64341","544731","9920","2019-11-09 20:59:54 UTC","70100","","false","1","0","0","0","1","0","0","70100","4","14","21","0.0","0.0","0.0"
"21323277","49919","11858","498406","4794","2019-11-09 20:48:27 UTC","398800","","true","1","0","0","0","1","0","0","398800","0","4","8","0.0","1.0","0.875"
"21323278","96704","6363","411085","5705","2019-11-09 20:47:33 UTC","50400","","false","1","0","0","0","2","0","0","149350","0","2","2","0.0","0.0","0.0"
"21323280","28647","19922","470598","4758","2019-11-09 20:20:30 UTC","94700","","false","1","0","0","0","1","0","0","94700","0","1","3","0.0","0.0","0.0"
"21323281","77130","75710","554482","7640","2019-11-09 20:11:57 UTC","163100","","true","1","0","0","7","10","0","40371","56090","10","13","14","1.0","1.0","0.92857"
"21323285","96553","72722","606282","1389","2019-11-09 19:29:12 UTC","14000","","false","1","0","0","0","1","0","0","14000","1","2","4","0.0","0.0","0.0"
"21323284","25932","30874","498406","2381","2019-11-09 19:42:49 UTC","176300","","true","1","0","0","2","4","0","215050","209600","2","4","4","1.0","1.0","1.0"
"21323286","87013","31324","418053","7021","2019-11-09 19:12:06 UTC","5000","","false","1","0","0","0","1","0","0","5000","0","1","1","0.0","0.0","0.0"
"21323291","45488","5058","498442","4825","2019-11-09 18:50:13 UTC","168300","","false","1","0","0","0","1","0","0","168300","0","1","1","0.0","0.0","0.0"
"21323293","88505","14303","455183","8350","2019-11-09 18:16:08 UTC","47100","","false","1","0","0","0","1","0","0","47100","0","1","1","0.0","0.0","0.0"
"21323294","76725","64526","514087","4038","2019-11-09 18:08:27 UTC","34000","","false","1","0","0","0","1","0","0","34000","1","4","10","0.0","0.0","0.0"
"21323295","87081","72856","506775","4300","2019-11-09 17:57:02 UTC","28000","","false","1","0","0","0","1","0","0","28000","0","1","2","0.0","0.0","0.0"
"21323302","25726","61941","527496","2831","2019-11-09 15:59:26 UTC","20400","","false","1","0","0","0","1","0","0","20400","0","3","3","0.0","0.0","0.0"
"21323316","93881","88623","458919","5923","2019-11-09 12:21:19 UTC","41000","","false","1","0","0","0","1","0","0","41000","0","3","9","0.0","0.0","0.0"
"21323327","77130","75710","554482","7640","2019-11-08 23:15:05 UTC","59900","","true","0","0","0","7","10","0","40371","56090","10","13","14","1.0","1.0","0.92857"
"21323326","77130","75710","554482","7640","2019-11-08 23:17:08 UTC","47300","","true","0","0","0","7","10","0","40371","56090","10","13","14","1.0","1.0","0.92857"
"21323320","77130","75710","554482","7640","2019-11-09 00:58:24 UTC","59300","","true","1","1","0","7","10","0","40371","56090","10","13","14","1.0","1.0","0.92857"
"21323297","43078","88003","459450","4358","2019-11-09 17:39:03 UTC","9800","","false","1","0","0","0","1","0","0","9800","1","6","7","0.0","0.0","0.0"
"21323336","25932","30874","537110","2022","2019-11-08 21:14:33 UTC","227900","","true","0","0","0","2","4","0","215050","209600","2","4","4","1.0","1.0","1.0"
"21323335","25932","30874","537110","2022","2019-11-08 21:17:19 UTC","202200","","true","0","0","0","2","4","0","215050","209600","2","4","4","1.0","1.0","1.0"
"21323306","14646","46813","230650","8007","2019-11-09 14:36:31 UTC","43400","","false","1","0","0","0","2","0","0","44400","0","2","4","0.0","0.0","0.0"
"21323303","25083","13395","550209","4335","2019-11-09 15:57:33 UTC","7000","","false","1","0","0","0","1","0","0","7000","0","1","1","0.0","0.0","0.0"
"21323305","81977","34612","516292","3589","2019-11-09 15:31:56 UTC","372100","","false","1","0","0","0","1","0","0","372100","0","1","2","0.0","0.0","0.0"
"21323308","65855","71002","550209","8539","2019-11-09 14:23:28 UTC","9800","","false","1","0","0","0","1","0","0","9800","0","1","1","0.0","0.0","0.0"
"21323309","70454","95957","550209","6408","2019-11-09 14:20:38 UTC","21500","","false","1","0","0","0","1","0","0","21500","0","1","5","0.0","0.0","0.0"
"21323311","12476","51688","498408","1681","2019-11-09 13:35:38 UTC","16500","","false","1","0","0","0","1","0","0","16500","0","2","5","0.0","0.0","0.0"
"21323314","79698","50685","404024","1908","2019-11-09 12:43:50 UTC","59900","","false","1","0","0","1","2","0","64600","62250","4","14","21","0.0","0.0","0.0"
"21323315","79698","17849","650512","8575","2019-11-09 12:35:09 UTC","72600","","false","1","0","0","0","1","0","0","72600","4","14","21","0.0","0.0","0.0"
"21323317","68998","76756","230744","1379","2019-11-09 10:32:58 UTC","128200","","false","1","0","0","0","1","0","0","128200","0","1","6","0.0","0.0","0.0"
"21323323","92441","88035","458919","1838","2019-11-08 23:53:36 UTC","18700","","false","0","0","0","1","1","0","18700","18700","2","2","5","0.0","0.0","0.0"
"21323324","17348","23633","421847","2386","2019-11-08 23:47:41 UTC","349600","","false","0","0","0","1","1","0","349600","349600","1","3","5","0.0","0.0","0.0"
"21323333","22142","13639","550209","3607","2019-11-08 22:05:51 UTC","41700","","false","0","0","0","1","1","0","41700","41700","1","1","1","0.0","0.0","0.0"
"21323339","4129","65346","523421","2855","2019-11-08 20:50:14 UTC","6500","","false","0","0","0","1","1","0","6500","6500","1","5","14","0.0","0.0","0.0"
"21323340","44397","25173","455183","4881","2019-11-08 20:46:36 UTC","50300","","false","0","0","0","1","1","0","50300","50300","1","2","2","0.0","0.0","0.0"
"21323344","97629","68769","516292","6154","2019-11-08 20:21:32 UTC","37200","","false","0","0","0","1","1","0","37200","37200","1","1","1","0.0","0.0","0.0"
"21323348","96553","82462","485464","1950","2019-11-08 20:04:36 UTC","44200","","false","0","0","0","1","1","0","44200","44200","1","2","4","0.0","0.0","0.0"
"21323349","49205","71248","651652","7759","2019-11-08 19:59:54 UTC","23200","","false","0","0","0","1","1","0","23200","23200","2","7","68","0.0","0.0","0.0"
"21323350","86760","76234","514945","9211","2019-11-08 19:57:55 UTC","63600","","false","0","0","0","1","1","0","63600","63600","1","2","2","0.0","0.0","0.0"
"21323353","92441","39503","516292","7654","2019-11-08 18:57:31 UTC","26200","","false","0","0","0","1","1","0","26200","26200","2","2","5","0.0","0.0","0.0"
"21323354","45827","99153","493103","1793","2019-11-08 18:45:43 UTC","59000","","false","0","0","0","1","1","0","59000","59000","2","3","4","0.0","0.0","0.0"
"21323356","91828","12681","528392","7205","2019-11-08 18:29:40 UTC","55000","","false","0","0","0","1","1","0","55000","55000","1","1","1","0.0","0.0","0.0"
"21323357","86197","89319","410863","7660","2019-11-08 18:08:46 UTC","202900","","false","0","0","0","1","1","0","202900","202900","1","1","2","0.0","0.0","0.0"
"21323360","24454","38839","522027","4024","2019-11-08 16:48:20 UTC","22100","","false","0","0","0","2","2","0","25600","25600","2","2","2","0.0","0.0","0.0"
"21323362","4039","62592","544731","8173","2019-11-08 16:24:54 UTC","25900","","false","0","0","0","1","1","0","25900","25900","1","1","3","0.0","0.0","0.0"
"21323368","82113","95163","458919","7184","2019-11-08 15:19:50 UTC","162000","","false","0","0","0","2","2","0","83500","83500","2","2","3","0.0","0.0","0.0"
"21323365","36411","88055","550209","3874","2019-11-08 15:47:44 UTC","67900","","false","0","0","0","1","1","0","67900","67900","1","2","6","0.0","0.0","0.0"
"21323366","53732","71824","404024","4561","2019-11-08 15:26:16 UTC","79500","","false","0","0","0","1","1","0","79500","79500","1","1","2","0.0","0.0","0.0"
"21323367","33790","24223","411049","2505","2019-11-08 15:24:09 UTC","259000","","false","0","0","0","1","1","0","259000","259000","1","1","1","0.0","0.0","0.0"
"21323341","77130","42677","515601","8618","2019-11-08 20:41:36 UTC","30100","","true","0","0","0","4","5","0","15600","12680","10","13","14","1.0","1.0","0.92857"
"21323343","77130","42677","515601","8618","2019-11-08 20:37:19 UTC","1000","","true","0","0","0","4","5","0","15600","12680","10","13","14","1.0","1.0","0.92857"
"21323371","3597","71270","498442","4022","2019-11-08 14:35:28 UTC","51800","","false","0","0","0","1","1","0","51800","51800","1","1","1","0.0","0.0","0.0"
"21323374","71193","68418","558763","5541","2019-11-08 13:10:16 UTC","19700","","false","0","0","0","1","1","0","19700","19700","1","1","1","0.0","0.0","0.0"
"21323375","32690","59735","516292","5685","2019-11-08 13:04:57 UTC","40100","","false","0","0","0","1","1","0","40100","40100","1","1","1","0.0","0.0","0.0"
"21323376","57903","49052","650914","7919","2019-11-08 13:04:00 UTC","130500","","false","0","0","0","1","1","0","130500","130500","1","2","2","0.0","0.0","0.0"
"21323329","77130","75710","554482","7640","2019-11-08 23:12:00 UTC","25400","","true","0","0","0","7","10","0","40371","56090","10","13","14","1.0","1.0","0.92857"
"21323414","25103","63711","548573","6203","2019-11-07 17:46:41 UTC","58800","","false","0","0","0","1","1","0","58800","58800","0","0","0","0.0","0.0","0.0"
"21323415","70899","69973","406655","3848","2019-11-07 17:12:11 UTC","250700","","true","0","0","0","1","1","0","250700","250700","0","0","0","0.0","0.0","0.0"
"21323422","62746","71326","549167","8585","2019-11-07 15:06:05 UTC","25900","","false","0","0","0","1","1","0","25900","25900","0","0","0","0.0","0.0","0.0"
"21323378","24454","38839","525320","8629","2019-11-08 12:27:49 UTC","29100","","false","0","0","0","2","2","0","25600","25600","2","2","2","0.0","0.0","0.0"
"21323419","20465","775","459380","9346","2019-11-07 16:03:51 UTC","145200","","false","0","0","0","1","1","0","145200","145200","0","1","1","0.0","0.0","0.0"
"21323420","82613","14870","498442","8940","2019-11-07 15:56:25 UTC","153700","","false","0","0","0","2","2","0","159000","159000","0","2","3","0.0","0.0","0.0"
"21323381","33192","92818","516292","2420","2019-11-08 10:48:27 UTC","26700","","false","0","0","0","1","1","0","26700","26700","1","3","9","0.0","0.0","0.0"
"21323425","828","42525","522590","4125","2019-11-07 12:20:38 UTC","42500","","false","0","0","0","1","1","0","42500","42500","0","0","4","0.0","0.0","0.0"
"21323424","79530","41827","544731","1331","2019-11-07 14:44:10 UTC","22700","","false","0","0","0","1","1","0","22700","22700","0","1","3","0.0","0.0","0.0"
"21323426","12339","75386","536518","9118","2019-11-07 02:59:31 UTC","34700","","false","0","1","0","1","1","0","34700","34700","0","0","0","0.0","0.0","0.0"
"21323429","13371","86059","523284","9315","2019-11-06 20:13:28 UTC","161700","","false","0","0","0","1","1","0","161700","161700","0","0","0","0.0","0.0","0.0"
"21323387","991","27183","518814","9293","2019-11-08 00:03:23 UTC","1600","","false","0","1","0","2","2","0","86000","86000","2","2","2","0.0","0.0","0.0"
"21323434","77262","57564","410715","6115","2019-11-06 14:31:16 UTC","2000","","false","0","0","0","1","1","0","2000","2000","0","0","0","0.0","0.0","0.0"
"21323431","57964","41964","525664","2259","2019-11-06 17:06:31 UTC","16900","","false","0","0","0","1","1","0","16900","16900","0","0","2","0.0","0.0","0.0"
"21323383","79698","55620","520132","6959","2019-11-08 01:42:46 UTC","20800","","false","0","1","0","1","1","0","20800","20800","4","14","21","0.0","0.0","0.0"
"21323432","92835","37125","535081","9861","2019-11-06 15:03:01 UTC","30100","","false","0","0","0","1","1","0","30100","30100","0","0","1","0.0","0.0","0.0"
"21323441","32076","23575","606282","9523","2019-11-05 23:24:17 UTC","38000","","false","0","0","0","1","1","0","38000","38000","0","0","0","0.0","0.0","0.0"
"21323437","77570","75889","406168","2582","2019-11-06 12:35:58 UTC","334900","","true","0","0","1","2","2","172600","253750","253750","0","0","0","0.0","0.0","0.0"
"21323384","79698","85801","550209","2179","2019-11-08 01:14:00 UTC","30700","","false","0","1","0","1","1","0","30700","30700","4","14","21","0.0","0.0","0.0"
"21323439","17763","14207","539090","9284","2019-11-06 02:51:38 UTC","27100","","false","0","1","0","1","1","0","27100","27100","0","1","1","0.0","0.0","0.0"
"21323385","21945","32313","549622","4922","2019-11-08 00:44:53 UTC","1500","","false","0","1","0","1","1","0","1500","1500","1","1","1","0.0","0.0","0.0"
"21323390","13720","32445","485464","8653","2019-11-07 22:33:28 UTC","26700","","false","0","0","0","1","1","0","26700","26700","0","1","2","0.0","0.0","0.0"
"21323447","49205","91822","498401","7890","2019-11-05 16:39:46 UTC","38300","","false","0","0","0","1","1","0","38300","38300","2","7","68","0.0","0.0","0.0"
"21323389","17348","63042","539090","9392","2019-11-07 23:08:54 UTC","325800","","false","0","0","0","1","1","0","325800","325800","1","3","5","0.0","0.0","0.0"
"21323449","53871","10054","550209","6719","2019-11-05 15:40:59 UTC","41800","","false","0","0","0","1","1","0","41800","41800","0","0","0","0.0","0.0","0.0"
"21323392","53593","167","550209","6809","2019-11-07 22:02:33 UTC","7500","","false","0","0","0","1","1","0","7500","7500","0","0","0","0.0","0.0","0.0"
"21323448","41438","12895","514868","3465","2019-11-05 16:26:29 UTC","150000","","false","0","0","0","1","1","0","150000","150000","0","0","1","0.0","0.0","0.0"
"21323397","30727","15146","406168","1588","2019-11-07 21:17:41 UTC","167600","","false","0","0","0","1","1","0","167600","167600","0","0","0","0.0","0.0","0.0"
"21323451","79698","66600","530994","4709","2019-11-05 15:32:32 UTC","23300","","false","0","0","0","1","1","0","23300","23300","4","14","21","0.0","0.0","0.0"
"21323395","51809","8418","444458","7801","2019-11-07 21:44:31 UTC","58400","","false","0","0","0","1","1","0","58400","58400","0","0","0","0.0","0.0","0.0"
"21323396","51809","52047","528860","5645","2019-11-07 21:19:57 UTC","46900","","false","0","0","0","1","1","0","46900","46900","0","0","0","0.0","0.0","0.0"
"21323401","53303","91699","544731","1490","2019-11-07 19:28:32 UTC","13200","","false","0","0","0","1","1","0","13200","13200","0","0","0","0.0","0.0","0.0"
"21323402","54702","41381","412793","7016","2019-11-07 19:08:59 UTC","7500","","false","0","0","0","1","1","0","7500","7500","0","0","0","0.0","0.0","0.0"
"21323403","93881","51595","444456","6401","2019-11-07 18:59:30 UTC","36600","","false","0","0","0","1","1","0","36600","36600","0","3","9","0.0","0.0","0.0"
"21323404","51474","34705","530994","6344","2019-11-07 18:59:13 UTC","92900","","false","0","0","0","1","1","0","92900","92900","0","0","0","0.0","0.0","0.0"
"21323407","87938","31162","539090","2011","2019-11-07 18:36:44 UTC","10000","","false","0","0","0","1","1","0","10000","10000","0","0","0","0.0","0.0","0.0"
"21323410","28279","54743","552640","2922","2019-11-07 18:32:06 UTC","137800","","false","0","0","0","1","1","0","137800","137800","0","0","0","0.0","0.0","0.0"
"21323408","72355","33720","422061","1910","2019-11-07 18:35:44 UTC","33600","","false","0","0","0","1","1","0","33600","33600","0","2","3","0.0","0.0","0.0"
"21323453","40983","73114","541465","3050","2019-11-05 14:26:58 UTC","20500","","false","0","0","0","1","1","0","20500","20500","0","0","0","0.0","0.0","0.0"
"21323456","88242","34426","544731","3209","2019-11-05 13:14:10 UTC","18900","","false","0","0","0","1","1","0","18900","18900","0","6","8","0.0","0.0","0.0"
"21323442","30121","40779","520132","7705","2019-11-05 21:43:55 UTC","186600","","false","0","0","0","4","6","0","279675","289333","0","0","1","0.0","0.0","0.0"
"21323457","17348","63416","428267","2028","2019-11-05 12:42:48 UTC","227400","","false","0","0","0","1","1","0","227400","227400","1","3","5","0.0","0.0","0.0"
"21323413","25653","62660","650495","2070","2019-11-07 18:05:06 UTC","13800","","false","0","0","0","1","1","0","13800","13800","0","0","0","0.0","0.0","0.0"
"21323464","38109","19891","550209","3172","2019-11-05 00:50:07 UTC","57700","","false","0","1","0","1","1","0","57700","57700","0","1","2","0.0","0.0","0.0"
"21322705","14487","47981","455181","2111","2019-11-19 18:30:41 UTC","28400","388856","false","0","0","0","0","1","0","0","28400","0","0","1","0.0","0.0","0.0"
"21323497","26981","96512","547408","7833","2019-11-04 15:51:33 UTC","29100","","false","0","0","0","2","2","0","38550","38550","1","6","12","0.0","0.0","0.0"
"21323468","23159","42774","453211","7234","2019-11-04 22:39:19 UTC","68700","","false","0","0","0","1","1","0","68700","68700","0","0","0","0.0","0.0","0.0"
"21323465","9842","37176","230744","9009","2019-11-05 00:40:05 UTC","13100","","false","0","1","0","1","1","0","13100","13100","0","0","4","0.0","0.0","0.0"
"21323471","75670","81805","515590","1935","2019-11-04 21:06:21 UTC","56600","","false","0","0","0","1","1","0","56600","56600","0","0","0","0.0","0.0","0.0"
"21323470","93711","72941","522840","8660","2019-11-04 21:21:45 UTC","226700","","false","0","0","0","1","1","0","226700","226700","0","1","4","0.0","0.0","0.0"
"21323459","30121","40779","520132","7705","2019-11-05 11:51:43 UTC","319700","","false","0","0","0","4","6","0","279675","289333","0","0","1","0.0","0.0","0.0"
"21323461","30121","40779","520132","7705","2019-11-05 11:46:41 UTC","301300","","false","0","0","0","4","6","0","279675","289333","0","0","1","0.0","0.0","0.0"
"21323488","47605","64435","458919","5666","2019-11-04 17:02:57 UTC","101400","","false","0","0","0","2","2","0","151650","151650","0","0","2","0.0","0.0","0.0"
"21323478","42333","52740","459315","6120","2019-11-04 18:50:17 UTC","80900","","false","0","0","0","1","1","0","80900","80900","0","0","0","0.0","0.0","0.0"
"21323476","29931","2361","550209","4149","2019-11-04 19:18:36 UTC","4500","","false","0","0","0","1","1","0","4500","4500","1","4","11","0.0","0.0","0.0"
"21323479","85032","58248","547408","8925","2019-11-04 18:44:30 UTC","42700","","false","0","0","0","1","1","0","42700","42700","0","0","1","0.0","0.0","0.0"
"21323484","50537","65182","482425","1116","2019-11-04 17:40:30 UTC","92700","","false","0","0","0","1","1","0","92700","92700","0","0","0","0.0","0.0","0.0"
"21323482","25671","72132","516376","4270","2019-11-04 17:45:40 UTC","107300","","false","0","0","0","2","2","0","107750","107750","0","0","0","0.0","0.0","0.0"
"21323485","1356","31672","530780","2598","2019-11-04 17:28:13 UTC","17300","","false","0","0","0","1","1","0","17300","17300","0","2","5","0.0","0.0","0.0"
"21323487","41525","10778","524314","2695","2019-11-04 17:17:12 UTC","106300","","false","0","0","0","1","1","0","106300","106300","0","0","0","0.0","0.0","0.0"
"21323491","36929","19160","523421","4915","2019-11-04 16:31:43 UTC","67700","","false","0","0","0","1","1","0","67700","67700","0","10","12","0.0","0.0","0.0"
"21323495","51052","77201","421847","2760","2019-11-04 16:02:46 UTC","128400","","false","0","0","0","1","1","0","128400","128400","0","0","0","0.0","0.0","0.0"
"21323492","49205","42427","525663","5543","2019-11-04 16:29:09 UTC","36100","","false","0","0","0","1","1","0","36100","36100","2","7","68","0.0","0.0","0.0"
"21323494","6112","75029","545430","8025","2019-11-04 16:05:13 UTC","17400","","false","0","0","0","1","1","0","17400","17400","2","3","7","0.0","0.0","0.0"
"21323505","70701","28412","516292","8378","2019-11-04 13:22:33 UTC","26700","","false","0","0","0","1","1","0","26700","26700","0","0","0","0.0","0.0","0.0"
"21323503","49205","65249","421962","8053","2019-11-04 14:23:12 UTC","30000","","false","0","0","0","1","1","0","30000","30000","2","7","68","0.0","0.0","0.0"
"21323501","76725","16781","546056","2924","2019-11-04 14:54:49 UTC","48900","","false","0","0","0","2","2","0","49550","49550","1","4","10","0.0","0.0","0.0"
"21323500","76725","16781","546056","2924","2019-11-04 14:55:21 UTC","50200","","true","0","0","0","2","2","0","49550","49550","1","4","10","0.0","0.0","0.0"
"21323510","75684","89825","410863","7921","2019-11-04 11:28:09 UTC","136700","","false","0","0","0","1","1","0","136700","136700","0","0","0","0.0","0.0","0.0"
"21323509","99333","85794","230650","5127","2019-11-04 12:31:10 UTC","17800","","false","0","0","0","1","1","0","17800","17800","0","1","1","0.0","0.0","0.0"
"21323507","62052","18227","550209","3098","2019-11-04 13:15:50 UTC","99900","","true","0","0","0","4","4","0","97400","97400","0","3","5","0.0","0.0","0.0"
"21323511","32901","62541","511781","250","2019-11-04 11:22:22 UTC","6500","","false","0","0","0","3","3","0","5233","5233","0","0","0","0.0","0.0","0.0"
"21323516","94513","81105","552937","3636","2019-11-03 23:18:38 UTC","70900","","false","1","0","0","1","1","0","70900","70900","0","0","0","0.0","0.0","0.0"
"21323514","91013","72498","515601","2730","2019-11-04 10:25:35 UTC","66100","","false","0","0","0","1","1","0","66100","66100","0","1","5","0.0","0.0","0.0"
"21323515","71701","20036","453211","3232","2019-11-03 23:44:32 UTC","57700","","false","1","0","0","1","1","0","57700","57700","0","1","2","0.0","0.0","0.0"
"21323519","70838","47887","536492","9034","2019-11-03 21:26:27 UTC","25300","","false","1","0","0","1","1","0","25300","25300","0","0","0","0.0","0.0","0.0"
"21323524","10697","58698","476993","1150","2019-11-03 20:10:17 UTC","156400","","false","1","0","0","1","1","0","156400","156400","0","0","0","0.0","0.0","0.0"
"21323523","17348","15648","548724","3775","2019-11-03 20:14:28 UTC","216700","","false","1","0","0","1","1","0","216700","216700","1","3","5","0.0","0.0","0.0"
"21323521","4039","266","482425","1320","2019-11-03 20:25:23 UTC","23500","","false","1","0","0","2","2","0","32600","32600","1","1","3","0.0","0.0","0.0"
"21323533","8942","24027","406669","8126","2019-11-03 17:02:15 UTC","207900","","true","1","0","0","1","1","0","207900","207900","0","0","0","0.0","0.0","0.0"
"21323528","57903","39273","515590","9873","2019-11-03 19:20:00 UTC","61300","","false","1","0","0","1","2","0","61300","49700","1","2","2","0.0","0.0","0.0"
"21323531","57964","50105","606282","4832","2019-11-03 18:25:07 UTC","200","","false","1","0","0","2","2","0","200","200","0","0","2","0.0","0.0","0.0"
"21323536","26981","22392","531705","1910","2019-11-03 16:28:38 UTC","8800","","false","1","0","0","1","1","0","8800","8800","1","6","12","0.0","0.0","0.0"
"21323534","59324","56052","523421","2491","2019-11-03 16:54:57 UTC","7800","","false","1","0","0","1","1","0","7800","7800","0","0","7","0.0","0.0","0.0"
"21323538","8942","76819","552289","8870","2019-11-03 16:10:00 UTC","103800","","true","1","0","0","4","4","0","154350","154350","0","0","0","0.0","0.0","0.0"
"21323496","1356","58799","406655","6485","2019-11-04 15:57:26 UTC","9300","","false","0","0","0","1","2","0","9300","14600","0","2","5","0.0","0.0","0.0"
"21322711","39028","36325","514945","8797","2019-11-19 17:59:09 UTC","81500","270279","false","0","0","0","0","1","0","0","81500","0","0","1","0.0","0.0","0.0"
"21323542","48645","65386","650907","6491","2019-11-03 15:20:14 UTC","402600","","false","1","0","0","1","1","0","402600","402600","0","0","0","0.0","0.0","0.0"
"21320402","54075","64367","650487","6116","2019-12-01 21:30:53 UTC","5500","860232","false","1","0","0","0","1","0","0","5500","0","0","1","0.0","0.0","0.0"
"21320420","58185","47303","412793","3067","2019-12-01 19:36:09 UTC","112600","381052","false","1","0","0","0","1","0","0","112600","0","0","1","0.0","0.0","0.0"
"21320440","8377","37462","485464","6620","2019-12-01 18:33:36 UTC","24700","948123","false","1","0","0","0","1","0","0","24700","0","0","1","0.0","0.0","0.0"
"21320469","35140","65457","524703","6510","2019-12-01 15:56:08 UTC","23600","680238","false","1","0","0","0","1","0","0","23600","0","0","4","0.0","0.0","0.0"
"21320474","92089","86071","412177","4136","2019-12-01 15:32:52 UTC","61400","367575","false","1","0","0","0","1","0","0","61400","0","0","8","0.0","0.0","0.0"
"21320449","3097","69321","485464","4340","2019-12-01 17:31:28 UTC","19900","332900","false","1","0","0","0","2","0","0","30600","0","0","2","0.0","0.0","0.0"
"21320481","88252","16064","514945","9585","2019-12-01 14:56:42 UTC","79600","673627","false","1","0","0","0","1","0","0","79600","0","0","2","0.0","0.0","0.0"
"21320501","41916","56854","410863","7655","2019-12-01 13:50:59 UTC","27200","590451","false","1","0","0","0","1","0","0","27200","0","0","1","0.0","0.0","0.0"
"21320520","54483","46987","539091","3500","2019-12-01 11:56:43 UTC","1000","190910","false","1","0","0","0","1","0","0","1000","0","0","1","0.0","0.0","0.0"
"21320549","46666","2402","550209","1795","2019-12-01 00:01:21 UTC","22300","892789","false","1","1","0","0","1","0","0","22300","0","0","2","0.0","0.0","0.0"
"21320550","72376","67650","482425","5125","2019-11-30 23:45:26 UTC","19200","245189","false","1","0","0","0","1","0","0","19200","0","0","1","0.0","0.0","0.0"
"21323544","50653","66117","422053","4055","2019-11-03 13:42:37 UTC","62000","","false","1","0","0","1","1","0","62000","62000","0","1","2","0.0","0.0","0.0"
"21320411","56107","81152","650516","7004","2019-12-01 20:36:55 UTC","3200","486","true","1","0","0","0","4","0","0","22925","0","0","5","0.0","0.0","0.8"
"21323547","19812","29880","536380","5215","2019-11-03 01:04:17 UTC","104300","","false","1","1","0","1","1","0","104300","104300","0","0","0","0.0","0.0","0.0"
"21323546","71701","85483","458919","6731","2019-11-03 12:57:38 UTC","49100","","false","1","0","0","1","1","0","49100","49100","0","1","2","0.0","0.0","0.0"
"21323552","60381","14506","550209","3561","2019-11-02 19:26:53 UTC","4000","","false","1","0","1","1","1","4000","4000","4000","0","0","0","0.0","0.0","0.0"
"21323550","95499","19244","498406","8674","2019-11-02 21:56:54 UTC","231300","","false","1","0","1","1","1","231300","231300","231300","0","3","3","0.0","0.0","0.0"
"21323554","41354","19820","606282","6581","2019-11-02 18:07:03 UTC","23400","","true","1","0","3","3","3","276433","276433","276433","0","0","0","0.0","0.0","0.0"
"21323553","15858","23285","650907","1034","2019-11-02 18:56:58 UTC","212400","","false","1","0","1","1","1","212400","212400","212400","0","0","1","0.0","0.0","0.0"
"21323555","41354","19820","606282","6581","2019-11-02 18:04:22 UTC","402800","","true","1","0","3","3","3","276433","276433","276433","0","0","0","0.0","0.0","0.0"
"21323559","85032","6868","552693","3790","2019-11-02 17:00:26 UTC","17000","","false","1","0","1","1","1","17000","17000","17000","0","0","1","0.0","0.0","0.0"
"21323558","16266","9790","415944","6598","2019-11-02 17:06:52 UTC","55900","","false","1","0","1","1","1","55900","55900","55900","0","1","1","0.0","0.0","0.0"
"21323565","12729","73391","512363","3915","2019-11-02 15:35:54 UTC","405400","","false","1","0","1","1","1","405400","405400","405400","0","0","0","0.0","0.0","0.0"
"21323561","17348","63398","455183","2351","2019-11-02 16:55:19 UTC","56800","","false","1","0","1","1","1","56800","56800","56800","1","3","5","0.0","0.0","0.0"
"21323564","62052","69750","459383","9805","2019-11-02 16:08:15 UTC","308400","","false","1","0","1","1","1","308400","308400","308400","0","3","5","0.0","0.0","0.0"
"21323573","31030","69106","544315","3169","2019-11-02 01:27:23 UTC","38400","","false","1","1","1","1","1","38400","38400","38400","0","0","0","0.0","0.0","0.0"
"21323569","50493","57584","655007","7278","2019-11-02 14:07:07 UTC","70700","","false","1","0","1","1","1","70700","70700","70700","0","0","0","0.0","0.0","0.0"
"21323570","63526","66627","536380","7117","2019-11-02 13:17:15 UTC","32700","","false","1","0","1","1","1","32700","32700","32700","0","0","2","0.0","0.0","0.0"
"21323571","32186","72424","513557","2504","2019-11-02 12:09:00 UTC","404400","","false","1","0","1","1","1","404400","404400","404400","0","1","2","0.0","0.0","0.0"
"21323585","15371","42933","550209","1962","2019-11-01 18:42:33 UTC","14500","","false","0","0","1","1","1","14500","14500","14500","0","0","3","0.0","0.0","0.0"
"21323577","3659","89530","498453","6156","2019-11-01 21:46:32 UTC","251700","","false","0","0","1","1","1","251700","251700","251700","0","0","1","0.0","0.0","0.0"
"21323578","16266","96495","552305","4782","2019-11-01 20:54:04 UTC","293600","","true","0","0","2","2","2","184900","184900","184900","0","1","1","0.0","0.0","0.0"
"21323576","16266","96495","522840","2045","2019-11-01 22:10:49 UTC","76200","","true","0","0","2","2","2","184900","184900","184900","0","1","1","0.0","0.0","0.0"
"21323581","50653","73854","544731","2552","2019-11-01 19:25:29 UTC","50300","","false","0","0","1","1","1","50300","50300","50300","0","1","2","0.0","0.0","0.0"
"21323582","25726","90526","535858","8085","2019-11-01 19:22:17 UTC","23000","","false","0","0","1","1","1","23000","23000","23000","0","3","3","0.0","0.0","0.0"
"21323589","13371","84944","530033","1098","2019-11-01 16:20:00 UTC","36000","","false","0","0","1","1","1","36000","36000","36000","0","0","0","0.0","0.0","0.0"
"21323588","50493","93741","530034","1987","2019-11-01 16:50:32 UTC","59500","","false","0","0","1","1","1","59500","59500","59500","0","0","0","0.0","0.0","0.0"
"21323595","35930","7","544315","7773","2019-11-01 01:29:45 UTC","35900","","false","0","1","1","1","1","35900","35900","35900","0","0","1","0.0","0.0","0.0"
"21323590","15140","38415","544731","7009","2019-11-01 14:33:11 UTC","236800","","false","0","0","1","1","1","236800","236800","236800","0","0","0","0.0","0.0","0.0"
"21323596","17348","8","650487","9884","2019-11-01 01:27:15 UTC","241600","","false","0","1","1","1","1","241600","241600","241600","1","3","5","0.0","0.0","0.0"
"21320529","93520","77959","432957","7262","2019-12-01 10:59:39 UTC","200","589318","false","1","0","0","0","7","0","0","200","0","0","5","0.0","0.0","0.0"
"21323540","8942","76819","552289","8870","2019-11-03 16:08:01 UTC","155100","","true","1","0","0","4","4","0","154350","154350","0","0","0","0.0","0.0","0.0"
"21320601","38755","11844","523421","7013","2019-11-30 20:00:24 UTC","27900","197702","false","1","0","0","0","1","0","0","27900","0","0","5","0.0","0.0","0.6"
"21322717","62719","85187","516292","8336","2019-11-19 16:27:37 UTC","24300","","false","0","0","0","0","1","0","0","24300","0","0","1","0.0","0.0","0.0"
"21320639","52192","33684","515601","7853","2019-11-30 18:46:35 UTC","166400","940224","false","1","0","0","0","1","0","0","166400","0","0","1","0.0","0.0","0.0"
"21320572","1569","35108","550209","3601","2019-11-30 21:52:22 UTC","325800","513783","false","1","0","0","0","1","0","0","325800","0","0","2","0.0","0.0","0.0"
"21320648","54826","89231","523284","5859","2019-11-30 18:11:54 UTC","20400","790889","false","1","0","0","0","1","0","0","20400","0","0","1","0.0","0.0","0.0"
"21320657","84382","17183","425850","7982","2019-11-30 17:44:44 UTC","34500","366469","false","1","0","0","0","1","0","0","34500","0","0","1","0.0","0.0","0.0"
"21320553","58284","42806","548573","1790","2019-11-30 23:36:31 UTC","30700","601936","false","1","0","0","0","1","0","0","30700","0","0","1","0.0","0.0","0.0"
"21320733","4694","74844","606282","1353","2019-11-30 14:53:16 UTC","371800","","true","1","0","0","0","1","0","0","371800","0","0","1","0.0","0.0","1.0"
"21320888","17275","11750","453211","4609","2019-11-29 20:49:56 UTC","63400","342890","false","0","0","0","0","31","0","0","57412","0","0","30","0.0","0.0","0.73333"
"21320751","25496","11383","511623","5083","2019-11-30 14:15:41 UTC","10200","620419","false","1","0","0","0","2","0","0","33550","0","0","2","0.0","0.0","0.0"
"21320704","38568","99396","536380","6214","2019-11-30 16:09:53 UTC","362700","834436","true","1","0","0","0","5","0","0","201140","0","0","5","0.0","0.0","1.0"
"21320778","73205","90144","553096","1741","2019-11-30 12:17:45 UTC","352600","512700","true","1","0","0","0","1","0","0","352600","0","0","3","0.0","0.0","1.0"
"21320810","89757","65759","526326","6930","2019-11-30 01:13:28 UTC","48600","872384","false","1","1","0","0","1","0","0","48600","0","0","1","0.0","0.0","0.0"
"21320582","83996","69596","550209","6604","2019-11-30 21:01:01 UTC","33400","467977","false","1","0","0","0","1","0","0","33400","0","0","1","0.0","0.0","0.0"
"21320849","23591","1836","230888","6775","2019-11-29 23:11:05 UTC","44700","889989","false","0","0","0","0","2","0","0","57750","0","0","3","0.0","0.0","0.0"
"21320820","49909","73385","406669","5822","2019-11-30 00:21:03 UTC","330300","884678","true","1","1","0","0","3","0","0","363966","0","0","4","0.0","0.0","0.75"
"21320592","40373","73851","550209","8395","2019-11-30 20:28:34 UTC","37300","38989","false","1","0","0","0","1","0","0","37300","0","0","1","0.0","0.0","0.0"
"21320791","29744","83452","530780","3773","2019-11-30 03:56:15 UTC","80200","750759","false","1","1","0","0","2","0","0","107250","0","0","11","0.0","0.0","0.09091"
"21320898","9626","86759","544731","5840","2019-11-29 20:16:47 UTC","200","99690","false","0","0","0","0","1","0","0","200","0","0","1","0.0","0.0","0.0"
"21320933","25580","17296","410749","5241","2019-11-29 18:56:25 UTC","239900","924206","false","0","0","0","0","1","0","0","239900","0","0","1","0.0","0.0","0.0"
"21320952","66875","14542","544731","6776","2019-11-29 18:22:10 UTC","31800","350635","false","0","0","0","0","1","0","0","31800","0","0","1","0.0","0.0","0.0"
"21320961","93330","22767","550209","6765","2019-11-29 17:53:04 UTC","53400","987440","false","0","0","0","0","1","0","0","53400","0","0","1","0.0","0.0","0.0"
"21320714","99510","56877","441030","2146","2019-11-30 15:43:57 UTC","90400","60010","true","1","0","0","0","9","0","0","77022","0","0","12","0.0","0.0","0.58333"
"21321019","90035","3524","406655","8660","2019-11-29 15:57:06 UTC","42400","554864","false","0","0","0","0","1","0","0","42400","0","2","7","0.0","0.0","0.14286"
"21321077","18149","77562","514087","1056","2019-11-29 13:32:37 UTC","21400","912283","false","0","0","0","0","1","0","0","21400","0","0","1","0.0","0.0","0.0"
"21320621","49205","98028","406669","7695","2019-11-30 19:15:47 UTC","166700","839171","false","1","0","0","0","1","0","0","166700","2","7","68","0.0","0.0","0.0"
"21321082","15676","54976","439354","6004","2019-11-29 13:16:16 UTC","407800","","false","0","0","0","0","1","0","0","407800","0","0","1","0.0","0.0","0.0"
"21321093","65779","40884","650487","5946","2019-11-29 12:40:57 UTC","84200","791912","false","0","0","0","0","1","0","0","84200","0","0","1","0.0","0.0","0.0"
"21321102","23256","25361","523421","4750","2019-11-29 11:49:34 UTC","83500","187545","false","0","0","0","0","1","0","0","83500","0","0","1","0.0","0.0","0.0"
"21320907","73271","7725","520405","5073","2019-11-29 19:57:50 UTC","156300","313443","true","0","0","0","0","7","0","0","154571","0","0","10","0.0","0.0","1.0"
"21320702","17275","11750","536537","5126","2019-11-30 16:11:18 UTC","49100","542535","false","1","0","0","0","31","0","0","57412","0","0","30","0.0","0.0","0.73333"
"21320859","15326","66979","606282","6780","2019-11-29 22:33:14 UTC","122100","81082","true","0","0","0","0","3","0","0","153400","0","0","5","0.0","0.0","1.0"
"21320981","29214","50643","490172","3386","2019-11-29 17:15:34 UTC","60500","570971","true","0","0","0","0","4","0","0","57225","0","0","10","0.0","0.0","0.9"
"21320800","15950","12678","515743","4883","2019-11-30 02:11:41 UTC","89400","190238","true","1","1","0","0","2","0","0","72950","0","0","2","0.0","0.0","1.0"
"21321067","35601","19385","550209","1556","2019-11-29 13:49:47 UTC","10000","583932","false","0","0","0","0","2","0","0","10000","0","0","4","0.0","0.0","0.0"
"21320677","38410","84940","530551","5240","2019-11-30 17:12:53 UTC","500","785729","false","1","0","0","0","2","0","0","450","0","0","4","0.0","0.0","0.0"
"21320687","30688","97248","516292","5655","2019-11-30 16:52:22 UTC","26400","571395","false","1","0","0","0","1","0","0","26400","0","0","1","0.0","0.0","0.0"
"21320690","82034","42873","544731","2782","2019-11-30 16:42:58 UTC","19300","643209","false","1","0","0","0","1","0","0","19300","0","0","1","0.0","0.0","0.0"
"21320742","29418","79350","230650","7408","2019-11-30 14:37:00 UTC","32000","816841","false","1","0","0","0","1","0","0","32000","0","0","2","0.0","0.0","0.0"
"21320829","19612","30130","550209","9539","2019-11-30 00:05:33 UTC","24300","522205","false","1","1","0","0","1","0","0","24300","0","0","1","0.0","0.0","0.0"
"21320930","217","30578","498423","3461","2019-11-29 19:02:46 UTC","102200","967509","false","0","0","0","0","1","0","0","102200","1","2","4","0.0","0.0","0.0"
"21320971","9397","81375","406441","6860","2019-11-29 17:40:07 UTC","102500","17248","false","0","0","0","0","1","0","0","102500","0","0","1","0.0","0.0","0.0"
"21320990","41891","85274","535016","2418","2019-11-29 16:54:51 UTC","30700","974384","false","0","0","0","0","1","0","0","30700","0","0","1","0.0","0.0","0.0"
"21321006","28212","71560","534543","9033","2019-11-29 16:22:55 UTC","92800","38192","false","0","0","0","0","1","0","0","92800","0","0","1","0.0","0.0","0.0"
"21321160","42178","57385","522840","4397","2019-11-28 23:51:36 UTC","32400","671987","false","0","0","0","0","1","0","0","32400","0","0","15","0.0","0.0","0.0"
"21321169","45421","17119","422061","7053","2019-11-28 23:31:13 UTC","42300","356687","false","0","0","0","0","1","0","0","42300","0","0","1","0.0","0.0","0.0"
"21321208","72386","15915","423070","5625","2019-11-28 21:30:30 UTC","5000","660569","false","0","0","0","0","1","0","0","5000","0","1","8","0.0","0.0","0.0"
"21321234","79561","46999","423153","4876","2019-11-28 20:24:10 UTC","82600","142654","false","0","0","0","0","1","0","0","82600","0","0","1","0.0","0.0","0.0"
"21321246","42319","63847","544731","1265","2019-11-28 20:06:56 UTC","5800","321529","false","0","0","0","0","1","0","0","5800","0","0","1","0.0","0.0","0.0"
"21321294","62836","24463","458919","7390","2019-11-28 18:15:34 UTC","9900","960082","false","0","0","0","0","1","0","0","9900","0","0","1","0.0","0.0","0.0"
"21321312","92029","20641","512707","5520","2019-11-28 17:42:55 UTC","29500","56722","false","0","0","0","0","1","0","0","29500","0","0","5","0.0","0.0","0.0"
"21323272","11863","56008","510147","7569","2019-11-09 23:19:06 UTC","64600","","false","1","0","0","0","1","0","0","64600","0","3","5","0.0","0.0","0.0"
"21321359","96803","45249","498401","5833","2019-11-28 15:45:40 UTC","176900","396651","false","0","0","0","0","1","0","0","176900","0","0","1","0.0","0.0","0.0"
"21321392","70469","60300","530599","360","2019-11-28 14:07:43 UTC","9500","449907","false","0","0","0","0","1","0","0","9500","0","0","1","0.0","0.0","0.0"
"21321421","66442","50068","230744","7679","2019-11-28 11:47:38 UTC","59300","67253","false","0","0","0","0","1","0","0","59300","0","0","1","0.0","0.0","0.0"
"21321496","15064","13748","409600","8351","2019-11-27 15:56:09 UTC","197800","118583","false","0","0","0","0","1","0","0","197800","0","0","4","0.0","0.0","0.0"
"21321486","4705","91637","515590","3621","2019-11-27 17:21:43 UTC","56300","563499","true","0","0","0","0","22","0","0","78763","0","0","22","0.0","0.0","0.86364"
"21321538","33510","37879","476333","7120","2019-11-26 21:54:22 UTC","10500","552986","false","0","0","0","0","1","0","0","10500","0","0","1","0.0","0.0","0.0"
"21321548","60418","1620","458919","4999","2019-11-26 20:18:22 UTC","3500","50625","false","0","0","0","0","1","0","0","3500","0","0","1","0.0","0.0","0.0"
"21321539","4705","91637","554927","7403","2019-11-26 21:51:30 UTC","82400","563499","true","0","0","0","0","22","0","0","78763","0","0","22","0.0","0.0","0.86364"
"21321577","78379","41578","550209","7808","2019-11-26 16:26:08 UTC","6400","304885","false","0","0","0","0","1","0","0","6400","0","0","2","0.0","0.0","0.0"
"21321615","81229","6645","530780","2760","2019-11-26 13:35:32 UTC","55100","588770","false","0","0","0","0","1","0","0","55100","0","0","4","0.0","0.0","0.0"
"21321633","38142","90858","650507","3682","2019-11-26 05:47:11 UTC","2000","104612","false","0","1","0","0","1","0","0","2000","0","0","1","0.0","0.0","0.0"
"21321652","50227","72489","418053","9035","2019-11-25 19:34:24 UTC","18600","471801","false","0","0","0","0","1","0","0","18600","0","0","1","0.0","0.0","0.0"
"21321151","50185","83153","520405","4327","2019-11-29 00:10:22 UTC","34700","457579","false","0","1","0","0","1","0","0","34700","0","0","1","0.0","0.0","0.0"
"21321505","17275","11750","406655","4017","2019-11-27 14:45:01 UTC","65800","342890","true","0","0","0","0","31","0","0","57412","0","0","30","0.0","0.0","0.73333"
"21321227","72386","68468","498442","3668","2019-11-28 20:34:38 UTC","101200","546039","false","0","0","0","0","3","0","0","81133","0","1","8","0.0","0.0","0.0"
"21321386","29214","71424","490172","9947","2019-11-28 14:43:41 UTC","65500","453490","true","0","0","0","0","5","0","0","59280","0","0","10","0.0","0.0","0.9"
"21321131","97291","9669","606282","7221","2019-11-29 02:03:27 UTC","76300","818443","false","0","1","0","0","3","0","0","58833","0","0","7","0.0","0.0","0.57143"
"21321476","42356","76422","498408","4290","2019-11-27 19:07:04 UTC","45200","374474","true","0","0","0","0","2","0","0","50050","0","0","12","0.0","0.0","0.66667"
"21321524","42356","16862","530994","6025","2019-11-27 00:10:58 UTC","12700","495100","true","0","1","0","0","2","0","0","15000","0","0","12","0.0","0.0","0.66667"
"21321402","26981","63952","459383","1178","2019-11-28 13:41:37 UTC","25500","967812","false","0","0","0","0","3","0","0","26266","1","6","12","0.0","0.0","0.0"
"21321441","29744","33326","498408","6734","2019-11-28 00:11:44 UTC","132000","452476","false","0","1","0","0","2","0","0","119700","0","0","11","0.0","0.0","0.09091"
"21321218","57925","82659","498453","8050","2019-11-28 21:05:48 UTC","17700","921997","false","0","0","0","0","1","0","0","17700","0","0","1","0.0","0.0","0.0"
"21321285","8284","73794","541465","1040","2019-11-28 18:38:12 UTC","205000","663091","false","0","0","0","0","1","0","0","205000","0","0","1","0.0","0.0","0.0"
"21321304","924","41358","530599","2981","2019-11-28 18:01:15 UTC","7500","309902","false","0","0","0","0","1","0","0","7500","0","0","1","0.0","0.0","0.0"
"21321331","4138","32383","455185","4730","2019-11-28 17:09:50 UTC","8900","969344","false","0","0","0","0","1","0","0","8900","0","0","1","0.0","0.0","0.0"
"21321341","31810","72735","498453","5385","2019-11-28 16:40:03 UTC","119800","","false","0","0","0","0","1","0","0","119800","0","0","1","0.0","0.0","0.0"
"21321379","24340","55518","516292","5862","2019-11-28 14:55:17 UTC","19200","771371","false","0","0","0","0","1","0","0","19200","0","0","10","0.0","0.0","0.0"
"21321431","217","99354","550209","9481","2019-11-28 02:20:19 UTC","55200","127442","false","0","1","0","0","1","0","0","55200","1","2","4","0.0","0.0","0.0"
"21321460","3109","86219","606282","9980","2019-11-27 21:05:09 UTC","184700","808150","true","0","0","0","0","1","0","0","184700","0","0","1","0.0","0.0","1.0"
"21321462","7626","34175","550209","6524","2019-11-27 20:36:17 UTC","7000","805794","false","0","0","0","0","1","0","0","7000","0","0","4","0.0","0.0","0.0"
"21321587","15017","41161","536380","4170","2019-11-26 15:59:37 UTC","113500","528130","false","0","0","0","0","1","0","0","113500","0","0","1","0.0","0.0","0.0"
"21321606","37038","40010","230744","6879","2019-11-26 14:24:37 UTC","149900","766921","false","0","0","0","0","1","0","0","149900","0","0","2","0.0","0.0","0.0"
"21321643","19569","67417","410863","4622","2019-11-25 23:20:24 UTC","33000","249786","false","0","0","0","0","1","0","0","33000","0","0","3","0.0","0.0","0.0"
"21321662","83225","66500","423071","4208","2019-11-25 16:42:32 UTC","4500","851307","false","0","0","0","0","1","0","0","4500","0","0","1","0.0","0.0","0.0"
"21323498","3194","65676","498423","4502","2019-11-04 15:28:32 UTC","20300","","false","0","0","0","1","1","0","20300","20300","0","2","2","0.0","0.0","0.0"
"21321321","93881","61705","444456","2338","2019-11-28 17:23:59 UTC","44400","333939","false","0","0","0","0","1","0","0","44400","0","3","9","0.0","0.0","0.0"
"21321931","20663","83722","498406","9651","2019-11-23 16:39:03 UTC","53600","978084","true","1","0","0","0","6","0","0","67550","0","0","6","0.0","0.0","0.66667"
"21321750","29386","80013","550209","1665","2019-11-23 23:57:27 UTC","99200","19614","false","1","0","0","0","1","0","0","99200","0","0","1","0.0","0.0","0.0"
"21321797","92426","23720","458919","1175","2019-11-23 21:07:20 UTC","3000","71255","false","1","0","0","0","1","0","0","3000","0","0","1","0.0","0.0","0.0"
"21321766","34433","36309","521180","5446","2019-11-23 23:05:02 UTC","226100","133521","false","1","0","0","0","1","0","0","226100","0","0","2","0.0","0.0","0.0"
"21321842","82533","16949","539090","4166","2019-11-23 19:23:10 UTC","55800","743226","false","1","0","0","0","1","0","0","55800","0","0","2","0.0","0.0","0.0"
"21321846","95302","77388","539091","3160","2019-11-23 19:21:08 UTC","1000","700150","false","1","0","0","0","1","0","0","1000","0","0","1","0.0","0.0","0.0"
"21321894","93794","12648","476333","1386","2019-11-23 17:52:51 UTC","27900","305029","false","1","0","0","0","1","0","0","27900","0","0","1","0.0","0.0","0.0"
"21321913","40046","48622","515894","7636","2019-11-23 17:16:09 UTC","83600","928696","false","1","0","0","0","1","0","0","83600","0","0","2","0.0","0.0","0.0"
"21322124","33688","13229","651653","2940","2019-11-22 22:18:28 UTC","135800","907237","false","0","0","0","0","2","0","0","102950","0","0","2","0.0","0.0","0.0"
"21321951","56791","45943","406669","4168","2019-11-23 15:44:13 UTC","176200","","false","1","0","0","0","1","0","0","176200","0","0","1","0.0","0.0","0.0"
"21321703","14939","74040","522027","4461","2019-11-24 21:49:57 UTC","1000","63802","false","1","0","0","0","1","0","0","1000","0","0","1","0.0","0.0","0.0"
"21321996","67371","47105","544731","2710","2019-11-23 13:54:46 UTC","2000","800585","false","1","0","0","0","1","0","0","2000","0","0","1","0.0","0.0","0.0"
"21322025","99021","23495","550209","9604","2019-11-23 12:38:42 UTC","22600","849437","false","1","0","0","0","1","0","0","22600","0","0","3","0.0","0.0","0.0"
"21322054","39253","67519","406655","3711","2019-11-23 02:37:16 UTC","357400","262327","true","1","1","0","0","6","0","0","194650","0","0","6","0.0","0.0","0.66667"
"21322076","39253","67519","539090","2960","2019-11-23 01:13:23 UTC","5500","262327","false","1","1","0","0","6","0","0","194650","0","0","6","0.0","0.0","0.66667"
"21321865","54603","76768","530034","8352","2019-11-23 18:53:56 UTC","355500","180611","true","1","0","0","0","3","0","0","336966","0","0","3","0.0","0.0","1.0"
"21321760","10261","76954","536537","1190","2019-11-23 23:40:47 UTC","19100","140378","false","1","0","0","0","1","0","0","19100","0","0","1","0.0","0.0","0.0"
"21321941","46700","55581","410863","8193","2019-11-23 16:12:27 UTC","1600","857297","false","1","0","0","0","2","0","0","2900","0","0","3","0.0","0.0","0.0"
"21322063","4705","91637","530033","3010","2019-11-23 01:53:05 UTC","79200","563499","true","1","1","0","0","22","0","0","78763","0","0","22","0.0","0.0","0.86364"
"21322114","8549","95252","455185","5395","2019-11-22 22:35:04 UTC","53000","568264","false","0","0","0","0","1","0","0","53000","0","0","3","0.0","0.0","0.0"
"21322222","81977","37725","552693","2509","2019-11-22 18:38:26 UTC","407200","398231","false","0","0","0","0","1","0","0","407200","0","1","2","0.0","0.0","0.0"
"21322227","64616","94766","535016","3212","2019-11-22 18:34:27 UTC","14000","247239","false","0","0","0","0","1","0","0","14000","0","0","1","0.0","0.0","0.0"
"21322157","68953","10241","435087","1044","2019-11-22 20:47:14 UTC","152200","94234","false","0","0","0","0","5","0","0","141440","0","0","6","0.0","0.0","0.16667"
"21321960","97142","26913","410863","5959","2019-11-23 15:17:54 UTC","18100","","false","1","0","0","0","2","0","0","14650","0","0","2","0.0","0.0","0.0"
"21321712","89943","86411","651653","2256","2019-11-24 21:09:36 UTC","187200","597308","true","1","0","0","0","5","0","0","159460","0","0","5","0.0","0.0","1.0"
"21322105","65330","78262","553636","6676","2019-11-22 22:54:27 UTC","407700","547440","true","0","0","0","0","13","0","0","301453","0","0","10","0.0","0.0","0.8"
"21322186","38388","27939","527660","3203","2019-11-22 19:40:00 UTC","306600","780255","false","0","0","0","0","3","0","0","185833","0","0","4","0.0","0.0","0.0"
"21321788","21168","39905","535858","1272","2019-11-23 21:33:00 UTC","21400","606696","false","1","0","0","0","1","0","0","21400","0","0","2","0.0","0.0","0.0"
"21321807","54892","63930","535081","1631","2019-11-23 20:30:33 UTC","226400","183083","false","1","0","0","0","1","0","0","226400","0","0","1","0.0","0.0","0.0"
"21321817","41034","71352","407505","6440","2019-11-23 20:17:19 UTC","54700","","false","1","0","0","0","1","0","0","54700","0","0","5","0.0","0.0","0.0"
"21321875","37132","44150","544731","8457","2019-11-23 18:32:07 UTC","26300","179302","false","1","0","0","0","1","0","0","26300","0","0","1","0.0","0.0","0.0"
"21321904","82894","52757","522840","4689","2019-11-23 17:31:02 UTC","68700","907628","false","1","0","0","0","1","0","0","68700","0","0","2","0.0","0.0","0.0"
"21321922","79547","95439","463312","8002","2019-11-23 16:50:02 UTC","105100","635992","false","1","0","0","0","1","0","0","105100","0","0","2","0.0","0.0","0.0"
"21321994","10940","7623","550209","7042","2019-11-23 13:57:13 UTC","15200","652849","false","1","0","0","0","1","0","0","15200","0","0","1","0.0","0.0","0.0"
"21322006","27356","44605","650914","5421","2019-11-23 13:33:02 UTC","185900","795797","false","1","0","0","0","1","0","0","185900","0","0","1","0.0","0.0","0.0"
"21322045","48056","72141","498442","9288","2019-11-23 10:06:10 UTC","137500","","false","1","0","0","0","1","0","0","137500","0","0","1","0.0","0.0","0.0"
"21322070","10226","52866","444456","7283","2019-11-23 01:35:52 UTC","22900","248104","false","1","1","0","0","1","0","0","22900","0","0","2","0.0","0.0","0.0"
"21322143","65728","5850","518814","4024","2019-11-22 21:16:05 UTC","123100","785914","false","0","0","0","0","1","0","0","123100","0","0","1","0.0","0.0","0.0"
"21322176","4129","45552","525496","2142","2019-11-22 20:13:20 UTC","20700","536001","false","0","0","0","0","1","0","0","20700","1","5","14","0.0","0.0","0.0"
"21322195","58280","9725","536143","2025","2019-11-22 19:23:56 UTC","29600","751591","false","0","0","0","0","1","0","0","29600","0","0","1","0.0","0.0","0.0"
"21322205","46837","85725","530033","3918","2019-11-22 19:07:29 UTC","27000","815167","false","0","0","0","0","1","0","0","27000","0","1","4","0.0","0.0","0.0"
"21322237","4129","2227","516292","1149","2019-11-22 18:09:40 UTC","18900","208138","false","0","0","0","0","1","0","0","18900","1","5","14","0.0","0.0","0.0"
"21323504","92088","52579","536518","1133","2019-11-04 13:42:56 UTC","3300","","false","0","0","0","1","1","0","3300","3300","0","0","0","0.0","0.0","0.0"
"21321768","42546","9307","457305","180","2019-11-23 22:55:57 UTC","18900","63488","false","1","0","0","0","1","0","0","18900","0","0","1","0.0","0.0","0.0"
"21322299","37052","91208","478307","3271","2019-11-22 16:06:11 UTC","1000","504397","false","0","0","0","0","1","0","0","1000","0","0","1","0.0","0.0","0.0"
"21322327","5525","2278","650485","5468","2019-11-22 15:11:54 UTC","72600","348176","false","0","0","0","0","1","0","0","72600","0","0","3","0.0","0.0","0.0"
"21322356","33045","48388","650495","2212","2019-11-22 14:16:52 UTC","20900","496206","false","0","0","0","0","1","0","0","20900","0","0","1","0.0","0.0","0.0"
"21322294","896","70746","417401","3051","2019-11-22 16:17:08 UTC","25900","348381","false","0","0","0","0","1","0","0","25900","0","0","1","0.0","0.0","0.0"
"21322377","47703","68954","550209","2061","2019-11-22 12:51:02 UTC","112000","723355","false","0","0","0","0","1","0","0","112000","0","0","1","0.0","0.0","0.0"
"21322396","62853","23494","498453","3142","2019-11-22 11:34:04 UTC","34800","709761","false","0","0","0","0","1","0","0","34800","0","0","1","0.0","0.0","0.0"
"21322426","82879","96402","453211","3098","2019-11-22 01:19:14 UTC","1000","289358","false","0","1","0","0","1","0","0","1000","0","0","1","0.0","0.0","0.0"
"21322450","24618","55748","515601","8970","2019-11-21 23:35:48 UTC","53700","","false","0","0","0","0","1","0","0","53700","0","0","2","0.0","0.0","0.0"
"21322452","98913","76452","498401","2407","2019-11-21 23:26:55 UTC","57600","","false","0","0","0","0","1","0","0","57600","0","0","4","0.0","0.0","0.0"
"21322490","55650","68462","549738","7997","2019-11-21 20:58:21 UTC","132200","58954","false","0","0","0","0","1","0","0","132200","0","0","1","0.0","0.0","0.0"
"21322499","9507","55586","410715","8110","2019-11-21 20:43:28 UTC","200","482635","false","0","0","0","0","1","0","0","200","0","0","1","0.0","0.0","0.0"
"21322532","981","82540","550209","1088","2019-11-21 19:00:07 UTC","16500","167783","false","0","0","0","0","1","0","0","16500","0","0","2","0.0","0.0","0.0"
"21322718","53041","11452","455187","2744","2019-11-19 16:23:45 UTC","100300","274282","false","0","0","0","0","8","0","0","90512","0","0","19","0.0","0.0","0.73684"
"21322541","29568","15848","550209","7620","2019-11-21 18:27:50 UTC","33300","973136","false","0","0","0","0","1","0","0","33300","0","0","1","0.0","0.0","0.0"
"21322570","21769","91972","482425","8134","2019-11-21 16:20:49 UTC","14600","3044","false","0","0","0","0","1","0","0","14600","0","0","1","0.0","0.0","0.0"
"21322613","29120","20026","527468","3267","2019-11-21 01:46:12 UTC","99800","395837","false","0","1","0","0","1","0","0","99800","0","0","1","0.0","0.0","0.0"
"21322623","18344","89040","230650","1832","2019-11-20 22:23:37 UTC","22500","870223","false","0","0","0","0","1","0","0","22500","0","0","6","0.0","0.0","0.66667"
"21322661","36825","6712","428268","1064","2019-11-20 02:14:50 UTC","8000","125128","false","0","1","0","0","1","0","0","8000","0","0","1","0.0","0.0","0.0"
"21322678","30659","99586","455182","3460","2019-11-19 21:55:59 UTC","500","475317","false","0","0","0","0","1","0","0","500","0","0","1","0.0","0.0","0.0"
"21322822","39385","37373","544300","9322","2019-11-18 17:12:14 UTC","155100","582727","false","0","0","0","0","2","0","0","209200","0","0","2","0.0","0.0","0.0"
"21322366","22906","17246","523421","4866","2019-11-22 13:49:04 UTC","69600","509176","false","0","0","0","0","2","0","0","66550","0","0","4","0.0","0.0","0.0"
"21322747","22712","93388","458919","8503","2019-11-19 03:47:08 UTC","19300","356611","false","0","1","0","0","1","0","0","19300","0","0","1","0.0","0.0","0.0"
"21322755","72386","3838","476333","4120","2019-11-19 01:34:34 UTC","31500","688693","false","0","1","0","0","1","0","0","31500","0","1","8","0.0","0.0","0.0"
"21322793","96675","77051","550209","5620","2019-11-18 18:58:11 UTC","8100","77746","false","0","0","0","0","1","0","0","8100","0","0","1","0.0","0.0","0.0"
"21322812","44464","31379","606282","7454","2019-11-18 17:51:46 UTC","12100","771847","false","0","0","0","0","1","0","0","12100","0","0","1","0.0","0.0","0.0"
"21322834","11265","80450","506726","8312","2019-11-18 16:25:30 UTC","23900","803846","false","0","0","0","0","1","0","0","23900","0","0","1","0.0","0.0","0.0"
"21322698","71378","9853","550209","7225","2019-11-19 19:30:07 UTC","200","730313","false","0","0","0","0","9","0","0","12844","0","0","8","0.0","0.0","0.375"
"21322406","71378","9853","550209","7264","2019-11-22 06:29:34 UTC","100","686249","false","0","1","0","0","9","0","0","12844","0","0","8","0.0","0.0","0.375"
"21322509","71507","65935","548724","5944","2019-11-21 20:19:31 UTC","24000","777035","false","0","0","0","0","3","0","0","38733","0","0","3","0.0","0.0","0.66667"
"21322754","40469","76708","544731","4582","2019-11-19 01:36:59 UTC","112400","760553","false","0","1","0","0","2","0","0","91700","0","0","3","0.0","0.0","0.0"
"21322275","17031","71949","544839","3895","2019-11-22 16:58:11 UTC","165600","983300","false","0","0","0","0","1","0","0","165600","0","0","1","0.0","0.0","0.0"
"21322337","25921","70165","476333","5118","2019-11-22 14:52:25 UTC","35300","461426","false","0","0","0","0","1","0","0","35300","0","0","2","0.0","0.0","0.0"
"21322347","41034","80116","459384","4847","2019-11-22 14:33:08 UTC","47400","587235","false","0","0","0","0","1","0","0","47400","0","0","5","0.0","0.0","0.0"
"21322387","4129","51527","550209","7782","2019-11-22 12:09:02 UTC","15700","659060","false","0","0","0","0","1","0","0","15700","1","5","14","0.0","0.0","0.0"
"21322416","99372","45371","523421","4414","2019-11-22 02:17:54 UTC","33800","676298","false","0","1","0","0","1","0","0","33800","0","0","1","0.0","0.0","0.0"
"21322519","73119","62841","544731","4437","2019-11-21 20:00:01 UTC","5000","512720","false","0","0","0","0","1","0","0","5000","0","0","1","0.0","0.0","0.0"
"21322580","64535","94560","535016","6858","2019-11-21 15:30:39 UTC","68300","475616","false","0","0","0","0","1","0","0","68300","0","0","1","0.0","0.0","0.0"
"21322590","52663","33558","520132","3267","2019-11-21 14:38:00 UTC","31700","","false","0","0","0","0","1","0","0","31700","0","0","8","0.0","0.0","0.0"
"21322633","65330","58709","439027","4670","2019-11-20 20:26:36 UTC","273800","","true","0","0","0","0","1","0","0","273800","0","0","10","0.0","0.0","0.8"
"21322671","94053","85897","541555","2603","2019-11-19 23:32:33 UTC","252600","677521","true","0","0","0","0","1","0","0","252600","0","0","1","0.0","0.0","1.0"
"21322727","38410","34771","606282","1840","2019-11-19 14:56:12 UTC","11600","812618","false","0","0","0","0","1","0","0","11600","0","0","4","0.0","0.0","0.0"
"21322738","88500","98146","523284","1226","2019-11-19 13:09:58 UTC","10000","49050","false","0","0","0","0","1","0","0","10000","0","0","4","0.0","0.0","0.0"
"21322765","13077","22260","544731","1937","2019-11-18 21:57:48 UTC","8000","","false","0","0","0","0","1","0","0","8000","0","0","1","0.0","0.0","0.0"
"21322784","79530","98565","550209","7560","2019-11-18 20:24:02 UTC","32300","885893","false","0","0","0","0","1","0","0","32300","0","1","3","0.0","0.0","0.0"
"21322901","49205","34204","453211","1466","2019-11-17 20:59:44 UTC","29700","515514","false","1","0","0","0","1","0","0","29700","2","7","68","0.0","0.0","0.0"
"21322912","52496","75679","506775","9902","2019-11-17 19:00:24 UTC","17600","296289","false","1","0","0","0","1","0","0","17600","0","0","3","0.0","0.0","0.0"
"21322921","61857","27715","498406","9249","2019-11-17 18:00:57 UTC","20500","861887","false","1","0","0","0","1","0","0","20500","0","0","1","0.0","0.0","0.0"
"21322940","18874","36202","422053","8054","2019-11-17 15:15:11 UTC","158400","393381","false","1","0","0","0","1","0","0","158400","1","1","2","0.0","0.0","0.0"
"21322959","95750","22882","530780","4939","2019-11-17 12:10:55 UTC","56600","885218","false","1","0","0","0","1","0","0","56600","0","0","1","0.0","0.0","0.0"
"21323000","1931","72413","441174","8616","2019-11-16 17:28:47 UTC","308200","798045","false","1","0","0","0","1","0","0","308200","0","1","2","0.0","0.0","0.0"
"21323009","76725","84832","406655","7912","2019-11-16 13:32:37 UTC","6800","216660","false","1","0","0","0","1","0","0","6800","1","4","10","0.0","0.0","0.0"
"21323019","58892","96186","550209","1180","2019-11-16 02:31:44 UTC","26400","","false","1","1","0","0","1","0","0","26400","0","0","5","0.0","0.0","0.0"
"21323057","12476","88008","516292","1225","2019-11-15 15:49:03 UTC","8500","","false","0","0","0","0","1","0","0","8500","0","2","5","0.0","0.0","0.0"
"21322724","38388","82335","435087","3005","2019-11-19 15:30:12 UTC","15000","708931","false","0","0","0","0","1","0","0","15000","0","0","4","0.0","0.0","0.0"
"21323104","22532","65956","422061","4830","2019-11-14 15:23:16 UTC","180500","834389","false","0","0","0","0","1","0","0","180500","1","4","4","0.0","0.0","0.0"
"21323136","60121","83281","550209","3461","2019-11-12 17:04:20 UTC","41300","","false","0","0","0","0","1","0","0","41300","0","3","4","0.0","0.0","0.0"
"21323115","9329","60997","520132","6975","2019-11-14 12:25:55 UTC","171700","490155","false","0","0","0","0","1","0","0","171700","0","1","1","0.0","0.0","0.0"
"21323134","29931","83777","530780","2550","2019-11-12 18:16:03 UTC","4000","","false","0","0","0","0","1","0","0","4000","1","4","11","0.0","0.0","0.0"
"21323228","17763","5768","410424","3439","2019-11-10 18:11:49 UTC","46900","","false","1","0","0","0","1","0","0","46900","0","1","1","0.0","0.0","0.0"
"21323182","1931","2084","498442","8862","2019-11-11 17:16:07 UTC","158100","","false","0","0","0","0","1","0","0","158100","0","1","2","0.0","0.0","0.0"
"21323191","67675","4904","534503","4180","2019-11-11 16:10:50 UTC","67400","","false","0","0","0","0","1","0","0","67400","0","1","1","0.0","0.0","0.0"
"21323209","12063","68656","515590","6498","2019-11-11 00:23:33 UTC","51800","","false","0","1","0","0","1","0","0","51800","0","1","2","0.0","0.0","0.0"
"21323215","25373","20554","532930","6137","2019-11-10 22:12:30 UTC","144700","","false","1","0","0","0","1","0","0","144700","0","1","1","0.0","0.0","0.0"
"21323153","17348","57594","406168","4222","2019-11-11 23:20:43 UTC","282100","645413","false","0","0","0","0","3","0","0","221366","1","3","5","0.0","0.0","0.0"
"21323246","57839","55556","512682","6510","2019-11-10 14:49:49 UTC","20000","","false","1","0","0","0","1","0","0","20000","0","1","1","0.0","0.0","0.0"
"21323391","77130","42677","550209","1419","2019-11-07 22:09:14 UTC","1000","","false","0","0","0","4","5","0","15600","12680","10","13","14","1.0","1.0","0.92857"
"21323292","43078","83284","526326","8042","2019-11-09 18:36:25 UTC","30300","","false","1","0","0","0","1","0","0","30300","1","6","7","0.0","0.0","0.0"
"21323310","49919","40595","498401","4043","2019-11-09 13:52:53 UTC","391900","","true","1","0","0","0","1","0","0","391900","0","4","8","0.0","1.0","0.875"
"21322844","87934","13108","498407","6508","2019-11-18 15:26:30 UTC","87300","919735","false","0","0","0","0","1","0","0","87300","0","0","1","0.0","0.0","0.0"
"21323346","29931","39355","539091","5407","2019-11-08 20:16:11 UTC","67200","","false","0","0","0","1","1","0","67200","67200","1","4","11","0.0","0.0","0.0"
"21323382","217","6017","410749","7857","2019-11-08 02:36:00 UTC","215500","","false","0","1","0","1","1","0","215500","215500","1","2","4","0.0","0.0","0.0"
"21323058","33192","34548","651668","2020","2019-11-15 15:42:57 UTC","3000","203134","false","0","0","0","0","6","0","0","31466","1","3","9","0.0","0.0","0.0"
"21323337","79698","50685","404024","1908","2019-11-08 21:04:42 UTC","64600","","false","0","0","0","1","2","0","64600","62250","4","14","21","0.0","0.0","0.0"
"21323296","57903","39273","515590","9873","2019-11-09 17:49:45 UTC","38100","","false","1","0","0","1","2","0","61300","49700","1","2","2","0.0","0.0","0.0"
"21322883","97900","40781","544731","6366","2019-11-18 02:55:32 UTC","309900","","false","0","1","0","0","1","0","0","309900","0","0","2","0.0","0.0","0.0"
"21322892","22605","36109","522688","3030","2019-11-17 22:58:11 UTC","66100","791987","false","1","0","0","0","1","0","0","66100","0","0","4","0.0","0.0","0.0"
"21322969","38648","48060","606282","1372","2019-11-17 01:14:34 UTC","106200","363513","false","1","1","0","0","1","0","0","106200","0","0","1","0.0","0.0","0.0"
"21322979","61669","26257","409600","6110","2019-11-16 23:12:32 UTC","176000","960878","false","1","0","0","0","1","0","0","176000","0","0","1","0.0","0.0","0.0"
"21323028","89888","88617","553639","7046","2019-11-16 00:07:16 UTC","187600","","false","1","1","0","0","1","0","0","187600","0","0","1","0.0","0.0","0.0"
"21323037","68998","15312","548474","1637","2019-11-15 21:34:05 UTC","207800","173417","false","0","0","0","0","1","0","0","207800","0","1","6","0.0","0.0","0.0"
"21323086","43275","35318","548723","5473","2019-11-14 20:17:04 UTC","62500","517454","false","0","0","0","0","1","0","0","62500","0","1","1","0.0","0.0","0.0"
"21323255","52378","74698","523421","3511","2019-11-10 13:46:27 UTC","22700","","false","1","0","0","0","1","0","0","22700","0","1","5","0.0","0.0","0.0"
"21323418","84548","53501","515894","6167","2019-11-07 16:08:21 UTC","64200","","false","0","0","0","1","1","0","64200","64200","0","0","3","0.0","0.0","0.0"
"21323274","45959","94240","459360","9723","2019-11-09 22:01:27 UTC","17800","","false","1","0","0","0","1","0","0","17800","0","1","5","0.0","0.0","0.0"
"21323377","6112","82081","516292","5463","2019-11-08 12:39:29 UTC","42000","","false","0","0","0","1","1","0","42000","42000","2","3","7","0.0","0.0","0.0"
"21323400","26981","67241","459383","1178","2019-11-07 19:57:16 UTC","38600","","false","0","0","0","1","1","0","38600","38600","1","6","12","0.0","0.0","0.0"
"21323427","42060","83420","230650","4948","2019-11-06 22:24:12 UTC","23800","","false","0","0","0","1","1","0","23800","23800","0","0","0","0.0","0.0","0.0"
"21323075","50970","76545","476333","3921","2019-11-14 21:40:59 UTC","275700","366734","false","0","0","0","0","1","0","0","275700","0","3","3","0.0","0.0","0.0"
"21320407","56107","81152","650516","9201","2019-12-01 21:04:55 UTC","34500","486","true","1","0","0","0","4","0","0","22925","0","0","5","0.0","0.0","0.8"
"21323445","84548","29073","453211","7730","2019-11-05 20:44:00 UTC","21100","","false","0","0","0","1","1","0","21100","21100","0","0","3","0.0","0.0","0.0"
"21321802","36049","90169","470598","9443","2019-11-23 20:51:40 UTC","43800","34672","false","1","0","0","0","2","0","0","32350","0","0","2","0.0","0.0","0.0"
"21320412","54","39024","541465","7050","2019-12-01 20:29:10 UTC","47100","727482","false","1","0","0","0","1","0","0","47100","0","0","1","0.0","0.0","0.0"
"21320429","86777","40302","230650","6489","2019-12-01 19:19:50 UTC","85400","471506","false","1","0","0","0","2","0","0","87800","0","0","3","0.0","0.0","0.0"
"21321353","73271","7725","455182","4775","2019-11-28 16:01:04 UTC","1000","308950","true","0","0","0","0","7","0","0","154571","0","0","10","0.0","0.0","1.0"
"21321142","73271","7725","459315","2643","2019-11-29 01:04:52 UTC","253400","308950","true","0","1","0","0","7","0","0","154571","0","0","10","0.0","0.0","1.0"
"21320428","73271","7725","489391","7420","2019-12-01 19:22:45 UTC","209200","308950","true","1","0","0","0","7","0","0","154571","0","0","10","0.0","0.0","1.0"
"21322494","77233","33071","410715","1060","2019-11-21 20:54:03 UTC","20300","81722","false","0","0","0","0","3","0","0","15133","0","0","6","0.0","0.0","0.0"
"21322682","68953","10241","410863","3490","2019-11-19 21:46:13 UTC","13900","511329","false","0","0","0","0","5","0","0","141440","0","0","6","0.0","0.0","0.16667"
"21321689","60510","23123","406655","5299","2019-11-24 23:21:58 UTC","15600","","false","1","0","0","0","2","0","0","26050","0","0","2","0.0","0.0","0.0"
"21320444","80642","84536","540593","7679","2019-12-01 18:17:02 UTC","138400","585241","false","1","0","0","0","1","0","0","138400","0","0","1","0.0","0.0","0.0"
"21320457","22986","44362","482425","7128","2019-12-01 16:49:10 UTC","19700","122718","false","1","0","0","0","1","0","0","19700","0","0","1","0.0","0.0","0.0"
"21320542","42356","74585","536805","7429","2019-12-01 01:37:58 UTC","9800","126381","false","1","1","0","0","4","0","0","28225","0","0","12","0.0","0.0","0.66667"
"21320602","66876","11750","453211","8177","2019-11-30 19:57:18 UTC","64900","342890","true","1","0","0","0","31","0","0","57412","0","0","8","0.0","0.0","0.875"
"21320517","17275","11750","453211","7094","2019-12-01 12:21:42 UTC","63900","342890","true","1","0","0","0","31","0","0","57412","0","0","30","0.0","0.0","0.73333"
"21320511","17275","7695","453211","8643","2019-12-01 13:12:28 UTC","59600","223682","false","1","0","0","0","7","0","0","60742","0","0","30","0.0","0.0","0.73333"
"21320494","28172","40779","520132","7705","2019-12-01 14:06:58 UTC","307600","571604","false","1","0","0","4","6","0","279675","289333","0","0","1","0.0","0.0","0.0"
"21320515","42230","80599","544731","5706","2019-12-01 12:45:28 UTC","37400","","false","1","0","0","0","1","0","0","37400","0","0","1","0.0","0.0","0.0"
"21320533","72723","26251","530034","4649","2019-12-01 03:20:10 UTC","99100","","true","1","1","0","0","2","0","0","84300","0","0","4","0.0","0.0","1.0"
"21322730","84468","17658","521180","7828","2019-11-19 14:32:52 UTC","69800","132919","false","0","0","0","0","1","0","0","69800","0","0","1","0.0","0.0","0.0"
"21323454","70405","68379","527496","4540","2019-11-05 14:05:18 UTC","24900","","false","0","0","0","1","1","0","24900","24900","0","0","0","0.0","0.0","0.0"
"21323490","18428","75078","530452","1008","2019-11-04 16:48:15 UTC","160300","","false","0","0","0","1","1","0","160300","160300","0","0","0","0.0","0.0","0.0"
"21323458","10213","66526","523421","5559","2019-11-05 11:55:52 UTC","14000","","false","0","0","0","1","1","0","14000","14000","0","0","1","0.0","0.0","0.0"
"21323526","6984","64994","516292","5750","2019-11-03 19:58:22 UTC","167300","","false","1","0","0","1","1","0","167300","167300","0","0","0","0.0","0.0","0.0"
"21323517","11863","72362","523421","8925","2019-11-03 22:54:40 UTC","68200","","false","1","0","0","1","1","0","68200","68200","0","3","5","0.0","0.0","0.0"
"21323548","828","90424","453211","3166","2019-11-03 00:05:00 UTC","33100","","false","1","1","0","1","1","0","33100","33100","0","0","4","0.0","0.0","0.0"
"21323557","98777","13609","552640","1825","2019-11-02 18:02:21 UTC","255400","","false","1","0","1","1","1","255400","255400","255400","0","0","0","0.0","0.0","0.0"
"21323584","52493","80414","421845","1339","2019-11-01 18:53:33 UTC","1000","","false","0","0","1","1","1","1000","1000","1000","0","0","0","0.0","0.0","0.0"
"21323593","9603","59275","528052","3611","2019-11-01 11:47:02 UTC","140300","","false","0","0","1","1","1","140300","140300","140300","0","0","0","0.0","0.0","0.0"
"21323463","60296","95534","422053","9054","2019-11-05 01:17:25 UTC","16500","","false","0","1","0","1","1","0","16500","16500","0","0","0","0.0","0.0","0.0"
"21321585","68953","10241","533728","3581","2019-11-26 16:09:11 UTC","203700","511329","false","0","0","0","0","5","0","0","141440","0","0","6","0.0","0.0","0.16667"
"21320463","96863","59544","553665","3579","2019-12-01 16:37:32 UTC","83500","278185","false","1","0","0","0","1","0","0","83500","0","0","2","0.0","0.0","0.0"
"21320710","44927","21768","530034","3859","2019-11-30 15:54:15 UTC","98700","357277","true","1","0","0","0","6","0","0","85833","0","0","11","0.0","0.0","1.0"
"21320470","16298","52694","455183","9405","2019-12-01 15:54:26 UTC","41500","714772","false","1","0","0","0","1","0","0","41500","0","0","1","0.0","0.0","0.0"
"21322189","17275","11750","498401","9945","2019-11-22 19:39:12 UTC","50600","542535","true","0","0","0","0","31","0","0","57412","0","0","30","0.0","0.0","0.73333"
"21321250","17275","11750","406655","9936","2019-11-28 19:59:37 UTC","63200","342890","false","0","0","0","0","31","0","0","57412","0","0","30","0.0","0.0","0.73333"
"21321192","17275","11750","406655","9187","2019-11-28 22:11:32 UTC","53900","542535","true","0","0","0","0","31","0","0","57412","0","0","30","0.0","0.0","0.73333"
"21320611","66876","11750","536537","9148","2019-11-30 19:36:37 UTC","65400","342890","true","1","0","0","0","31","0","0","57412","0","0","8","0.0","0.0","0.875"
"21320480","88463","99760","432032","5131","2019-12-01 15:01:51 UTC","7200","840640","false","1","0","0","0","3","0","0","15833","0","0","3","0.0","0.0","0.0"
"21320499","84078","83604","470598","6940","2019-12-01 13:56:10 UTC","41500","211968","false","1","0","0","0","1","0","0","41500","0","0","1","0.0","0.0","0.0"
"21322828","39528","43730","422061","8940","2019-11-18 16:50:14 UTC","16600","598119","false","0","0","0","0","2","0","0","25450","0","0","5","0.0","0.0","0.0"
"21320524","3097","69321","230744","8837","2019-12-01 11:23:56 UTC","41300","332900","false","1","0","0","0","2","0","0","30600","0","0","2","0.0","0.0","0.0"
"21320843","93520","77959","432957","7262","2019-11-29 23:25:21 UTC","200","589318","false","0","0","0","0","7","0","0","200","0","0","5","0.0","0.0","0.0"
"21320547","7147","70568","404024","8474","2019-12-01 00:58:21 UTC","8000","834726","false","1","1","0","0","1","0","0","8000","0","0","1","0.0","0.0","0.0"
"21320574","83142","50734","606282","1705","2019-11-30 21:37:43 UTC","160400","458322","true","1","0","0","0","1","0","0","160400","0","0","2","0.0","0.0","1.0"
"21320580","41286","93953","606282","3222","2019-11-30 21:21:27 UTC","29700","93683","false","1","0","0","0","1","0","0","29700","0","0","1","0.0","0.0","0.0"
"21320623","4880","92092","536913","9000","2019-11-30 19:07:29 UTC","1000","","false","1","0","0","0","1","0","0","1000","0","0","1","0.0","0.0","0.0"
"21320637","5753","23204","423070","2175","2019-11-30 18:48:37 UTC","108300","554015","false","1","0","0","0","4","0","0","81375","0","0","6","0.0","0.0","0.0"
"21320633","1890","59865","535016","6589","2019-11-30 18:59:05 UTC","41600","154917","false","1","0","0","0","1","0","0","41600","0","0","1","0.0","0.0","0.0"
"21320691","85853","29930","498408","6610","2019-11-30 16:41:55 UTC","43500","","false","1","0","0","0","1","0","0","43500","0","0","1","0.0","0.0","0.0"
"21320717","22118","22317","522840","7845","2019-11-30 15:37:51 UTC","114900","","false","1","0","0","0","1","0","0","114900","0","0","3","0.0","0.0","0.0"
"21320719","97967","57945","606282","1216","2019-11-30 15:27:52 UTC","33000","675499","false","1","0","0","0","1","0","0","33000","0","0","5","0.0","0.0","0.0"
"21320834","92835","89216","459313","1805","2019-11-29 23:59:48 UTC","201600","","false","0","0","0","0","1","0","0","201600","0","0","1","0.0","0.0","0.0"
"21320766","63160","14764","466079","4033","2019-11-30 13:23:01 UTC","252800","55458","false","1","0","0","0","1","0","0","252800","0","0","1","0.0","0.0","0.0"
"21320785","77233","54673","506731","8205","2019-11-30 11:38:30 UTC","24200","223048","false","1","0","0","0","1","0","0","24200","0","0","6","0.0","0.0","0.0"
"21320823","3531","52129","544731","8590","2019-11-30 00:15:01 UTC","98900","307489","true","1","1","0","0","2","0","0","61850","0","0","2","0.0","0.0","1.0"
"21320821","43771","48246","650491","1105","2019-11-30 00:19:55 UTC","27500","935685","false","1","1","0","0","1","0","0","27500","0","0","1","0.0","0.0","0.0"
"21320854","29214","71424","470598","8612","2019-11-29 22:46:31 UTC","72800","183034","true","0","0","0","0","5","0","0","59280","0","0","10","0.0","0.0","0.9"
"21320886","38901","7281","541187","7953","2019-11-29 20:55:26 UTC","5000","708348","false","0","0","0","0","4","0","0","17000","0","0","4","0.0","0.0","0.25"
"21320873","69515","20963","550209","3450","2019-11-29 21:28:29 UTC","1000","","false","0","0","0","0","1","0","0","1000","0","0","1","0.0","0.0","0.0"
"21320892","99711","65439","550209","8080","2019-11-29 20:33:50 UTC","147400","273314","false","0","0","0","0","1","0","0","147400","0","0","2","0.0","0.0","0.0"
"21321845","82867","92034","459315","9675","2019-11-23 19:21:23 UTC","137800","314172","true","1","0","0","0","4","0","0","102175","0","0","3","0.0","0.0","0.66667"
"21320560","5404","31867","536537","6127","2019-11-30 22:32:48 UTC","398900","752936","true","1","0","0","0","1","0","0","398900","0","0","4","0.0","0.0","0.25"
"21320865","5404","6538","550209","7760","2019-11-29 22:03:22 UTC","5000","52389","false","0","0","0","0","3","0","0","89566","0","0","4","0.0","0.0","0.25"
"21320588","7555","87211","543882","9757","2019-11-30 20:47:29 UTC","28900","745712","false","1","0","0","0","1","0","0","28900","0","0","3","0.0","0.0","0.0"
"21320600","2176","81599","553096","6490","2019-11-30 20:07:56 UTC","5000","928671","false","1","0","0","0","1","0","0","5000","0","0","1","0.0","0.0","0.0"
"21322637","72386","68468","515590","8235","2019-11-20 18:10:21 UTC","67000","750558","false","0","0","0","0","3","0","0","81133","0","1","8","0.0","0.0","0.0"
"21320608","84947","95575","463312","9916","2019-11-30 19:49:29 UTC","15600","418043","false","1","0","0","0","1","0","0","15600","0","0","2","0.0","0.0","0.0"
"21320641","57682","72222","423069","4825","2019-11-30 18:41:16 UTC","49000","413565","false","1","0","0","0","1","0","0","49000","0","0","2","0.0","0.0","0.0"
"21320653","36115","73717","516292","2058","2019-11-30 18:03:22 UTC","29600","","false","1","0","0","0","1","0","0","29600","0","0","1","0.0","0.0","0.0"
"21320660","9634","48433","490172","6676","2019-11-30 17:33:33 UTC","20000","830983","false","1","0","0","0","1","0","0","20000","0","0","1","0.0","0.0","0.0"
"21320668","19528","52386","400247","9470","2019-11-30 17:22:33 UTC","15400","990983","false","1","0","0","0","1","0","0","15400","0","0","1","0.0","0.0","0.0"
"21320674","39933","99239","606282","7015","2019-11-30 17:20:14 UTC","34100","882766","false","1","0","0","0","1","0","0","34100","0","0","1","0.0","0.0","0.0"
"21320697","63050","59418","606282","4880","2019-11-30 16:24:44 UTC","300300","790490","true","1","0","0","0","1","0","0","300300","0","0","8","0.0","0.0","0.25"
"21320703","43575","3995","650516","3633","2019-11-30 16:10:41 UTC","25500","794200","false","1","0","0","0","1","0","0","25500","0","0","2","0.0","0.0","0.0"
"21321506","99510","56877","421749","4819","2019-11-27 14:34:23 UTC","51200","60010","false","0","0","0","0","9","0","0","77022","0","0","12","0.0","0.0","0.58333"
"21320781","99510","56877","490172","2306","2019-11-30 12:08:00 UTC","76500","866529","false","1","0","0","0","9","0","0","77022","0","0","12","0.0","0.0","0.58333"
"21320730","56464","82790","548573","4161","2019-11-30 14:58:39 UTC","26600","522772","false","1","0","0","0","1","0","0","26600","0","0","2","0.0","0.0","0.0"
"21320739","76856","14684","516292","2004","2019-11-30 14:43:53 UTC","72600","528681","false","1","0","0","0","1","0","0","72600","0","0","1","0.0","0.0","0.0"
"21320750","25471","77678","406655","6260","2019-11-30 14:17:30 UTC","29300","126934","false","1","0","0","0","1","0","0","29300","0","0","2","0.0","0.0","0.0"
"21320773","59577","10043","455182","8031","2019-11-30 12:58:30 UTC","139000","74347","false","1","0","0","0","1","0","0","139000","0","0","1","0.0","0.0","0.0"
"21320790","29744","23429","455183","5202","2019-11-30 05:20:29 UTC","81500","782901","false","1","1","0","0","2","0","0","83350","0","0","11","0.0","0.0","0.09091"
"21320803","44927","87048","530034","2579","2019-11-30 01:53:55 UTC","91200","602462","true","1","1","0","0","3","0","0","89200","0","0","11","0.0","0.0","1.0"
"21320807","66440","46361","527496","8679","2019-11-30 01:19:37 UTC","24400","676238","false","1","1","0","0","1","0","0","24400","0","0","1","0.0","0.0","0.0"
"21320840","29744","83452","534503","6760","2019-11-29 23:32:53 UTC","134300","750759","false","0","0","0","0","2","0","0","107250","0","0","11","0.0","0.0","0.09091"
"21320860","13202","7196","536832","9759","2019-11-29 22:27:49 UTC","58300","348396","false","0","0","0","0","2","0","0","30150","0","0","2","0.0","0.0","0.0"
"21320880","48126","55630","421960","7769","2019-11-29 21:04:05 UTC","103000","611676","true","0","0","0","0","3","0","0","106333","0","0","6","0.0","0.0","1.0"
"21320899","4153","92034","498442","7462","2019-11-29 20:16:44 UTC","92000","314172","true","0","0","0","0","4","0","0","102175","0","0","6","0.0","0.0","0.83333"
"21320745","93881","94889","535016","9448","2019-11-30 14:32:07 UTC","155700","604874","false","1","0","0","0","1","0","0","155700","0","3","9","0.0","0.0","0.0"
"21320905","26130","35882","439354","3169","2019-11-29 20:05:49 UTC","243900","22672","false","0","0","0","0","1","0","0","243900","0","0","1","0.0","0.0","0.0"
"21320919","58892","23151","550209","6610","2019-11-29 19:26:02 UTC","44500","330687","false","0","0","0","0","1","0","0","44500","0","0","5","0.0","0.0","0.0"
"21320935","12247","76468","542820","6250","2019-11-29 18:48:15 UTC","24500","833745","false","0","0","0","0","1","0","0","24500","0","0","1","0.0","0.0","0.0"
"21322112","38337","4651","230744","4802","2019-11-22 22:41:36 UTC","101900","571150","true","0","0","0","0","3","0","0","205900","0","0","6","0.0","0.0","1.0"
"21320980","63050","76837","554906","6167","2019-11-29 17:16:19 UTC","5000","364150","false","0","0","0","0","4","0","0","55300","0","0","8","0.0","0.0","0.25"
"21320950","25978","52022","526326","1246","2019-11-29 18:24:20 UTC","42600","413497","false","0","0","0","0","1","0","0","42600","0","0","1","0.0","0.0","0.0"
"21321030","46129","38249","459360","2130","2019-11-29 15:30:13 UTC","25300","460364","false","0","0","0","0","2","0","0","27450","0","0","3","0.0","0.0","0.0"
"21321013","89161","87978","530033","9831","2019-11-29 16:13:32 UTC","46000","","false","0","0","0","0","1","0","0","46000","0","1","5","0.0","0.0","0.0"
"21321033","4131","46745","526769","5871","2019-11-29 15:29:05 UTC","19600","378967","false","0","0","0","0","1","0","0","19600","0","0","1","0.0","0.0","0.0"
"21321089","74754","17358","530780","3051","2019-11-29 12:58:16 UTC","30100","225909","false","0","0","0","0","1","0","0","30100","0","0","3","0.0","0.0","0.0"
"21321236","98272","79054","406655","9249","2019-11-28 20:22:35 UTC","207600","101848","true","0","0","0","0","17","0","0","208764","0","0","5","0.0","0.0","0.6"
"21321733","4705","91637","530033","8354","2019-11-24 01:13:06 UTC","76900","563499","false","1","1","0","0","22","0","0","78763","0","0","22","0.0","0.0","0.86364"
"21321149","4705","91637","490172","1626","2019-11-29 00:13:31 UTC","106100","563499","true","0","1","0","0","22","0","0","78763","0","0","22","0.0","0.0","0.86364"
"21321167","5252","66643","498407","6947","2019-11-28 23:33:53 UTC","99500","416939","true","0","0","0","0","1","0","0","99500","0","0","1","0.0","0.0","1.0"
"21321175","47759","22753","544731","1963","2019-11-28 23:18:42 UTC","35500","","false","0","0","0","0","1","0","0","35500","0","0","3","0.0","0.0","0.0"
"21321197","21281","67845","490172","6404","2019-11-28 21:53:28 UTC","36100","123636","true","0","0","0","0","1","0","0","36100","0","0","1","0.0","0.0","1.0"
"21321205","5753","90148","423070","8281","2019-11-28 21:34:03 UTC","116900","967207","false","0","0","0","0","2","0","0","112650","0","0","6","0.0","0.0","0.0"
"21321213","27089","69078","478308","1371","2019-11-28 21:21:56 UTC","89000","919916","false","0","0","0","0","1","0","0","89000","0","0","2","0.0","0.0","0.0"
"21320926","40095","30237","498408","3225","2019-11-29 19:14:56 UTC","18800","651510","false","0","0","0","0","1","0","0","18800","0","0","2","0.0","0.0","0.0"
"21320939","37339","4389","515590","8313","2019-11-29 18:43:57 UTC","195100","407882","false","0","0","0","0","1","0","0","195100","0","0","1","0.0","0.0","0.0"
"21320957","43387","18745","516292","3855","2019-11-29 18:05:13 UTC","305100","356108","false","0","0","0","0","1","0","0","305100","0","0","2","0.0","0.0","0.0"
"21321136","36617","96025","539090","8525","2019-11-29 01:24:54 UTC","5000","438940","false","0","1","0","0","14","0","0","215657","0","0","5","0.0","0.0","0.8"
"21320994","1308","96025","406655","7343","2019-11-29 16:46:59 UTC","228800","438940","true","0","0","0","0","14","0","0","215657","0","0","15","0.0","0.0","1.0"
"21320969","24340","94276","535081","6945","2019-11-29 17:42:06 UTC","53700","285515","false","0","0","0","0","1","0","0","53700","0","0","10","0.0","0.0","0.0"
"21320976","92057","71366","422053","770","2019-11-29 17:25:14 UTC","74100","","false","0","0","0","0","1","0","0","74100","0","0","1","0.0","0.0","0.0"
"21320991","53881","79386","230650","3200","2019-11-29 16:53:04 UTC","28500","893541","false","0","0","0","0","1","0","0","28500","0","0","1","0.0","0.0","0.0"
"21320998","86197","92469","428304","9089","2019-11-29 16:38:21 UTC","223800","149717","false","0","0","0","0","1","0","0","223800","1","1","2","0.0","0.0","0.0"
"21321020","59220","71021","427167","7032","2019-11-29 15:51:45 UTC","91800","681070","false","0","0","0","0","1","0","0","91800","0","0","1","0.0","0.0","0.0"
"21321235","91446","89615","485464","8424","2019-11-28 20:23:16 UTC","109700","333645","true","0","0","0","0","4","0","0","132075","0","0","9","0.0","0.0","0.33333"
"21321105","18046","99211","535016","9178","2019-11-29 11:45:14 UTC","2000","","false","0","0","0","0","1","0","0","2000","0","0","3","0.0","0.0","0.0"
"21321040","23327","56539","404024","1943","2019-11-29 15:11:32 UTC","350600","","false","0","0","0","0","1","0","0","350600","0","0","1","0.0","0.0","0.0"
"21321045","71121","14358","515590","5530","2019-11-29 14:51:03 UTC","29300","655926","false","0","0","0","0","1","0","0","29300","0","0","1","0.0","0.0","0.0"
"21321057","83044","86483","550209","8352","2019-11-29 14:24:32 UTC","50900","367874","false","0","0","0","0","2","0","0","70350","0","0","2","0.0","0.0","0.0"
"21321059","24295","13417","536537","1140","2019-11-29 14:19:07 UTC","308700","","false","0","0","0","0","1","0","0","308700","0","0","2","0.0","0.0","0.0"
"21321064","35601","19385","550209","1556","2019-11-29 13:59:57 UTC","10000","583932","false","0","0","0","0","2","0","0","10000","0","0","4","0.0","0.0","0.0"
"21321071","58773","66495","411200","1175","2019-11-29 13:40:53 UTC","2000","720594","false","0","0","0","0","1","0","0","2000","0","0","1","0.0","0.0","0.0"
"21321316","98272","79054","406655","6027","2019-11-28 17:35:48 UTC","255100","101848","true","0","0","0","0","17","0","0","208764","0","0","5","0.0","0.0","0.6"
"21321097","86534","62608","523421","3385","2019-11-29 12:03:26 UTC","21800","62045","false","0","0","0","0","1","0","0","21800","0","0","2","0.0","0.0","0.0"
"21321113","65465","56794","485464","8628","2019-11-29 10:31:38 UTC","31200","64764","false","0","0","0","0","1","0","0","31200","0","0","2","0.0","0.0","0.0"
"21321119","74754","50512","542820","3576","2019-11-29 03:42:07 UTC","25100","396789","false","0","1","0","0","1","0","0","25100","0","0","3","0.0","0.0","0.0"
"21321134","97178","68638","541187","6895","2019-11-29 01:39:41 UTC","350300","","false","0","1","0","0","1","0","0","350300","0","0","1","0.0","0.0","0.0"
"21321148","81292","92320","531681","8981","2019-11-29 00:14:27 UTC","93600","231764","false","0","1","0","0","1","0","0","93600","0","0","1","0.0","0.0","0.0"
"21321183","29140","67843","410863","4184","2019-11-28 22:46:39 UTC","133900","855277","false","0","0","0","0","1","0","0","133900","0","0","2","0.0","0.0","0.0"
"21321839","75917","17929","606282","3253","2019-11-23 19:32:12 UTC","220100","960729","true","1","0","0","0","6","0","0","363950","0","0","6","0.0","0.0","1.0"
"21323527","828","18205","423072","9020","2019-11-03 19:36:49 UTC","46200","","false","1","0","0","1","4","0","46200","72325","0","0","4","0.0","0.0","0.0"
"21321228","4242","5288","498406","6435","2019-11-28 20:34:22 UTC","9900","983648","false","0","0","0","0","2","0","0","23200","0","0","2","0.0","0.0","0.0"
"21321239","42178","61644","550209","4254","2019-11-28 20:13:51 UTC","17900","722052","false","0","0","0","0","2","0","0","21950","0","0","15","0.0","0.0","0.0"
"21321261","13029","77171","422200","7973","2019-11-28 19:38:18 UTC","45700","960512","false","0","0","0","0","1","0","0","45700","0","0","1","0.0","0.0","0.0"
"21321283","41809","55744","554906","7402","2019-11-28 18:42:32 UTC","118800","","false","0","0","0","0","1","0","0","118800","0","0","1","0.0","0.0","0.0"
"21321317","96052","54276","518454","2394","2019-11-28 17:33:46 UTC","141900","771513","false","0","0","0","0","1","0","0","141900","0","0","1","0.0","0.0","0.0"
"21321336","73205","8743","553096","7832","2019-11-28 16:48:27 UTC","262800","367746","true","0","0","0","0","1","0","0","262800","0","0","3","0.0","0.0","1.0"
"21321354","7954","57953","550209","8303","2019-11-28 16:00:06 UTC","8000","45961","false","0","0","0","0","1","0","0","8000","0","0","1","0.0","0.0","0.0"
"21321390","5868","91053","516292","4959","2019-11-28 14:21:13 UTC","64100","442641","false","0","0","0","0","1","0","0","64100","0","0","3","0.0","0.0","0.0"
"21321403","69319","15834","550209","1094","2019-11-28 13:39:40 UTC","22700","385721","false","0","0","0","0","1","0","0","22700","0","0","3","0.0","0.0","0.0"
"21321409","42178","40150","525320","5346","2019-11-28 13:18:31 UTC","22100","634755","false","0","0","0","0","1","0","0","22100","0","0","15","0.0","0.0","0.0"
"21321435","18906","22156","550209","8681","2019-11-28 00:57:14 UTC","36100","686358","false","0","1","0","0","1","0","0","36100","0","0","1","0.0","0.0","0.0"
"21321440","7626","64311","523421","9809","2019-11-28 00:13:34 UTC","9800","918979","false","0","1","0","0","1","0","0","9800","0","0","4","0.0","0.0","0.0"
"21321466","55854","3584","544731","7164","2019-11-27 20:03:18 UTC","60700","707086","true","0","0","0","0","6","0","0","58500","0","0","11","0.0","0.0","0.81818"
"21321459","73215","9555","553636","8713","2019-11-27 21:05:52 UTC","19200","","false","0","0","0","0","1","0","0","19200","0","0","1","0.0","0.0","0.0"
"21321525","6475","35492","549339","7699","2019-11-27 00:04:27 UTC","39400","850827","false","0","1","0","0","1","0","0","39400","0","0","1","0.0","0.0","0.0"
"21321549","73171","41071","521433","5690","2019-11-26 20:17:14 UTC","45500","853749","false","0","0","0","0","1","0","0","45500","0","0","1","0.0","0.0","0.0"
"21321561","70172","71104","418668","4937","2019-11-26 17:47:10 UTC","210300","628572","false","0","0","0","0","1","0","0","210300","0","0","1","0.0","0.0","0.0"
"21321569","32895","67681","550209","5874","2019-11-26 17:11:43 UTC","43800","797140","false","0","0","0","0","1","0","0","43800","0","0","3","0.0","0.0","0.0"
"21322218","71378","9853","527407","8091","2019-11-22 18:49:54 UTC","1900","686249","true","0","0","0","0","9","0","0","12844","0","0","8","0.0","0.0","0.375"
"21322342","42178","61644","459313","1805","2019-11-22 14:39:51 UTC","26000","722052","false","0","0","0","0","2","0","0","21950","0","0","15","0.0","0.0","0.0"
"21321247","18892","26390","523421","3555","2019-11-28 20:06:56 UTC","1000","186720","false","0","0","0","0","1","0","0","1000","0","0","1","0.0","0.0","0.0"
"21321274","69825","82744","530780","7246","2019-11-28 19:04:42 UTC","23200","432107","false","0","0","0","0","1","0","0","23200","0","0","1","0.0","0.0","0.0"
"21321298","8203","36652","523421","4810","2019-11-28 18:08:06 UTC","30500","476310","false","0","0","0","0","1","0","0","30500","0","0","2","0.0","0.0","0.0"
"21321305","7264","6692","518454","7545","2019-11-28 17:59:14 UTC","128700","151298","false","0","0","0","0","1","0","0","128700","0","0","1","0.0","0.0","0.0"
"21321324","56451","85565","544731","4719","2019-11-28 17:21:46 UTC","96300","","false","0","0","0","0","2","0","0","95750","0","0","5","0.0","0.0","0.0"
"21321344","97685","42452","550209","1270","2019-11-28 16:24:48 UTC","86500","175243","false","0","0","0","0","1","0","0","86500","0","0","1","0.0","0.0","0.0"
"21321366","60920","78326","476331","1926","2019-11-28 15:24:54 UTC","177900","958994","false","0","0","0","0","1","0","0","177900","0","0","1","0.0","0.0","0.0"
"21321373","65919","92163","498582","4048","2019-11-28 15:00:27 UTC","25200","266019","false","0","0","0","0","1","0","0","25200","0","0","4","0.0","0.0","0.0"
"21321380","68350","69885","516292","7448","2019-11-28 14:55:09 UTC","71700","43762","false","0","0","0","0","1","0","0","71700","0","0","2","0.0","0.0","0.0"
"21321416","90035","13286","444456","4933","2019-11-28 12:25:28 UTC","26700","","false","0","0","0","0","1","0","0","26700","0","2","7","0.0","0.0","0.14286"
"21321424","80904","42194","544540","1384","2019-11-28 10:59:23 UTC","33100","527361","false","0","0","0","0","1","0","0","33100","0","0","1","0.0","0.0","0.0"
"21321483","55854","3584","544731","5499","2019-11-27 17:35:55 UTC","40900","707086","false","0","0","0","0","6","0","0","58500","0","0","11","0.0","0.0","0.81818"
"21321721","44927","27555","530034","8258","2019-11-24 20:52:53 UTC","20200","822562","true","1","0","0","0","4","0","0","64225","0","0","11","0.0","0.0","1.0"
"21321468","76291","28146","410863","2168","2019-11-27 19:55:05 UTC","11000","616163","false","0","0","0","0","1","0","0","11000","0","0","3","0.0","0.0","0.0"
"21322480","89943","86411","651653","2256","2019-11-21 21:37:35 UTC","14000","597308","true","0","0","0","0","5","0","0","159460","0","0","5","0.0","0.0","1.0"
"21321482","29744","99122","523284","9090","2019-11-27 17:44:58 UTC","189600","","false","0","0","0","0","1","0","0","189600","0","0","11","0.0","0.0","0.09091"
"21321490","55854","37113","543882","5366","2019-11-27 16:42:30 UTC","25300","386429","true","0","0","0","0","2","0","0","39150","0","0","11","0.0","0.0","0.81818"
"21321507","38891","99110","527887","8260","2019-11-27 14:11:11 UTC","156600","","false","0","0","0","0","1","0","0","156600","0","0","1","0.0","0.0","0.0"
"21321512","8909","32685","464294","4435","2019-11-27 12:24:57 UTC","9900","356201","false","0","0","0","0","1","0","0","9900","0","0","1","0.0","0.0","0.0"
"21321519","82557","75921","544731","6886","2019-11-27 00:34:04 UTC","1000","717037","false","0","1","0","0","1","0","0","1000","0","0","1","0.0","0.0","0.0"
"21321541","98542","87621","535016","9250","2019-11-26 21:29:04 UTC","8900","5542","false","0","0","0","0","1","0","0","8900","0","0","4","0.0","0.0","0.0"
"21321732","26981","63952","650494","6110","2019-11-24 01:15:48 UTC","31600","967812","false","1","1","0","0","3","0","0","26266","1","6","12","0.0","0.0","0.0"
"21323264","91972","24644","464297","6840","2019-11-10 01:37:02 UTC","13600","977260","false","1","1","0","0","2","0","0","210400","0","6","14","0.0","0.83333","0.78571"
"21323342","77130","42677","515601","8618","2019-11-08 20:41:18 UTC","30300","","true","0","0","0","4","5","0","15600","12680","10","13","14","1.0","1.0","0.92857"
"21321277","26765","21048","540593","8676","2019-11-28 18:54:23 UTC","249700","266715","false","0","0","0","0","2","0","0","147250","0","4","17","0.0","0.0","0.0"
"21321609","95877","77576","427167","3043","2019-11-26 14:13:33 UTC","62400","","false","0","0","0","0","1","0","0","62400","0","0","1","0.0","0.0","0.0"
"21323438","84868","20191","518941","2201","2019-11-06 11:08:33 UTC","225700","","false","0","0","0","1","2","0","225700","234400","0","0","1","0.0","0.0","0.0"
"21321636","29744","33326","498408","6734","2019-11-26 01:08:16 UTC","107400","452476","false","0","1","0","0","2","0","0","119700","0","0","11","0.0","0.0","0.09091"
"21321641","10030","38822","410863","3376","2019-11-25 23:52:38 UTC","77500","732713","false","0","0","0","0","1","0","0","77500","0","0","2","0.0","0.0","0.0"
"21323049","49919","78262","514868","3935","2019-11-15 18:32:53 UTC","408900","547440","true","0","0","0","0","13","0","0","301453","0","4","8","0.0","1.0","0.875"
"21321663","78019","65565","230888","4125","2019-11-25 16:20:44 UTC","25100","456676","false","0","0","0","0","1","0","0","25100","0","0","1","0.0","0.0","0.0"
"21321682","94325","33990","498406","8480","2019-11-25 03:01:15 UTC","329200","832643","false","0","1","0","0","1","0","0","329200","0","0","2","0.0","0.0","0.0"
"21321719","26765","61949","422005","9460","2019-11-24 20:57:39 UTC","34500","224538","false","1","0","0","0","1","0","0","34500","0","4","17","0.0","0.0","0.0"
"21321710","29280","99650","458919","8121","2019-11-24 21:17:00 UTC","500","4076","false","1","0","0","0","1","0","0","500","0","0","1","0.0","0.0","0.0"
"21321735","96239","82070","523421","2991","2019-11-24 01:01:58 UTC","4000","62316","false","1","1","0","0","1","0","0","4000","0","0","2","0.0","0.0","0.0"
"21321755","78105","47634","410863","7167","2019-11-23 23:49:29 UTC","27100","79039","false","1","0","0","0","1","0","0","27100","0","0","2","0.0","0.0","0.0"
"21321784","32458","79803","467090","4890","2019-11-23 21:37:47 UTC","236800","533898","false","1","0","0","0","1","0","0","236800","0","0","1","0.0","0.0","0.0"
"21321798","83242","31544","650727","4239","2019-11-23 21:07:15 UTC","255800","576184","false","1","0","0","0","1","0","0","255800","0","0","1","0.0","0.0","0.0"
"21321840","21967","75245","544731","8590","2019-11-23 19:30:14 UTC","16000","259344","false","1","0","0","0","2","0","0","12500","0","0","2","0.0","0.0","0.0"
"21321848","16793","12689","606282","9605","2019-11-23 19:18:15 UTC","100300","160489","false","1","0","0","0","1","0","0","100300","0","0","4","0.0","0.0","0.0"
"21321867","34597","36053","550209","9715","2019-11-23 18:52:46 UTC","7500","","false","1","0","0","0","1","0","0","7500","0","0","5","0.0","0.0","0.0"
"21321887","78042","2868","523421","4446","2019-11-23 18:02:34 UTC","16300","281227","false","1","0","0","0","1","0","0","16300","0","0","1","0.0","0.0","0.0"
"21321892","66172","58108","550209","1373","2019-11-23 17:56:43 UTC","59000","882337","false","1","0","0","0","1","0","0","59000","0","0","2","0.0","0.0","0.0"
"21321919","15315","14561","550209","6253","2019-11-23 16:53:23 UTC","4600","808032","false","1","0","0","0","1","0","0","4600","0","0","1","0.0","0.0","0.0"
"21321925","81229","17640","550209","2257","2019-11-23 16:43:53 UTC","40400","225314","false","1","0","0","0","1","0","0","40400","0","0","4","0.0","0.0","0.0"
"21321582","14686","3698","512707","6127","2019-11-26 16:14:57 UTC","8300","123645","false","0","0","0","0","1","0","0","8300","0","0","1","0.0","0.0","0.0"
"21321590","18329","47262","516292","8552","2019-11-26 15:46:44 UTC","69800","706958","false","0","0","0","0","1","0","0","69800","0","0","3","0.0","0.0","0.0"
"21321597","92928","98489","410749","9242","2019-11-26 15:14:01 UTC","47500","720426","false","0","0","0","0","1","0","0","47500","0","0","1","0.0","0.0","0.0"
"21321671","85137","15629","489399","1303","2019-11-25 13:52:59 UTC","270100","710257","false","0","0","0","0","2","0","0","166300","0","0","3","0.0","0.0","0.0"
"21321629","4927","93688","541465","8061","2019-11-26 11:36:57 UTC","33300","544516","false","0","0","0","0","1","0","0","33300","0","0","1","0.0","0.0","0.0"
"21321820","35679","61764","523421","4057","2019-11-23 20:06:41 UTC","20300","401998","false","1","0","0","0","1","0","0","20300","0","0","1","0.0","0.0","0.0"
"21323127","33192","34548","523421","6253","2019-11-12 21:47:21 UTC","24100","2","false","0","0","0","0","6","0","0","31466","1","3","9","0.0","0.0","0.0"
"21321666","20663","83722","606282","5785","2019-11-25 15:48:00 UTC","60900","978084","true","0","0","0","0","6","0","0","67550","0","0","6","0.0","0.0","0.66667"
"21321675","65330","78262","553636","6301","2019-11-25 13:11:05 UTC","408900","547440","true","0","0","0","0","13","0","0","301453","0","0","10","0.0","0.0","0.8"
"21321673","10936","41062","550209","5394","2019-11-25 13:35:20 UTC","26800","480497","false","0","0","0","0","1","0","0","26800","0","0","1","0.0","0.0","0.0"
"21321704","82428","84837","544731","4619","2019-11-24 21:41:13 UTC","8000","667092","false","1","0","0","0","1","0","0","8000","0","0","1","0.0","0.0","0.0"
"21321727","85323","89465","515590","5243","2019-11-24 20:36:23 UTC","82700","665089","false","1","0","0","0","1","0","0","82700","0","0","1","0.0","0.0","0.0"
"21321900","90572","74112","498423","7679","2019-11-23 17:41:25 UTC","80000","672703","false","1","0","0","0","1","0","0","80000","0","0","1","0.0","0.0","0.0"
"21321748","20302","50689","421848","6026","2019-11-24 00:00:06 UTC","31400","579012","false","1","1","0","0","1","0","0","31400","0","0","1","0.0","0.0","0.0"
"21321762","80307","8031","550209","4035","2019-11-23 23:32:17 UTC","33800","45374","false","1","0","0","0","1","0","0","33800","0","0","1","0.0","0.0","0.0"
"21321770","23720","11394","455184","6562","2019-11-23 22:43:33 UTC","16900","231490","false","1","0","0","0","1","0","0","16900","0","0","2","0.0","0.0","0.0"
"21321791","43076","4798","506775","1446","2019-11-23 21:28:17 UTC","25200","837884","false","1","0","0","0","2","0","0","24350","0","0","2","0.0","0.0","0.0"
"21321806","23582","62430","535016","4120","2019-11-23 20:30:46 UTC","9200","586995","false","1","0","0","0","1","0","0","9200","0","0","1","0.0","0.0","0.0"
"21321836","49205","13080","230650","7507","2019-11-23 19:37:15 UTC","25300","316601","false","1","0","0","0","1","0","0","25300","2","7","68","0.0","0.0","0.0"
"21321854","45289","33756","535081","2049","2019-11-23 19:15:15 UTC","52100","922800","false","1","0","0","0","1","0","0","52100","0","0","2","0.0","0.0","0.0"
"21321872","36605","94418","422463","3019","2019-11-23 18:36:35 UTC","29900","968580","false","1","0","0","0","1","0","0","29900","0","0","1","0.0","0.0","0.0"
"21321880","65919","27011","506741","7432","2019-11-23 18:16:48 UTC","21400","156100","false","1","0","0","0","1","0","0","21400","0","0","4","0.0","0.0","0.0"
"21321907","86210","15673","458919","2391","2019-11-23 17:23:34 UTC","31800","850075","false","1","0","0","0","1","0","0","31800","0","0","1","0.0","0.0","0.0"
"21321932","17348","78477","511781","5908","2019-11-23 16:34:43 UTC","59900","399834","false","1","0","0","0","1","0","0","59900","1","3","5","0.0","0.0","0.0"
"21322638","31960","95855","539090","9370","2019-11-20 17:46:44 UTC","35100","83641","false","0","0","0","0","3","0","0","20666","0","2","8","0.0","0.0","0.0"
"21321997","93050","49121","528392","3157","2019-11-23 13:50:58 UTC","22200","305347","false","1","0","0","0","2","0","0","23750","0","0","3","0.0","0.0","0.0"
"21322012","37654","49508","520132","6808","2019-11-23 13:18:33 UTC","205900","19478","false","1","0","0","0","1","0","0","205900","0","0","1","0.0","0.0","0.0"
"21322019","59804","208","520132","1876","2019-11-23 13:00:53 UTC","303400","509015","false","1","0","0","0","1","0","0","303400","0","0","1","0.0","0.0","0.0"
"21322411","39253","67519","539090","6988","2019-11-22 03:07:36 UTC","5000","262327","false","0","1","0","0","6","0","0","194650","0","0","6","0.0","0.0","0.66667"
"21322061","39253","67519","406655","4190","2019-11-23 02:11:04 UTC","314400","262327","true","1","1","0","0","6","0","0","194650","0","0","6","0.0","0.0","0.66667"
"21322071","77791","42666","550209","3763","2019-11-23 01:33:04 UTC","8500","388924","false","1","1","0","0","1","0","0","8500","0","0","2","0.0","0.0","0.0"
"21322087","13239","11805","427167","9020","2019-11-23 00:02:03 UTC","52400","227794","false","1","1","0","0","1","0","0","52400","0","0","1","0.0","0.0","0.0"
"21322535","36700","27657","606282","1135","2019-11-21 18:52:17 UTC","208300","","true","0","0","0","0","5","0","0","310940","0","0","6","0.0","0.0","0.83333"
"21322134","52897","31819","422005","9082","2019-11-22 21:44:56 UTC","159200","790235","true","0","0","0","0","4","0","0","73175","0","0","3","0.0","0.0","1.0"
"21322151","17666","78350","544731","9528","2019-11-22 20:59:25 UTC","24800","77958","false","0","0","0","0","1","0","0","24800","0","0","2","0.0","0.0","0.0"
"21322163","46910","60316","545719","4013","2019-11-22 20:43:49 UTC","25800","859876","false","0","0","0","0","1","0","0","25800","0","0","1","0.0","0.0","0.0"
"21322169","24618","440","547408","1335","2019-11-22 20:35:04 UTC","14200","439821","false","0","0","0","0","1","0","0","14200","0","0","2","0.0","0.0","0.0"
"21322191","13772","80190","606282","9138","2019-11-22 19:34:26 UTC","47300","278874","false","0","0","0","0","1","0","0","47300","0","0","8","0.0","0.0","0.0"
"21322226","66652","89547","515601","8256","2019-11-22 18:34:34 UTC","176000","647016","false","0","0","0","0","1","0","0","176000","0","0","1","0.0","0.0","0.0"
"21322235","26059","91901","515590","7067","2019-11-22 18:14:27 UTC","155300","146022","false","0","0","0","0","1","0","0","155300","0","0","2","0.0","0.0","0.0"
"21322248","56318","16851","506775","7924","2019-11-22 17:50:19 UTC","2000","545073","false","0","0","0","0","1","0","0","2000","0","0","1","0.0","0.0","0.0"
"21322255","16495","8786","546056","3831","2019-11-22 17:44:21 UTC","175700","941601","false","0","0","0","0","1","0","0","175700","0","0","1","0.0","0.0","0.0"
"21322269","7205","23988","530780","1813","2019-11-22 17:08:25 UTC","1000","785934","false","0","0","0","0","1","0","0","1000","0","0","1","0.0","0.0","0.0"
"21322288","16","13866","523421","3226","2019-11-22 16:31:47 UTC","27800","508778","false","0","0","0","0","1","0","0","27800","0","0","2","0.0","0.0","0.0"
"21321950","28103","39508","527468","1414","2019-11-23 15:44:36 UTC","62800","933619","false","1","0","0","0","1","0","0","62800","0","0","1","0.0","0.0","0.0"
"21321957","7285","60849","650901","6290","2019-11-23 15:20:45 UTC","69700","","false","1","0","0","0","1","0","0","69700","0","0","1","0.0","0.0","0.0"
"21321963","29910","45739","544731","8156","2019-11-23 15:02:38 UTC","50500","311199","false","1","0","0","0","1","0","0","50500","0","0","1","0.0","0.0","0.0"
"21321976","2054","9624","547408","9189","2019-11-23 14:30:28 UTC","38000","764744","false","1","0","0","0","1","0","0","38000","0","0","1","0.0","0.0","0.0"
"21321978","88862","48426","516292","5657","2019-11-23 14:26:04 UTC","21500","484286","false","1","0","0","0","2","0","0","22850","0","0","4","0.0","0.0","0.0"
"21321983","2538","86104","543882","5808","2019-11-23 14:14:51 UTC","44500","","false","1","0","0","0","1","0","0","44500","0","0","1","0.0","0.0","0.0"
"21322001","99379","97963","548474","9019","2019-11-23 13:45:04 UTC","39100","13928","false","1","0","0","0","1","0","0","39100","0","0","11","0.0","0.0","0.0"
"21322033","80345","44953","549167","4602","2019-11-23 11:59:44 UTC","29700","","false","1","0","0","0","1","0","0","29700","0","0","3","0.0","0.0","0.0"
"21322042","64493","52339","515590","7349","2019-11-23 11:26:23 UTC","121500","933429","false","1","0","0","0","1","0","0","121500","0","0","1","0.0","0.0","0.0"
"21322049","10030","57334","523421","6226","2019-11-23 03:10:54 UTC","200","526028","false","1","1","0","0","1","0","0","200","0","0","2","0.0","0.0","0.0"
"21322079","83294","4447","515590","2815","2019-11-23 00:47:30 UTC","1000","309718","false","1","1","0","0","1","0","0","1000","0","0","2","0.0","0.0","0.0"
"21322101","15402","36133","544315","9132","2019-11-22 23:08:58 UTC","12900","505505","false","0","0","0","0","1","0","0","12900","0","0","2","0.0","0.0","0.0"
"21322107","8754","99850","655000","8835","2019-11-22 22:48:51 UTC","259300","880573","false","0","0","0","0","2","0","0","163050","0","0","3","0.0","0.0","0.0"
"21322123","21386","29343","535016","9872","2019-11-22 22:22:07 UTC","3000","359589","false","0","0","0","0","1","0","0","3000","0","0","3","0.0","0.0","0.0"
"21322129","52897","31819","422005","9082","2019-11-22 22:03:30 UTC","75900","790235","true","0","0","0","0","4","0","0","73175","0","0","3","0.0","0.0","1.0"
"21322137","99021","34559","535863","3706","2019-11-22 21:28:20 UTC","28200","515695","false","0","0","0","0","1","0","0","28200","0","0","3","0.0","0.0","0.0"
"21322175","62988","93156","406168","6228","2019-11-22 20:16:52 UTC","15200","46597","true","0","0","0","0","2","0","0","28800","0","0","2","0.0","0.0","1.0"
"21322184","10291","15267","552236","9303","2019-11-22 19:49:30 UTC","135400","872346","false","0","0","0","0","1","0","0","135400","0","0","2","0.0","0.0","0.0"
"21322198","53041","900","412177","1138","2019-11-22 19:15:41 UTC","134600","691601","true","0","0","0","0","1","0","0","134600","0","0","19","0.0","0.0","0.73684"
"21322206","74505","64293","410863","6742","2019-11-22 19:04:59 UTC","25700","158372","false","0","0","0","0","1","0","0","25700","0","0","2","0.0","0.0","0.0"
"21322242","65386","28685","535016","1702","2019-11-22 18:00:56 UTC","17300","729813","false","0","0","0","0","1","0","0","17300","0","0","2","0.0","0.0","0.0"
"21322263","29931","86941","550209","2847","2019-11-22 17:27:28 UTC","4000","276036","false","0","0","0","0","1","0","0","4000","1","4","11","0.0","0.0","0.0"
"21322276","60073","68703","544731","9626","2019-11-22 16:54:53 UTC","36500","874741","false","0","0","0","0","1","0","0","36500","0","0","3","0.0","0.0","0.0"
"21322295","65398","89227","525663","3863","2019-11-22 16:14:30 UTC","26200","308573","false","0","0","0","0","1","0","0","26200","0","0","2","0.0","0.0","0.0"
"21322302","18415","63979","543882","7978","2019-11-22 16:01:19 UTC","30200","415766","false","0","0","0","0","1","0","0","30200","0","0","1","0.0","0.0","0.0"
"21322008","26765","68893","606282","5717","2019-11-23 13:31:57 UTC","31600","","false","1","0","0","0","1","0","0","31600","0","4","17","0.0","0.0","0.0"
"21322322","31663","73616","544731","7301","2019-11-22 15:23:45 UTC","152700","398625","false","0","0","0","0","1","0","0","152700","0","0","1","0.0","0.0","0.0"
"21322343","65951","85276","464611","1316","2019-11-22 14:39:46 UTC","86000","881429","false","0","0","0","0","1","0","0","86000","0","0","2","0.0","0.0","0.0"
"21322382","31716","60698","545810","8537","2019-11-22 12:24:10 UTC","22000","405699","false","0","0","0","0","1","0","0","22000","0","0","1","0.0","0.0","0.0"
"21322402","85373","70472","432958","5035","2019-11-22 11:05:03 UTC","78200","821221","false","0","0","0","0","1","0","0","78200","0","0","1","0.0","0.0","0.0"
"21322420","53041","58052","558763","4345","2019-11-22 01:38:52 UTC","249000","693422","false","0","1","0","0","1","0","0","249000","0","0","19","0.0","0.0","0.73684"
"21322442","12855","45475","535016","5397","2019-11-22 00:01:17 UTC","10000","357259","false","0","1","0","0","1","0","0","10000","0","0","4","0.0","0.0","0.0"
"21322485","82991","91080","550209","7596","2019-11-21 21:09:26 UTC","41200","158786","false","0","0","0","0","1","0","0","41200","0","0","1","0.0","0.0","0.0"
"21322502","71507","65935","548984","5486","2019-11-21 20:33:12 UTC","9900","777035","true","0","0","0","0","3","0","0","38733","0","0","3","0.0","0.0","0.66667"
"21322497","11210","66182","527497","6947","2019-11-21 20:45:40 UTC","75900","651735","false","0","0","0","0","1","0","0","75900","0","0","1","0.0","0.0","0.0"
"21322520","97314","30494","523421","4698","2019-11-21 19:57:27 UTC","2000","928512","false","0","0","0","0","1","0","0","2000","0","0","1","0.0","0.0","0.0"
"21322788","12557","52806","527437","4056","2019-11-18 19:27:09 UTC","6000","557610","false","0","0","0","0","1","0","0","6000","0","0","1","0.0","0.0","0.0"
"21323318","33641","61637","516292","7499","2019-11-09 01:38:38 UTC","44200","417645","false","1","1","0","0","2","0","0","37250","0","1","2","0.0","0.0","0.0"
"21322749","22533","58500","530033","4474","2019-11-19 02:24:30 UTC","23200","173647","false","0","1","0","0","1","0","0","23200","0","0","6","0.0","0.0","0.0"
"21322761","81736","59188","550209","2793","2019-11-18 23:37:00 UTC","16000","727924","false","0","0","0","0","1","0","0","16000","0","0","2","0.0","0.0","0.0"
"21322773","12125","93438","550209","7435","2019-11-18 21:38:40 UTC","4700","392972","false","0","0","0","0","1","0","0","4700","0","0","1","0.0","0.0","0.0"
"21322797","33044","6896","606282","3697","2019-11-18 18:35:19 UTC","11600","569806","false","0","0","0","0","1","0","0","11600","0","0","3","0.0","0.0","0.0"
"21322804","62889","15606","516292","1671","2019-11-18 18:16:19 UTC","99000","361231","false","0","0","0","0","1","0","0","99000","0","0","1","0.0","0.0","0.0"
"21322824","94348","98430","544731","8598","2019-11-18 16:59:19 UTC","51000","","false","0","0","0","0","1","0","0","51000","0","0","1","0.0","0.0","0.0"
"21322852","97900","88791","421962","7756","2019-11-18 14:48:27 UTC","118800","367840","false","0","0","0","0","1","0","0","118800","0","0","2","0.0","0.0","0.0"
"21322531","59324","91054","550209","9439","2019-11-21 19:00:15 UTC","9500","248408","false","0","0","0","0","1","0","0","9500","0","0","7","0.0","0.0","0.0"
"21323594","57997","84486","522688","9874","2019-11-01 10:23:50 UTC","100","","false","0","0","1","1","3","100","100","100","0","0","2","0.0","0.0","0.0"
"21322329","42526","14419","512682","4326","2019-11-22 15:07:05 UTC","1000","574659","false","0","0","0","0","1","0","0","1000","0","0","1","0.0","0.0","0.0"
"21322335","39051","74971","410863","8566","2019-11-22 14:57:47 UTC","32400","611853","false","0","0","0","0","1","0","0","32400","0","0","1","0.0","0.0","0.0"
"21322786","53041","11452","455187","2744","2019-11-18 20:09:44 UTC","99700","274282","false","0","0","0","0","8","0","0","90512","0","0","19","0.0","0.0","0.73684"
"21322379","18344","64057","553636","5642","2019-11-22 12:40:55 UTC","98100","112327","true","0","0","0","0","2","0","0","97500","0","0","6","0.0","0.0","0.66667"
"21322357","5197","95794","457502","200","2019-11-22 14:13:14 UTC","242400","","false","0","0","0","0","1","0","0","242400","0","0","1","0.0","0.0","0.0"
"21322362","2066","33835","525922","9656","2019-11-22 13:59:58 UTC","255500","144209","false","0","0","0","0","1","0","0","255500","0","0","1","0.0","0.0","0.0"
"21322369","7672","86431","650907","9316","2019-11-22 13:36:42 UTC","30700","894382","false","0","0","0","0","1","0","0","30700","0","0","2","0.0","0.0","0.0"
"21322390","90371","26088","550209","6717","2019-11-22 11:55:37 UTC","2000","818075","false","0","0","0","0","1","0","0","2000","0","0","1","0.0","0.0","0.0"
"21322409","90035","6770","518814","6425","2019-11-22 03:11:32 UTC","34400","361838","false","0","1","0","0","1","0","0","34400","0","2","7","0.0","0.0","0.14286"
"21322429","50897","90123","230650","1271","2019-11-22 00:52:08 UTC","2000","810633","false","0","1","0","0","1","0","0","2000","0","0","2","0.0","0.0","0.0"
"21322455","91972","38890","530780","1934","2019-11-21 23:18:13 UTC","401700","990288","true","0","0","0","0","1","0","0","401700","0","6","14","0.0","0.83333","0.78571"
"21322466","22612","15599","516292","9448","2019-11-21 22:43:01 UTC","109900","591870","false","0","0","0","0","1","0","0","109900","0","0","2","0.0","0.0","0.0"
"21322473","87559","83380","455184","4110","2019-11-21 22:09:33 UTC","48900","700397","false","0","0","0","0","1","0","0","48900","0","0","5","0.0","0.0","0.0"
"21322626","53041","28218","498406","7104","2019-11-20 21:42:21 UTC","42600","174844","true","0","0","0","0","5","0","0","59280","0","0","19","0.0","0.0","0.73684"
"21322514","67952","62137","458919","1742","2019-11-21 20:07:05 UTC","21700","608963","false","0","0","0","0","1","0","0","21700","0","0","6","0.0","0.0","0.0"
"21322736","39971","3684","535081","9309","2019-11-19 13:28:01 UTC","17900","807149","false","0","0","0","0","1","0","0","17900","0","0","1","0.0","0.0","0.0"
"21322742","95110","45315","553665","3788","2019-11-19 12:07:59 UTC","44300","144657","false","0","0","0","0","1","0","0","44300","0","0","3","0.0","0.0","0.0"
"21322768","70989","38628","544731","8189","2019-11-18 21:54:30 UTC","36700","93937","false","0","0","0","0","1","0","0","36700","0","0","2","0.0","0.0","0.0"
"21322881","94549","45797","415944","9295","2019-11-18 11:29:34 UTC","87700","","false","0","0","0","0","2","0","0","103700","0","0","2","0.0","0.0","0.0"
"21322858","62052","28771","498442","5470","2019-11-18 14:35:01 UTC","129500","48458","false","0","0","0","0","1","0","0","129500","0","3","5","0.0","0.0","0.0"
"21323154","17348","57594","406168","4222","2019-11-11 23:14:56 UTC","277100","645413","false","0","0","0","0","3","0","0","221366","1","3","5","0.0","0.0","0.0"
"21322810","4148","23336","550209","6963","2019-11-18 18:00:39 UTC","4500","625286","false","0","0","0","0","1","0","0","4500","0","0","1","0.0","0.0","0.0"
"21322837","16","66165","506775","7553","2019-11-18 16:15:35 UTC","15700","62903","false","0","0","0","0","1","0","0","15700","0","0","2","0.0","0.0","0.0"
"21322845","49205","33898","441524","5621","2019-11-18 15:20:40 UTC","27000","54884","false","0","0","0","0","1","0","0","27000","2","7","68","0.0","0.0","0.0"
"21322880","79698","75452","518814","1839","2019-11-18 11:36:27 UTC","71200","760422","false","0","0","0","0","1","0","0","71200","4","14","21","0.0","0.0","0.0"
"21322902","87559","63685","444054","1110","2019-11-17 20:50:32 UTC","87000","361665","false","1","0","0","0","2","0","0","67750","0","0","5","0.0","0.0","0.0"
"21322917","89161","13762","553636","3884","2019-11-17 18:40:58 UTC","27900","565235","false","1","0","0","0","1","0","0","27900","0","1","5","0.0","0.0","0.0"
"21322972","44459","10405","515894","4290","2019-11-17 01:05:41 UTC","26100","856642","false","1","1","0","0","2","0","0","25950","0","0","3","0.0","0.0","0.0"
"21323110","603","70470","400268","6931","2019-11-14 13:42:56 UTC","159400","905472","false","0","0","0","0","1","0","0","159400","0","1","2","0.0","0.0","0.0"
"21322978","49205","10431","406655","1350","2019-11-16 23:43:33 UTC","57900","218522","false","1","0","0","0","1","0","0","57900","2","7","68","0.0","0.0","0.0"
"21322995","22995","46814","548724","3117","2019-11-16 19:12:13 UTC","28200","615784","false","1","0","0","0","1","0","0","28200","0","0","1","0.0","0.0","0.0"
"21323001","39385","37373","544300","9322","2019-11-16 17:11:24 UTC","263300","582727","false","1","0","0","0","2","0","0","209200","0","0","2","0.0","0.0","0.0"
"21323027","66605","4379","506741","7240","2019-11-16 00:25:46 UTC","32500","631273","false","1","1","0","0","1","0","0","32500","0","0","1","0.0","0.0","0.0"
"21323068","26086","8836","548724","8670","2019-11-15 00:34:13 UTC","126800","365945","false","0","1","0","0","1","0","0","126800","0","0","1","0.0","0.0","0.0"
"21320723","91972","97611","410863","3518","2019-11-30 15:15:03 UTC","386300","457665","true","1","0","0","0","2","0","0","300100","0","6","14","0.0","0.83333","0.78571"
"21323074","15506","64469","651659","2911","2019-11-14 21:54:17 UTC","77500","292318","false","0","0","0","0","1","0","0","77500","0","1","1","0.0","0.0","0.0"
"21323123","31960","35846","518454","7187","2019-11-13 13:59:48 UTC","22900","107579","false","0","0","0","0","1","0","0","22900","0","2","8","0.0","0.0","0.0"
"21323132","79459","23420","544731","2198","2019-11-12 20:11:27 UTC","246400","","false","0","0","0","0","1","0","0","246400","0","1","1","0.0","0.0","0.0"
"21323474","56239","23201","544315","6492","2019-11-04 19:32:19 UTC","216400","","false","0","0","0","1","2","0","216400","117400","0","1","2","0.0","0.0","0.0"
"21323150","55531","17407","498453","3618","2019-11-12 01:08:50 UTC","269000","","false","0","1","0","0","2","0","0","270800","0","2","2","0.0","0.0","0.0"
"21323169","17712","88490","552289","2674","2019-11-11 19:08:50 UTC","22600","","false","0","0","0","0","1","0","0","22600","0","1","3","0.0","0.0","0.0"
"21323332","26981","1703","525631","6430","2019-11-08 22:53:28 UTC","27000","","false","0","0","0","1","2","0","27000","21650","1","6","12","0.0","0.0","0.0"
"21323208","42668","75575","476333","3122","2019-11-11 00:56:26 UTC","14100","","false","0","1","0","0","1","0","0","14100","0","1","1","0.0","0.0","0.0"
"21323223","62966","277","530034","8005","2019-11-10 19:14:39 UTC","240200","","false","1","0","0","0","1","0","0","240200","0","1","1","0.0","0.0","0.0"
"21322874","81160","97188","544731","8909","2019-11-18 12:55:10 UTC","27500","284048","false","0","0","0","0","1","0","0","27500","0","0","1","0.0","0.0","0.0"
"21322888","49205","69144","515894","5077","2019-11-17 23:26:34 UTC","24300","509733","false","1","0","0","0","1","0","0","24300","2","7","68","0.0","0.0","0.0"
"21322910","52378","11320","516220","6903","2019-11-17 19:31:08 UTC","29900","667618","false","1","0","0","0","1","0","0","29900","0","1","5","0.0","0.0","0.0"
"21322930","73915","22600","531681","6164","2019-11-17 16:46:25 UTC","159500","798301","false","1","0","0","0","1","0","0","159500","0","0","4","0.0","0.0","0.0"
"21322937","12063","68575","422061","8992","2019-11-17 15:20:34 UTC","252200","","false","1","0","0","0","1","0","0","252200","0","1","2","0.0","0.0","0.0"
"21322944","58892","56432","550209","3427","2019-11-17 15:00:09 UTC","9400","239423","false","1","0","0","0","1","0","0","9400","0","0","5","0.0","0.0","0.0"
"21322952","48376","98671","546452","9022","2019-11-17 13:41:55 UTC","32600","632744","false","1","0","0","0","1","0","0","32600","0","0","2","0.0","0.0","0.0"
"21322958","58892","13727","550209","9446","2019-11-17 12:15:32 UTC","21200","212549","false","1","0","0","0","1","0","0","21200","0","0","5","0.0","0.0","0.0"
"21323061","72355","16746","521509","5053","2019-11-15 14:44:26 UTC","91000","897629","false","0","0","0","0","1","0","0","91000","0","2","3","0.0","0.0","0.0"
"21323007","52378","13537","606282","2403","2019-11-16 15:05:00 UTC","20200","903293","false","1","0","0","0","1","0","0","20200","0","1","5","0.0","0.0","0.0"
"21323014","83613","30948","453211","5983","2019-11-16 12:41:43 UTC","1000","448080","false","1","0","0","0","1","0","0","1000","0","0","1","0.0","0.0","0.0"
"21323034","48752","73956","476333","3112","2019-11-15 22:39:10 UTC","18500","","false","0","0","0","0","1","0","0","18500","0","0","4","0.0","0.0","0.0"
"21323040","19378","47822","650901","9781","2019-11-15 20:47:14 UTC","349500","668423","false","0","0","0","0","1","0","0","349500","0","0","1","0.0","0.0","0.0"
"21323047","81780","75134","550209","6911","2019-11-15 19:02:13 UTC","32000","279984","false","0","0","0","0","1","0","0","32000","0","0","1","0.0","0.0","0.0"
"21323091","1356","61784","606282","1376","2019-11-14 18:42:17 UTC","4700","874844","false","0","0","0","0","1","0","0","4700","0","2","5","0.0","0.0","0.0"
"21323244","26765","84730","527497","8763","2019-11-10 16:15:05 UTC","56100","723309","false","1","0","0","0","2","0","0","38450","0","4","17","0.0","0.0","0.0"
"21323098","89161","31883","406655","3315","2019-11-14 16:16:36 UTC","88400","","false","0","0","0","0","1","0","0","88400","0","1","5","0.0","0.0","0.0"
"21323122","56710","55007","650907","6276","2019-11-13 15:55:57 UTC","51900","964379","false","0","0","0","0","2","0","0","33550","0","2","4","0.0","0.0","0.0"
"21323202","99333","42789","606282","8779","2019-11-11 13:18:12 UTC","21100","","false","0","0","0","0","1","0","0","21100","0","1","1","0.0","0.0","0.0"
"21323157","79698","39143","455183","9323","2019-11-11 22:34:48 UTC","74700","","false","0","0","0","0","1","0","0","74700","4","14","21","0.0","0.0","0.0"
"21323163","89412","78495","512363","3140","2019-11-11 20:17:52 UTC","8000","","false","0","0","0","0","1","0","0","8000","0","1","1","0.0","0.0","0.0"
"21323177","49815","44507","522840","4710","2019-11-11 18:07:59 UTC","357900","","false","0","0","0","0","1","0","0","357900","0","1","1","0.0","0.0","0.0"
"21323186","49014","37647","553636","6415","2019-11-11 16:50:34 UTC","252600","","false","0","0","0","0","1","0","0","252600","0","1","1","0.0","0.0","0.0"
"21323229","9456","95797","434995","430","2019-11-10 17:59:16 UTC","9000","","false","1","0","0","0","1","0","0","9000","0","1","1","0.0","0.0","0.0"
"21323085","36929","42426","523284","6730","2019-11-14 20:33:53 UTC","205300","","false","0","0","0","0","1","0","0","205300","0","10","12","0.0","0.0","0.0"
"21323321","77130","75710","554482","7640","2019-11-09 00:17:27 UTC","55900","","true","1","1","0","7","10","0","40371","56090","10","13","14","1.0","1.0","0.92857"
"21323307","7313","97923","534503","6385","2019-11-09 14:31:17 UTC","3000","","false","1","0","0","0","1","0","0","3000","0","1","1","0.0","0.0","0.0"
"21323313","39273","58702","523421","7534","2019-11-09 12:45:32 UTC","96300","","false","1","0","0","0","1","0","0","96300","0","1","1","0.0","0.0","0.0"
"21323347","44668","42581","550209","2319","2019-11-08 20:06:59 UTC","1000","","false","0","0","0","1","1","0","1000","1000","1","1","1","0.0","0.0","0.0"
"21323370","41828","79495","230650","9601","2019-11-08 15:12:28 UTC","231200","","false","0","0","0","1","1","0","231200","231200","1","1","1","0.0","0.0","0.0"
"21323417","9595","27370","516292","9123","2019-11-07 16:15:47 UTC","8000","","false","0","0","0","1","1","0","8000","8000","0","0","0","0.0","0.0","0.0"
"21323435","30370","30401","514945","3837","2019-11-06 14:15:20 UTC","24900","","false","0","0","0","1","1","0","24900","24900","0","0","0","0.0","0.0","0.0"
"21323460","93225","43508","548984","6850","2019-11-05 11:47:27 UTC","105600","","false","0","0","0","1","1","0","105600","105600","0","1","1","0.0","0.0","0.0"
"21323480","4976","81859","544883","5800","2019-11-04 18:41:53 UTC","59900","","false","0","0","0","1","1","0","59900","59900","0","0","0","0.0","0.0","0.0"
"21323467","17348","25391","535858","4891","2019-11-04 23:36:29 UTC","287600","","false","0","0","0","1","1","0","287600","287600","1","3","5","0.0","0.0","0.0"
"21323532","92443","51296","550209","8662","2019-11-03 18:15:15 UTC","57700","","false","1","0","0","1","1","0","57700","57700","0","0","0","0.0","0.0","0.0"
"21323486","7217","48874","548724","2917","2019-11-04 17:18:08 UTC","5800","","false","0","0","0","1","1","0","5800","5800","0","0","0","0.0","0.0","0.0"
"21323513","32901","62541","511781","250","2019-11-04 10:31:04 UTC","2800","","false","0","0","0","3","3","0","5233","5233","0","0","0","0.0","0.0","0.0"
"21323520","93225","51571","514945","6111","2019-11-03 20:49:37 UTC","206000","","false","1","0","0","1","1","0","206000","206000","0","1","1","0.0","0.0","0.0"
"21323525","53202","88906","498423","9075","2019-11-03 20:07:33 UTC","3200","","false","1","0","0","1","1","0","3200","3200","0","0","0","0.0","0.0","0.0"
"21323543","90572","98987","406669","7918","2019-11-03 14:00:16 UTC","257800","","false","1","0","0","1","1","0","257800","257800","0","0","1","0.0","0.0","0.0"
"21320459","21087","85253","453211","3056","2019-12-01 16:44:06 UTC","34400","848391","false","1","0","0","0","1","0","0","34400","0","0","3","0.0","0.0","0.0"
"21323549","49205","57366","550209","4970","2019-11-02 22:39:56 UTC","18400","","false","1","0","1","1","1","18400","18400","18400","2","7","68","0.0","0.0","0.0"
"21323560","88549","20595","521370","1189","2019-11-02 16:59:38 UTC","343800","","false","1","0","1","1","1","343800","343800","343800","0","0","0","0.0","0.0","0.0"
"21323591","13371","19248","476331","8121","2019-11-01 14:30:36 UTC","153700","","false","0","0","1","1","1","153700","153700","153700","0","0","0","0.0","0.0","0.0"
"21323572","33192","7682","544731","3904","2019-11-02 10:01:01 UTC","120000","","false","1","0","1","1","1","120000","120000","120000","1","3","9","0.0","0.0","0.0"
"21323405","46790","71499","541465","1085","2019-11-07 18:53:52 UTC","56100","","false","0","0","0","1","1","0","56100","56100","0","0","0","0.0","0.0","0.0"
"21320839","43387","34194","535081","6635","2019-11-29 23:38:52 UTC","55200","584257","false","0","0","0","0","1","0","0","55200","0","0","2","0.0","0.0","0.0"
"21323287","96704","6363","411085","5705","2019-11-09 19:11:38 UTC","248300","","false","1","0","0","0","2","0","0","149350","0","2","2","0.0","0.0","0.0"
"21323331","77130","75710","554482","7640","2019-11-08 23:05:13 UTC","54000","","true","0","0","0","7","10","0","40371","56090","10","13","14","1.0","1.0","0.92857"
"21323282","4129","13251","444456","8211","2019-11-09 20:10:48 UTC","9000","","false","1","0","0","0","1","0","0","9000","1","5","14","0.0","0.0","0.0"
"21323290","65211","59560","472280","7514","2019-11-09 18:52:59 UTC","8000","","false","1","0","0","0","1","0","0","8000","0","1","1","0.0","0.0","0.0"
"21323338","22532","73005","544731","3000","2019-11-08 20:54:41 UTC","137600","","false","0","0","0","1","1","0","137600","137600","1","4","4","0.0","0.0","0.0"
"21323352","12383","7297","403246","7110","2019-11-08 19:07:49 UTC","44500","","false","0","0","0","1","1","0","44500","44500","1","1","1","0.0","0.0","0.0"
"21323359","18874","4058","552693","6987","2019-11-08 17:15:24 UTC","18100","","false","0","0","0","1","1","0","18100","18100","1","1","2","0.0","0.0","0.0"
"21323380","76725","52964","470598","6430","2019-11-08 11:23:22 UTC","18200","","false","0","0","0","1","1","0","18200","18200","1","4","10","0.0","0.0","0.0"
"21323386","79698","62166","427167","5014","2019-11-08 00:31:39 UTC","77400","","false","0","1","0","1","1","0","77400","77400","4","14","21","0.0","0.0","0.0"
"21323423","31960","69145","427164","9022","2019-11-07 14:53:42 UTC","14400","","false","0","0","0","1","1","0","14400","14400","0","2","8","0.0","0.0","0.0"
"21323430","17348","48260","418053","4034","2019-11-06 17:20:40 UTC","224800","","false","0","0","0","1","1","0","224800","224800","1","3","5","0.0","0.0","0.0"
"21323452","70405","43388","544731","5458","2019-11-05 14:30:51 UTC","32300","","false","0","0","0","1","1","0","32300","32300","0","0","0","0.0","0.0","0.0"
"21323493","60121","27891","506728","2150","2019-11-04 16:21:23 UTC","99900","","false","0","0","0","1","1","0","99900","99900","0","3","4","0.0","0.0","0.0"
"21323502","62937","24601","478308","7872","2019-11-04 14:49:27 UTC","98700","","false","0","0","0","1","1","0","98700","98700","0","0","0","0.0","0.0","0.0"
"21323567","50493","58019","544731","8760","2019-11-02 14:50:11 UTC","85200","","false","1","0","1","1","1","85200","85200","85200","0","0","0","0.0","0.0","0.0"
"21320398","29744","97051","434505","9116","2019-12-01 23:16:32 UTC","37400","285475","false","1","0","0","0","1","0","0","37400","0","0","11","0.0","0.0","0.09091"
"21320510","71175","45682","498453","3368","2019-12-01 13:14:55 UTC","39800","297512","false","1","0","0","0","1","0","0","39800","0","0","1","0.0","0.0","0.0"
"21323586","63526","7536","467148","6472","2019-11-01 18:03:53 UTC","24200","","false","0","0","1","1","1","24200","24200","24200","0","0","2","0.0","0.0","0.0"
"21320563","74499","95038","544731","3279","2019-11-30 22:11:06 UTC","20500","297780","false","1","0","0","0","1","0","0","20500","0","0","2","0.0","0.0","0.0"
"21320667","96149","99230","606282","4607","2019-11-30 17:24:50 UTC","18900","494468","false","1","0","0","0","1","0","0","18900","0","0","1","0.0","0.0","0.0"
"21320761","29418","70824","544731","1080","2019-11-30 13:46:18 UTC","30700","641580","false","1","0","0","0","1","0","0","30700","0","0","2","0.0","0.0","0.0"
"21323399","44599","26467","423069","3350","2019-11-07 20:31:28 UTC","145200","","false","0","0","0","1","1","0","145200","145200","0","0","0","0.0","0.0","0.0"
"21321048","6674","71828","453211","6069","2019-11-29 14:44:01 UTC","59100","943669","false","0","0","0","0","1","0","0","59100","0","0","1","0.0","0.0","0.0"
"21321141","84929","34692","535016","5307","2019-11-29 01:11:57 UTC","52400","981937","false","0","1","0","0","1","0","0","52400","0","0","1","0.0","0.0","0.0"
"21321189","2126","36008","515590","6464","2019-11-28 22:16:17 UTC","68500","458428","false","0","0","0","0","1","0","0","68500","0","0","1","0.0","0.0","0.0"
"21321310","64830","3442","400437","3137","2019-11-28 17:44:54 UTC","403400","","false","0","0","0","0","1","0","0","403400","0","0","1","0.0","0.0","0.0"
"21321614","16740","28241","515894","1681","2019-11-26 13:44:37 UTC","24200","49561","false","0","0","0","0","1","0","0","24200","0","0","1","0.0","0.0","0.0"
"21322950","48752","45831","606282","3159","2019-11-17 13:57:07 UTC","19200","795024","false","1","0","0","0","1","0","0","19200","0","0","4","0.0","0.0","0.0"
"21321778","37760","1085","458919","5334","2019-11-23 22:05:20 UTC","6000","75588","false","1","0","0","0","1","0","0","6000","0","0","1","0.0","0.0","0.0"
"21321884","76473","4337","404024","8253","2019-11-23 18:11:43 UTC","3000","346958","false","1","0","0","0","1","0","0","3000","0","0","1","0.0","0.0","0.0"
"21322085","93947","71635","530049","3436","2019-11-23 00:18:47 UTC","75500","532585","false","1","1","0","0","1","0","0","75500","0","0","1","0.0","0.0","0.0"
"21322147","90245","23546","547408","6150","2019-11-22 21:09:57 UTC","358500","541152","false","0","0","0","0","1","0","0","358500","0","0","1","0.0","0.0","0.0"
"21322318","30180","74352","552937","8316","2019-11-22 15:28:43 UTC","198000","380178","false","0","0","0","0","1","0","0","198000","0","0","4","0.0","0.0","0.0"
"21322470","10219","54795","650901","9420","2019-11-21 22:14:19 UTC","1000","150631","false","0","0","0","0","1","0","0","1000","0","0","1","0.0","0.0","0.0"
"21322602","34434","47362","427167","2032","2019-11-21 13:25:10 UTC","28100","","false","0","0","0","0","1","0","0","28100","0","0","3","0.0","0.0","0.0"
"21322830","68350","15398","535081","8871","2019-11-18 16:48:22 UTC","1000","767338","false","0","0","0","0","1","0","0","1000","0","0","2","0.0","0.0","0.0"
"21322906","55853","1552","539090","2800","2019-11-17 19:55:11 UTC","1000","","false","1","0","0","0","1","0","0","1000","0","0","1","0.0","0.0","0.0"
"21323095","26981","3454","516292","1671","2019-11-14 17:53:53 UTC","19900","920007","false","0","0","0","0","1","0","0","19900","1","6","12","0.0","0.0","0.0"
"21323373","96757","1266","544731","2112","2019-11-08 13:28:11 UTC","14400","","false","0","0","0","1","1","0","14400","14400","1","1","1","0.0","0.0","0.0"
"21323409","17348","57128","464127","1639","2019-11-07 18:32:35 UTC","189600","","false","0","0","0","1","1","0","189600","189600","1","3","5","0.0","0.0","0.0"
"21323472","11506","53727","550209","3310","2019-11-04 19:45:56 UTC","16600","","false","0","0","0","1","1","0","16600","16600","0","0","0","0.0","0.0","0.0"
"21320403","59566","40759","516292","8220","2019-12-01 21:25:53 UTC","6000","192705","false","1","0","0","0","1","0","0","6000","0","0","6","0.0","0.0","0.0"
"21320408","36049","90169","470598","5710","2019-12-01 20:48:10 UTC","20900","34672","false","1","0","0","0","2","0","0","32350","0","0","2","0.0","0.0","0.0"
"21320414","81316","79874","230744","1389","2019-12-01 20:18:33 UTC","53900","737369","false","1","0","0","0","1","0","0","53900","0","0","1","0.0","0.0","0.0"
"21320418","86777","40302","498423","5469","2019-12-01 19:48:37 UTC","90200","471506","false","1","0","0","0","2","0","0","87800","0","0","3","0.0","0.0","0.0"
"21320432","49710","5541","606282","3381","2019-12-01 19:12:42 UTC","251500","656429","true","1","0","0","0","3","0","0","254100","0","0","1","0.0","0.0","1.0"
"21320435","77233","33071","410715","1060","2019-12-01 18:50:49 UTC","3800","81722","false","1","0","0","0","3","0","0","15133","0","0","6","0.0","0.0","0.0"
"21321112","53644","96941","650487","7670","2019-11-29 10:33:35 UTC","500","850050","false","0","0","0","0","1","0","0","500","0","0","1","0.0","0.0","0.0"
"21321350","73219","74272","542820","1772","2019-11-28 16:08:30 UTC","26700","382119","false","0","0","0","0","1","0","0","26700","0","0","1","0.0","0.0","0.0"
"21321412","19569","2251","544731","4800","2019-11-28 12:55:52 UTC","40600","426482","false","0","0","0","0","1","0","0","40600","0","0","3","0.0","0.0","0.0"
"21321515","99298","99974","534520","8921","2019-11-27 10:22:14 UTC","23100","457078","false","0","0","0","0","1","0","0","23100","0","0","2","0.0","0.0","0.0"
"21321681","76196","98725","550209","3640","2019-11-25 04:25:50 UTC","54400","715212","false","0","1","0","0","1","0","0","54400","0","0","2","0.0","0.0","0.0"
"21321692","5236","42949","514945","4880","2019-11-24 22:52:12 UTC","11600","776270","false","1","0","0","0","1","0","0","11600","0","0","1","0.0","0.0","0.0"
"21321835","96015","21854","650485","2207","2019-11-23 19:40:01 UTC","105800","191241","false","1","0","0","0","1","0","0","105800","0","0","1","0.0","0.0","0.0"
"21321969","34376","34603","535016","8148","2019-11-23 14:47:22 UTC","4500","206048","false","1","0","0","0","1","0","0","4500","0","0","2","0.0","0.0","0.0"
"21322215","47360","8433","526326","4710","2019-11-22 18:55:27 UTC","21300","604462","false","0","0","0","0","1","0","0","21300","0","0","1","0.0","0.0","0.0"
"21322266","49205","4453","410749","3639","2019-11-22 17:14:28 UTC","25800","","false","0","0","0","0","1","0","0","25800","2","7","68","0.0","0.0","0.0"
"21322374","24714","87997","550209","6776","2019-11-22 13:05:47 UTC","15500","200830","false","0","0","0","0","1","0","0","15500","0","0","3","0.0","0.0","0.0"
"21322435","28675","82734","530780","4386","2019-11-22 00:18:27 UTC","1000","527167","false","0","1","0","0","1","0","0","1000","0","0","1","0.0","0.0","0.0"
"21322642","78653","5775","542820","8843","2019-11-20 17:21:06 UTC","18000","774517","false","0","0","0","0","1","0","0","18000","0","0","2","0.0","0.0","0.0"
"21322708","63646","23116","540593","3291","2019-11-19 18:18:04 UTC","152700","941250","false","0","0","0","0","1","0","0","152700","0","0","1","0.0","0.0","0.0"
"21322863","49205","99851","498408","6108","2019-11-18 13:55:48 UTC","31700","274548","false","0","0","0","0","1","0","0","31700","2","7","68","0.0","0.0","0.0"
"21323046","4039","63782","523421","4837","2019-11-15 19:19:07 UTC","24900","545183","false","0","0","0","0","1","0","0","24900","1","1","3","0.0","0.0","0.0"
"21323145","67327","84104","506775","7834","2019-11-12 11:43:05 UTC","103800","","false","0","0","0","0","1","0","0","103800","0","1","1","0.0","0.0","0.0"
"21323200","79698","20797","482425","9109","2019-11-11 13:59:53 UTC","51100","","false","0","0","0","0","1","0","0","51100","4","14","21","0.0","0.0","0.0"
"21323301","62891","14157","541465","8117","2019-11-09 16:17:04 UTC","242700","","false","1","0","0","0","1","0","0","242700","0","1","3","0.0","0.0","0.0"
"21323575","82477","93012","455183","2030","2019-11-01 23:29:37 UTC","28800","","false","0","0","1","1","1","28800","28800","28800","0","0","2","0.0","0.0","0.0"
"21320442","36258","47893","544731","3815","2019-12-01 18:28:10 UTC","21700","","false","1","0","0","0","1","0","0","21700","0","0","1","0.0","0.0","0.0"
"21320448","46182","96273","516292","3778","2019-12-01 17:42:52 UTC","39800","251576","false","1","0","0","0","1","0","0","39800","0","0","1","0.0","0.0","0.0"
"21320453","67764","21768","530034","3859","2019-12-01 16:55:55 UTC","101200","357277","true","1","0","0","0","6","0","0","85833","0","0","2","0.0","0.0","1.0"
"21320462","65760","29278","544731","4903","2019-12-01 16:39:04 UTC","31400","170978","false","1","0","0","0","1","0","0","31400","0","0","2","0.0","0.0","0.0"
"21320471","66430","25617","550209","8673","2019-12-01 15:46:34 UTC","192100","113689","false","1","0","0","0","1","0","0","192100","0","0","1","0.0","0.0","0.0"
"21322537","95786","48359","453211","9291","2019-11-21 18:50:15 UTC","17800","","false","0","0","0","0","1","0","0","17800","0","0","1","0.0","0.0","0.0"
"21320477","65640","28025","526549","5604","2019-12-01 15:11:10 UTC","46000","535507","false","1","0","0","0","1","0","0","46000","0","0","1","0.0","0.0","0.0"
"21320487","13019","78513","485464","2834","2019-12-01 14:42:27 UTC","35900","580095","false","1","0","0","0","1","0","0","35900","0","0","1","0.0","0.0","0.0"
"21320488","35579","60308","458919","1778","2019-12-01 14:42:16 UTC","26500","432356","false","1","0","0","0","1","0","0","26500","0","0","3","0.0","0.0","0.0"
"21320495","61111","20841","550209","6950","2019-12-01 14:05:27 UTC","20700","","false","1","0","0","0","1","0","0","20700","0","0","1","0.0","0.0","0.0"
"21320522","66876","11750","453211","4482","2019-12-01 11:39:51 UTC","60700","342890","true","1","0","0","0","31","0","0","57412","0","0","8","0.0","0.0","0.875"
"21320512","67952","20799","606282","7661","2019-12-01 12:56:00 UTC","20200","412966","false","1","0","0","0","1","0","0","20200","0","0","6","0.0","0.0","0.0"
"21320519","30681","16236","550209","1908","2019-12-01 11:58:10 UTC","45900","","false","1","0","0","0","1","0","0","45900","0","0","1","0.0","0.0","0.0"
"21320528","93520","77959","432957","7262","2019-12-01 11:00:12 UTC","200","589318","false","1","0","0","0","7","0","0","200","0","0","5","0.0","0.0","0.0"
"21320532","72723","26251","530034","4649","2019-12-01 03:35:17 UTC","69500","","true","1","1","0","0","2","0","0","84300","0","0","4","0.0","0.0","1.0"
"21320536","68077","70790","415274","8162","2019-12-01 02:16:11 UTC","54000","","false","1","1","0","0","2","0","0","40500","0","0","2","0.0","0.0","0.0"
"21320531","42356","74585","536805","7429","2019-12-01 04:31:50 UTC","34200","126381","false","1","1","0","0","4","0","0","28225","0","0","12","0.0","0.0","0.66667"
"21322545","91247","46379","515601","5818","2019-11-21 18:01:30 UTC","113800","929439","false","0","0","0","0","1","0","0","113800","0","0","1","0.0","0.0","0.0"
"21320552","48515","6332","498453","4530","2019-11-30 23:39:27 UTC","22200","303107","false","1","0","0","0","1","0","0","22200","0","0","1","0.0","0.0","0.0"
"21320559","70425","64038","606282","4642","2019-11-30 22:35:25 UTC","102100","668489","false","1","0","0","0","1","0","0","102100","0","0","1","0.0","0.0","0.0"
"21320567","44529","27103","406655","3660","2019-11-30 22:00:17 UTC","19700","821182","false","1","0","0","0","1","0","0","19700","0","0","3","0.0","0.0","0.0"
"21320573","36154","24697","525320","5825","2019-11-30 21:40:05 UTC","13700","157931","false","1","0","0","0","1","0","0","13700","0","0","1","0.0","0.0","0.0"
"21320581","92215","80769","498406","3714","2019-11-30 21:16:30 UTC","5000","","true","1","0","0","0","1","0","0","5000","0","0","1","0.0","0.0","1.0"
"21320587","14326","92980","606282","6302","2019-11-30 20:48:24 UTC","24900","910562","false","1","0","0","0","1","0","0","24900","0","0","1","0.0","0.0","0.0"
"21320596","96428","16599","455181","3806","2019-11-30 20:22:46 UTC","95200","602261","false","1","0","0","0","1","0","0","95200","0","0","1","0.0","0.0","0.0"
"21320599","14267","25789","482425","3105","2019-11-30 20:10:59 UTC","18700","74119","false","1","0","0","0","1","0","0","18700","0","0","1","0.0","0.0","0.0"
"21320607","51634","34397","606282","5234","2019-11-30 19:51:51 UTC","13200","627530","false","1","0","0","0","1","0","0","13200","0","0","1","0.0","0.0","0.0"
"21320551","74483","71589","406166","7566","2019-11-30 23:42:45 UTC","35300","695963","false","1","0","0","0","1","0","0","35300","0","0","1","0.0","0.0","0.0"
"21320620","99644","44494","546056","9897","2019-11-30 19:16:55 UTC","256600","287404","true","1","0","0","0","1","0","0","256600","0","0","1","0.0","0.0","1.0"
"21322551","14006","30702","518482","7255","2019-11-21 17:52:16 UTC","69700","130700","false","0","0","0","0","2","0","0","115300","0","0","2","0.0","0.0","0.0"
"21320649","73271","7725","489391","7420","2019-11-30 18:11:45 UTC","157600","308950","true","1","0","0","0","7","0","0","154571","0","0","10","0.0","0.0","1.0"
"21320634","57854","34898","650905","2102","2019-11-30 18:58:16 UTC","210600","276367","false","1","0","0","0","1","0","0","210600","0","0","1","0.0","0.0","0.0"
"21320654","5753","23204","423070","7810","2019-11-30 18:00:35 UTC","96800","554015","false","1","0","0","0","4","0","0","81375","0","0","6","0.0","0.0","0.0"
"21320646","34188","87358","230650","1447","2019-11-30 18:24:48 UTC","12900","442211","false","1","0","0","0","1","0","0","12900","0","0","1","0.0","0.0","0.0"
"21320656","21087","16394","521433","4642","2019-11-30 17:45:51 UTC","25900","","false","1","0","0","0","1","0","0","25900","0","0","3","0.0","0.0","0.0"
"21320662","49527","84721","515590","5865","2019-11-30 17:32:58 UTC","44500","697650","false","1","0","0","0","1","0","0","44500","0","0","1","0.0","0.0","0.0"
"21320629","17275","7695","536537","7142","2019-11-30 19:02:03 UTC","67400","223682","true","1","0","0","0","7","0","0","60742","0","0","30","0.0","0.0","0.73333"
"21320673","44822","62507","548723","3472","2019-11-30 17:20:46 UTC","167000","699425","false","1","0","0","0","1","0","0","167000","0","0","2","0.0","0.0","0.0"
"21320681","74335","70800","523421","2540","2019-11-30 17:03:57 UTC","28100","889468","false","1","0","0","0","1","0","0","28100","0","0","1","0.0","0.0","0.0"
"21320692","98758","947","544731","2511","2019-11-30 16:41:25 UTC","38000","236655","false","1","0","0","0","1","0","0","38000","0","0","1","0.0","0.0","0.0"
"21320699","84385","12867","423071","2828","2019-11-30 16:20:16 UTC","102500","735259","false","1","0","0","0","1","0","0","102500","0","0","1","0.0","0.0","0.0"
"21320721","44927","21768","530034","3859","2019-11-30 15:22:22 UTC","101800","357277","true","1","0","0","0","6","0","0","85833","0","0","11","0.0","0.0","1.0"
"21320711","48752","44075","606282","1995","2019-11-30 15:47:08 UTC","24800","493084","false","1","0","0","0","1","0","0","24800","0","0","4","0.0","0.0","0.0"
"21320716","63113","75316","498453","7272","2019-11-30 15:42:40 UTC","20100","351158","false","1","0","0","0","1","0","0","20100","0","0","2","0.0","0.0","0.0"
"21320724","97967","69137","550209","1390","2019-11-30 15:10:13 UTC","29500","295304","false","1","0","0","0","1","0","0","29500","0","0","5","0.0","0.0","0.0"
"21320729","44927","21768","530034","3859","2019-11-30 15:02:01 UTC","96300","357277","true","1","0","0","0","6","0","0","85833","0","0","11","0.0","0.0","1.0"
"21320737","65760","53385","550209","6420","2019-11-30 14:46:02 UTC","33300","828648","false","1","0","0","0","1","0","0","33300","0","0","2","0.0","0.0","0.0"
"21320744","23457","9925","523425","7308","2019-11-30 14:32:32 UTC","56500","","false","1","0","0","0","1","0","0","56500","0","0","1","0.0","0.0","0.0"
"21320748","94544","59902","230650","9441","2019-11-30 14:19:30 UTC","192800","","false","1","0","0","0","2","0","0","138950","0","0","3","0.0","0.0","0.0"
"21320757","7265","23970","606282","2853","2019-11-30 14:00:11 UTC","33300","844305","false","1","0","0","0","2","0","0","97600","0","0","3","0.0","0.0","0.0"
"21320767","72057","28518","415275","5134","2019-11-30 13:17:37 UTC","70000","310277","false","1","0","0","0","2","0","0","238350","0","0","2","0.0","0.0","0.0"
"21320968","88949","3664","453211","9123","2019-11-29 17:42:12 UTC","329300","294954","false","0","0","0","0","1","0","0","329300","0","0","1","0.0","0.0","0.0"
"21320973","92301","14859","415274","3123","2019-11-29 17:37:45 UTC","19300","778576","false","0","0","0","0","1","0","0","19300","0","0","1","0.0","0.0","0.0"
"21320983","80160","29573","458919","6870","2019-11-29 17:13:58 UTC","19300","","false","0","0","0","0","1","0","0","19300","0","0","2","0.0","0.0","0.0"
"21320989","98040","74744","459314","5195","2019-11-29 16:58:26 UTC","192800","339410","false","0","0","0","0","1","0","0","192800","0","0","1","0.0","0.0","0.0"
"21320997","6112","31622","553450","3020","2019-11-29 16:38:52 UTC","47300","637987","false","0","0","0","0","1","0","0","47300","2","3","7","0.0","0.0","0.0"
"21320956","31960","87094","515787","7234","2019-11-29 18:06:24 UTC","22300","698810","false","0","0","0","0","1","0","0","22300","0","2","8","0.0","0.0","0.0"
"21322552","17304","31561","651653","2797","2019-11-21 17:49:45 UTC","246300","199663","false","0","0","0","0","3","0","0","352033","0","0","4","0.0","0.0","0.0"
"21320780","51350","34342","407303","1391","2019-11-30 12:14:24 UTC","33100","792696","false","1","0","0","0","1","0","0","33100","0","0","1","0.0","0.0","0.0"
"21320787","88540","53577","544315","2119","2019-11-30 10:59:25 UTC","34800","","false","1","0","0","0","1","0","0","34800","0","0","2","0.0","0.0","0.0"
"21320797","8576","92415","470598","6260","2019-11-30 02:42:36 UTC","14300","409413","false","1","1","0","0","1","0","0","14300","0","0","1","0.0","0.0","0.0"
"21320796","93520","77959","432957","7262","2019-11-30 02:48:47 UTC","200","589318","false","1","1","0","0","7","0","0","200","0","0","5","0.0","0.0","0.0"
"21320806","60884","18174","498442","3499","2019-11-30 01:30:03 UTC","12900","","false","1","1","0","0","1","0","0","12900","0","0","3","0.0","0.0","0.0"
"21320815","49542","7161","432958","9020","2019-11-30 00:43:24 UTC","16400","438736","false","1","1","0","0","1","0","0","16400","0","0","1","0.0","0.0","0.0"
"21320822","42760","13772","523421","7734","2019-11-30 00:16:12 UTC","55400","357746","false","1","1","0","0","1","0","0","55400","0","0","1","0.0","0.0","0.0"
"21320828","29140","75310","441120","2728","2019-11-30 00:08:02 UTC","23000","","false","1","1","0","0","1","0","0","23000","0","0","2","0.0","0.0","0.0"
"21320835","44529","42447","550209","1865","2019-11-29 23:59:34 UTC","4000","252885","false","0","0","0","0","1","0","0","4000","0","0","3","0.0","0.0","0.0"
"21320842","38455","19335","530994","7121","2019-11-29 23:30:16 UTC","13600","492346","false","0","0","0","0","1","0","0","13600","0","0","1","0.0","0.0","0.0"
"21320850","42075","45949","650516","6152","2019-11-29 23:07:47 UTC","143100","727228","false","0","0","0","0","1","0","0","143100","0","0","1","0.0","0.0","0.0"
"21322558","1746","41771","655000","3698","2019-11-21 17:21:36 UTC","279800","","false","0","0","0","0","1","0","0","279800","0","0","1","0.0","0.0","0.0"
"21320856","59287","17211","498423","8155","2019-11-29 22:37:33 UTC","18700","","false","0","0","0","0","1","0","0","18700","0","0","1","0.0","0.0","0.0"
"21320864","38901","7281","546452","4480","2019-11-29 22:06:23 UTC","28600","708348","false","0","0","0","0","4","0","0","17000","0","0","4","0.0","0.0","0.25"
"21320866","38901","7281","554463","2136","2019-11-29 21:53:48 UTC","33400","708348","true","0","0","0","0","4","0","0","17000","0","0","4","0.0","0.0","0.25"
"21320875","62818","95241","523421","5207","2019-11-29 21:22:11 UTC","235600","905236","false","0","0","0","0","1","0","0","235600","0","0","1","0.0","0.0","0.0"
"21320885","97291","27779","606282","8620","2019-11-29 20:55:28 UTC","253200","","true","0","0","0","0","2","0","0","192950","0","0","7","0.0","0.0","0.57143"
"21320890","83636","29529","550209","9250","2019-11-29 20:43:29 UTC","2400","648351","false","0","0","0","0","1","0","0","2400","0","0","1","0.0","0.0","0.0"
"21320896","35601","54339","548514","8140","2019-11-29 20:17:28 UTC","27200","457921","false","0","0","0","0","1","0","0","27200","0","0","4","0.0","0.0","0.0"
"21320903","68380","13001","512707","6186","2019-11-29 20:07:38 UTC","50100","715437","false","0","0","0","0","4","0","0","13275","0","0","4","0.0","0.0","0.0"
"21320910","79123","96594","527497","9990","2019-11-29 19:57:17 UTC","17800","871607","false","0","0","0","0","1","0","0","17800","0","0","2","0.0","0.0","0.0"
"21320918","18007","5398","553636","3080","2019-11-29 19:30:36 UTC","57400","","false","0","0","0","0","1","0","0","57400","0","0","1","0.0","0.0","0.0"
"21320925","15503","83990","523421","7897","2019-11-29 19:16:29 UTC","5900","727361","false","0","0","0","0","1","0","0","5900","0","0","1","0.0","0.0","0.0"
"21322564","16793","89902","498408","1185","2019-11-21 16:42:18 UTC","299100","864783","false","0","0","0","0","1","0","0","299100","0","0","4","0.0","0.0","0.0"
"21320931","17275","11750","453211","8822","2019-11-29 19:02:16 UTC","52800","342890","true","0","0","0","0","31","0","0","57412","0","0","30","0.0","0.0","0.73333"
"21320938","51744","11234","407505","6457","2019-11-29 18:44:27 UTC","133500","","false","0","0","0","0","1","0","0","133500","0","0","1","0.0","0.0","0.0"
"21320944","68151","92131","515117","9276","2019-11-29 18:34:32 UTC","44700","630110","false","0","0","0","0","1","0","0","44700","0","0","1","0.0","0.0","0.0"
"21320949","22605","40499","544731","3609","2019-11-29 18:25:16 UTC","28900","669771","false","0","0","0","0","1","0","0","28900","0","0","4","0.0","0.0","0.0"
"21321011","17275","7695","453211","6587","2019-11-29 16:16:49 UTC","49500","223682","true","0","0","0","0","7","0","0","60742","0","0","30","0.0","0.0","0.73333"
"21321014","44822","34904","524703","2853","2019-11-29 16:12:57 UTC","79800","435978","false","0","0","0","0","1","0","0","79800","0","0","2","0.0","0.0","0.0"
"21320964","22533","49071","453211","3090","2019-11-29 17:48:37 UTC","55800","169848","false","0","0","0","0","1","0","0","55800","0","0","6","0.0","0.0","0.0"
"21321018","38755","6761","552693","2902","2019-11-29 16:07:16 UTC","85100","738394","true","0","0","0","0","3","0","0","106200","0","0","5","0.0","0.0","0.6"
"21321028","80155","88553","410863","7755","2019-11-29 15:33:58 UTC","25400","27250","false","0","0","0","0","4","0","0","24250","0","0","4","0.0","0.0","0.0"
"21321036","29214","95684","421958","7284","2019-11-29 15:17:57 UTC","57200","841791","false","0","0","0","0","1","0","0","57200","0","0","10","0.0","0.0","0.9"
"21321043","18768","68191","606282","2241","2019-11-29 15:00:18 UTC","276100","556236","true","0","0","0","0","1","0","0","276100","0","0","1","0.0","0.0","1.0"
"21321050","921","49135","650507","8500","2019-11-29 14:38:48 UTC","25300","27884","false","0","0","0","0","1","0","0","25300","0","0","2","0.0","0.0","0.0"
"21321056","43816","63096","550209","4452","2019-11-29 14:26:13 UTC","207600","","false","0","0","0","0","2","0","0","175150","0","0","2","0.0","0.0","0.0"
"21321063","91446","86094","506775","90","2019-11-29 14:05:53 UTC","127700","334632","false","0","0","0","0","1","0","0","127700","0","0","9","0.0","0.0","0.33333"
"21321070","52663","27854","444054","5266","2019-11-29 13:42:03 UTC","26000","915825","false","0","0","0","0","1","0","0","26000","0","0","8","0.0","0.0","0.0"
"21321078","41032","18205","498449","5130","2019-11-29 13:28:00 UTC","155400","747405","false","0","0","0","1","4","0","46200","72325","0","0","1","0.0","0.0","0.0"
"21323235","17163","71077","404024","1170","2019-11-10 17:06:55 UTC","33500","","false","1","0","0","0","1","0","0","33500","0","1","1","0.0","0.0","0.0"
"21321088","72057","28518","415275","5134","2019-11-29 13:02:57 UTC","406700","310277","false","0","0","0","0","2","0","0","238350","0","0","2","0.0","0.0","0.0"
"21321086","38901","7281","516376","7567","2019-11-29 13:08:17 UTC","1000","708348","false","0","0","0","0","4","0","0","17000","0","0","4","0.0","0.0","0.25"
"21321096","95105","79636","550209","7051","2019-11-29 12:20:19 UTC","33200","457075","false","0","0","0","0","1","0","0","33200","0","0","1","0.0","0.0","0.0"
"21321104","39528","66201","515590","7778","2019-11-29 11:48:03 UTC","42100","954824","false","0","0","0","0","1","0","0","42100","0","0","5","0.0","0.0","0.0"
"21321092","14518","4750","511781","2326","2019-11-29 12:44:32 UTC","1200","330338","false","0","0","0","0","1","0","0","1200","0","0","1","0.0","0.0","0.0"
"21321116","32384","54947","458919","5898","2019-11-29 09:48:43 UTC","47100","","false","0","0","0","0","1","0","0","47100","0","0","2","0.0","0.0","0.0"
"21321124","89407","30381","428267","9045","2019-11-29 03:12:13 UTC","50300","306150","false","0","1","0","0","1","0","0","50300","0","0","1","0.0","0.0","0.0"
"21321137","79381","30270","485464","2014","2019-11-29 01:21:34 UTC","1500","","false","0","1","0","0","1","0","0","1500","0","0","1","0.0","0.0","0.0"
"21321139","81291","45693","526326","4672","2019-11-29 01:14:48 UTC","95500","32421","false","0","1","0","0","1","0","0","95500","0","0","1","0.0","0.0","0.0"
"21321140","88417","34479","544891","6463","2019-11-29 01:13:08 UTC","32800","262140","false","0","1","0","0","1","0","0","32800","0","0","1","0.0","0.0","0.0"
"21321152","4153","83258","485464","3595","2019-11-29 00:09:35 UTC","34500","304880","true","0","1","0","0","3","0","0","106766","0","0","6","0.0","0.0","0.83333"
"21322571","52496","70633","516292","9615","2019-11-21 16:19:26 UTC","32100","454663","false","0","0","0","0","1","0","0","32100","0","0","3","0.0","0.0","0.0"
"21321206","73271","81164","516292","8508","2019-11-28 21:33:42 UTC","68500","835213","true","0","0","0","0","2","0","0","161950","0","0","10","0.0","0.0","1.0"
"21321166","35610","35907","482425","6129","2019-11-28 23:37:10 UTC","34600","808506","false","0","0","0","0","2","0","0","31400","0","1","2","0.0","0.0","0.0"
"21321172","61353","7928","428269","4012","2019-11-28 23:25:54 UTC","111100","754723","false","0","0","0","0","1","0","0","111100","0","0","1","0.0","0.0","0.0"
"21321178","79362","97622","534513","8973","2019-11-28 23:05:28 UTC","221400","351253","false","0","0","0","0","1","0","0","221400","0","0","1","0.0","0.0","0.0"
"21321187","51575","30198","550209","3805","2019-11-28 22:30:28 UTC","2500","444276","false","0","0","0","0","1","0","0","2500","0","0","3","0.0","0.0","0.0"
"21321194","28265","92604","655003","1434","2019-11-28 22:01:54 UTC","44900","739824","false","0","0","0","0","1","0","0","44900","0","0","1","0.0","0.0","0.0"
"21321202","7246","8535","523421","3853","2019-11-28 21:41:26 UTC","17700","865504","false","0","0","0","0","1","0","0","17700","0","0","5","0.0","0.0","0.0"
"21321209","78654","94895","539039","5290","2019-11-28 21:29:48 UTC","37800","635203","false","0","0","0","0","1","0","0","37800","0","0","2","0.0","0.0","0.0"
"21321215","46609","9853","441524","2262","2019-11-28 21:11:21 UTC","56700","686249","true","0","0","0","0","9","0","0","12844","0","0","2","0.0","0.0","1.0"
"21321226","18267","96025","406655","4332","2019-11-28 20:34:54 UTC","208100","438940","true","0","0","0","0","14","0","0","215657","0","0","7","0.0","0.0","0.85714"
"21321230","4242","5288","498406","6435","2019-11-28 20:31:35 UTC","36500","983648","false","0","0","0","0","2","0","0","23200","0","0","2","0.0","0.0","0.0"
"21322577","28639","20078","480632","5919","2019-11-21 15:50:55 UTC","283800","139504","false","0","0","0","0","1","0","0","283800","0","0","1","0.0","0.0","0.0"
"21321258","18267","79054","406655","2259","2019-11-28 19:45:40 UTC","206300","101848","true","0","0","0","0","17","0","0","208764","0","0","7","0.0","0.0","0.85714"
"21321243","33952","51512","516292","7405","2019-11-28 20:10:32 UTC","28000","389308","false","0","0","0","0","1","0","0","28000","0","0","1","0.0","0.0","0.0"
"21321280","18675","82361","511781","4914","2019-11-28 18:48:06 UTC","100","521096","false","0","0","0","0","2","0","0","100","0","0","3","0.0","0.0","0.0"
"21321257","64859","72210","530994","8840","2019-11-28 19:49:00 UTC","6000","860571","false","0","0","0","0","1","0","0","6000","0","0","1","0.0","0.0","0.0"
"21321309","98272","79054","406655","6628","2019-11-28 17:45:11 UTC","117500","101848","true","0","0","0","0","17","0","0","208764","0","0","5","0.0","0.0","0.6"
"21321306","99083","36730","455183","2309","2019-11-28 17:58:22 UTC","8800","343527","false","0","0","0","0","1","0","0","8800","0","0","1","0.0","0.0","0.0"
"21323241","84985","37183","655001","3263","2019-11-10 16:36:11 UTC","156100","","false","1","0","0","0","1","0","0","156100","0","1","2","0.0","0.0","0.0"
"21321276","92464","46064","421958","200","2019-11-28 19:00:23 UTC","257700","926519","false","0","0","0","0","1","0","0","257700","0","0","1","0.0","0.0","0.0"
"21321284","15187","20101","470598","4947","2019-11-28 18:41:27 UTC","2000","328873","false","0","0","0","0","1","0","0","2000","0","0","1","0.0","0.0","0.0"
"21321295","7246","50672","515590","5812","2019-11-28 18:11:33 UTC","32500","","false","0","0","0","0","2","0","0","28300","0","0","5","0.0","0.0","0.0"
"21321238","36411","20052","515590","3840","2019-11-28 20:14:25 UTC","106500","424321","false","0","0","0","0","1","0","0","106500","1","2","6","0.0","0.0","0.0"
"21321382","29214","71424","490172","9947","2019-11-28 14:49:00 UTC","56900","453490","true","0","0","0","0","5","0","0","59280","0","0","10","0.0","0.0","0.9"
"21321313","62486","87340","482425","8112","2019-11-28 17:42:02 UTC","1100","376287","false","0","0","0","0","2","0","0","49700","0","0","2","0.0","0.0","0.0"
"21321326","56451","85565","544731","4719","2019-11-28 17:20:11 UTC","95200","","false","0","0","0","0","2","0","0","95750","0","0","5","0.0","0.0","0.0"
"21321332","18381","71122","410863","7365","2019-11-28 17:09:38 UTC","12300","918398","false","0","0","0","0","1","0","0","12300","0","0","1","0.0","0.0","0.0"
"21321338","77434","90074","550209","3079","2019-11-28 16:43:59 UTC","29500","927827","false","0","0","0","0","1","0","0","29500","0","0","1","0.0","0.0","0.0"
"21321348","32895","57800","415944","3649","2019-11-28 16:11:44 UTC","69900","261400","false","0","0","0","0","1","0","0","69900","0","0","3","0.0","0.0","0.0"
"21321345","78660","77959","432957","7262","2019-11-28 16:24:08 UTC","200","589318","false","0","0","0","0","7","0","0","200","0","0","2","0.0","0.0","0.0"
"21321364","14646","46813","482425","7128","2019-11-28 15:34:42 UTC","45400","","false","0","0","0","0","2","0","0","44400","0","2","4","0.0","0.0","0.0"
"21321367","74770","31333","650485","2904","2019-11-28 15:19:13 UTC","31800","995948","false","0","0","0","0","1","0","0","31800","0","0","2","0.0","0.0","0.0"
"21321374","21560","56410","552693","1098","2019-11-28 15:00:22 UTC","123400","45157","false","0","0","0","0","1","0","0","123400","0","0","1","0.0","0.0","0.0"
"21321381","5364","4277","499818","7616","2019-11-28 14:51:41 UTC","42300","469562","false","0","0","0","0","1","0","0","42300","0","0","1","0.0","0.0","0.0"
"21322585","7594","65703","544731","1681","2019-11-21 15:01:31 UTC","75600","96855","false","0","0","0","0","1","0","0","75600","0","1","3","0.0","0.0","0.0"
"21321589","43938","9116","544731","8809","2019-11-26 15:47:14 UTC","208500","417650","false","0","0","0","0","1","0","0","208500","0","0","4","0.0","0.0","0.0"
"21321595","6189","75682","606282","4300","2019-11-26 15:26:21 UTC","35200","506185","false","0","0","0","0","1","0","0","35200","0","0","1","0.0","0.0","0.0"
"21321603","36324","38289","527495","8250","2019-11-26 14:41:38 UTC","35500","617942","false","0","0","0","0","1","0","0","35500","0","0","2","0.0","0.0","0.0"
"21321610","90035","85612","412177","1138","2019-11-26 14:11:59 UTC","55600","653105","true","0","0","0","0","1","0","0","55600","0","2","7","0.0","0.0","0.14286"
"21321396","13772","50407","409603","2679","2019-11-28 13:52:27 UTC","26100","312720","false","0","0","0","0","1","0","0","26100","0","0","8","0.0","0.0","0.0"
"21321401","71256","73734","528392","5133","2019-11-28 13:44:48 UTC","18400","181596","false","0","0","0","0","1","0","0","18400","0","0","1","0.0","0.0","0.0"
"21321410","90535","12239","527497","5150","2019-11-28 13:17:48 UTC","31100","907670","false","0","0","0","0","1","0","0","31100","0","0","1","0.0","0.0","0.0"
"21321417","69584","49545","230650","8995","2019-11-28 12:21:16 UTC","97300","","false","0","0","0","0","1","0","0","97300","0","0","1","0.0","0.0","0.0"
"21321422","73527","12315","410749","7375","2019-11-28 11:31:27 UTC","74900","","false","0","0","0","0","1","0","0","74900","0","0","1","0.0","0.0","0.0"
"21321455","42356","11065","498408","4290","2019-11-27 22:11:06 UTC","30600","698520","true","0","0","0","0","4","0","0","60625","0","0","12","0.0","0.0","0.66667"
"21321423","61529","25385","512267","3121","2019-11-28 11:27:22 UTC","407000","498185","false","0","0","0","0","2","0","0","405650","0","0","2","0.0","0.0","0.0"
"21321442","97142","26913","410863","5959","2019-11-28 00:11:18 UTC","11200","","false","0","1","0","0","2","0","0","14650","0","0","2","0.0","0.0","0.0"
"21321451","57939","71234","650531","3181","2019-11-27 22:37:13 UTC","38600","","false","0","0","0","0","1","0","0","38600","0","0","1","0.0","0.0","0.0"
"21321461","981","23733","406669","8780","2019-11-27 20:37:42 UTC","39300","","false","0","0","0","0","1","0","0","39300","0","0","2","0.0","0.0","0.0"
"21322592","23781","96832","485464","2470","2019-11-21 14:35:12 UTC","51400","","false","0","0","0","0","1","0","0","51400","0","0","3","0.0","0.0","0.0"
"21321463","99510","56877","421749","4819","2019-11-27 20:15:49 UTC","55800","866529","false","0","0","0","0","9","0","0","77022","0","0","12","0.0","0.0","0.58333"
"21321469","72204","39396","485464","5298","2019-11-27 19:51:07 UTC","186300","720668","false","0","0","0","0","2","0","0","143650","0","0","2","0.0","0.0","0.0"
"21321479","15064","60321","543882","8833","2019-11-27 17:52:11 UTC","304900","278637","false","0","0","0","0","1","0","0","304900","0","0","4","0.0","0.0","0.0"
"21321488","89453","99173","415944","7825","2019-11-27 17:01:07 UTC","46000","149223","false","0","0","0","0","1","0","0","46000","0","0","1","0.0","0.0","0.0"
"21321485","4705","91637","515590","8688","2019-11-27 17:32:06 UTC","66300","563499","false","0","0","0","0","22","0","0","78763","0","0","22","0.0","0.0","0.86364"
"21321498","55156","42284","651653","4731","2019-11-27 15:20:50 UTC","26900","414689","false","0","0","0","0","1","0","0","26900","0","0","1","0.0","0.0","0.0"
"21321503","55854","53850","527468","1757","2019-11-27 14:49:52 UTC","47100","20098","true","0","0","0","0","3","0","0","40666","0","0","11","0.0","0.0","0.81818"
"21321511","23781","59053","485464","6111","2019-11-27 12:36:06 UTC","44300","744227","false","0","0","0","0","1","0","0","44300","0","0","3","0.0","0.0","0.0"
"21321517","99730","16657","550209","4156","2019-11-27 01:24:01 UTC","22400","965552","false","0","1","0","0","2","0","0","20400","0","0","3","0.0","0.0","0.0"
"21321523","65","700","421844","5001","2019-11-27 00:19:20 UTC","34500","143605","false","0","1","0","0","1","0","0","34500","0","0","1","0.0","0.0","0.0"
"21321531","82442","15131","548724","6437","2019-11-26 23:03:53 UTC","45600","362592","false","0","0","0","0","1","0","0","45600","0","0","1","0.0","0.0","0.0"
"21323248","36411","56092","422061","9604","2019-11-10 14:38:34 UTC","70200","","false","1","0","0","0","1","0","0","70200","1","2","6","0.0","0.0","0.0"
"21321574","17275","11750","453211","4180","2019-11-26 16:28:37 UTC","54600","542535","true","0","0","0","0","31","0","0","57412","0","0","30","0.0","0.0","0.73333"
"21321546","67075","89064","506778","7321","2019-11-26 20:33:48 UTC","181700","674387","true","0","0","0","0","1","0","0","181700","0","0","1","0.0","0.0","1.0"
"21321553","12745","12756","553636","4689","2019-11-26 19:19:35 UTC","392300","917759","true","0","0","0","0","1","0","0","392300","0","0","2","0.0","0.0","0.5"
"21321560","29661","18277","516292","2861","2019-11-26 17:49:48 UTC","222200","435821","false","0","0","0","0","1","0","0","222200","0","0","1","0.0","0.0","0.0"
"21321568","22605","80308","467148","5502","2019-11-26 17:14:13 UTC","8000","399073","false","0","0","0","0","1","0","0","8000","0","0","4","0.0","0.0","0.0"
"21321571","11202","88625","427167","6030","2019-11-26 17:04:23 UTC","8000","917833","false","0","0","0","0","2","0","0","8000","0","0","2","0.0","0.0","0.0"
"21321581","67635","88713","552640","3729","2019-11-26 16:16:41 UTC","21700","854908","false","0","0","0","0","1","0","0","21700","0","0","2","0.0","0.0","0.0"
"21321616","91446","89615","444456","5431","2019-11-26 13:34:53 UTC","116800","333645","true","0","0","0","0","4","0","0","132075","0","0","9","0.0","0.0","0.33333"
"21321621","14427","52201","516292","9628","2019-11-26 13:09:03 UTC","195800","106815","false","0","0","0","0","1","0","0","195800","0","0","2","0.0","0.0","0.0"
"21321628","52663","2298","550209","2835","2019-11-26 11:47:47 UTC","29000","980755","false","0","0","0","0","1","0","0","29000","0","0","8","0.0","0.0","0.0"
"21321635","76881","69179","512682","4535","2019-11-26 01:27:14 UTC","1800","298605","false","0","1","0","0","1","0","0","1800","0","0","1","0.0","0.0","0.0"
"21321642","20263","67967","525496","8047","2019-11-25 23:48:24 UTC","228000","408663","false","0","0","0","0","1","0","0","228000","0","0","1","0.0","0.0","0.0"
"21321649","86777","72739","536518","1135","2019-11-25 21:29:08 UTC","155700","963801","false","0","0","0","0","1","0","0","155700","0","0","3","0.0","0.0","0.0"
"21321654","20663","83722","606282","5785","2019-11-25 18:53:51 UTC","51700","978084","false","0","0","0","0","6","0","0","67550","0","0","6","0.0","0.0","0.66667"
"21321687","59875","78262","553636","4313","2019-11-25 00:30:54 UTC","94300","547440","true","0","1","0","0","13","0","0","301453","0","0","3","0.0","0.0","1.0"
"21321667","68396","12525","483066","180","2019-11-25 15:27:28 UTC","32000","841662","false","0","0","0","0","1","0","0","32000","0","0","1","0.0","0.0","0.0"
"21321685","95339","2244","511477","5536","2019-11-25 01:55:44 UTC","16000","852794","false","0","1","0","0","1","0","0","16000","0","0","1","0.0","0.0","0.0"
"21321912","34464","33867","530994","5002","2019-11-23 17:16:23 UTC","341300","230059","false","1","0","0","0","1","0","0","341300","0","0","2","0.0","0.0","0.0"
"21322597","60121","22443","514945","5191","2019-11-21 14:04:21 UTC","112300","657301","false","0","0","0","0","1","0","0","112300","0","3","4","0.0","0.0","0.0"
"21321882","9363","67903","478308","3072","2019-11-23 18:13:30 UTC","30000","321795","false","1","0","0","0","2","0","0","38100","0","0","3","0.0","0.0","0.0"
"21321787","10213","95699","230650","1206","2019-11-23 21:34:03 UTC","30100","","false","1","0","0","0","1","0","0","30100","0","0","1","0.0","0.0","0.0"
"21321693","89808","78815","543882","4918","2019-11-24 22:50:15 UTC","22700","279149","false","1","0","0","0","1","0","0","22700","0","0","1","0.0","0.0","0.0"
"21321699","22918","63646","544731","1611","2019-11-24 21:57:09 UTC","13700","804022","false","1","0","0","0","1","0","0","13700","0","0","2","0.0","0.0","0.0"
"21321706","83590","77001","491412","3112","2019-11-24 21:38:02 UTC","149300","561139","false","1","0","0","0","1","0","0","149300","0","0","1","0.0","0.0","0.0"
"21321715","79266","5537","456137","9539","2019-11-24 21:08:12 UTC","400800","347138","false","1","0","0","0","2","0","0","400700","0","0","2","0.0","0.0","0.0"
"21321720","51319","39540","459316","6564","2019-11-24 20:54:53 UTC","12000","424023","false","1","0","0","0","1","0","0","12000","0","0","2","0.0","0.0","0.0"
"21321725","89525","17500","523421","5595","2019-11-24 20:43:36 UTC","8000","264739","false","1","0","0","0","1","0","0","8000","0","0","1","0.0","0.0","0.0"
"21321736","35140","54926","549167","3224","2019-11-24 01:01:13 UTC","26800","584998","false","1","1","0","0","1","0","0","26800","0","0","4","0.0","0.0","0.0"
"21321691","65330","78262","553636","4313","2019-11-24 23:02:24 UTC","407600","547440","true","1","0","0","0","13","0","0","301453","0","0","10","0.0","0.0","0.8"
"21321747","37931","72254","459077","1766","2019-11-24 00:00:48 UTC","7000","916036","false","1","1","0","0","1","0","0","7000","0","0","1","0.0","0.0","0.0"
"21321756","98542","67505","458919","2866","2019-11-23 23:48:25 UTC","18700","","false","1","0","0","0","1","0","0","18700","0","0","4","0.0","0.0","0.0"
"21321761","49205","77787","526863","7128","2019-11-23 23:36:38 UTC","33900","277486","false","1","0","0","0","1","0","0","33900","2","7","68","0.0","0.0","0.0"
"21322609","51615","46976","552693","7240","2019-11-21 03:21:45 UTC","1000","","false","0","1","0","0","1","0","0","1000","0","0","1","0.0","0.0","0.0"
"21321769","51133","43116","472280","8275","2019-11-23 22:47:29 UTC","19600","","false","1","0","0","0","1","0","0","19600","0","0","1","0.0","0.0","0.0"
"21321777","9956","32635","516292","3956","2019-11-23 22:06:05 UTC","27200","599124","false","1","0","0","0","1","0","0","27200","0","0","1","0.0","0.0","0.0"
"21321783","50004","83599","553636","4171","2019-11-23 21:57:07 UTC","23000","910247","false","1","0","0","0","1","0","0","23000","0","0","1","0.0","0.0","0.0"
"21321795","6880","86733","512682","5968","2019-11-23 21:16:06 UTC","8500","268193","false","1","0","0","0","1","0","0","8500","0","0","2","0.0","0.0","0.0"
"21321804","17218","91896","525631","5710","2019-11-23 20:41:11 UTC","33400","211776","false","1","0","0","0","1","0","0","33400","0","0","1","0.0","0.0","0.0"
"21321809","88862","98739","606282","2118","2019-11-23 20:28:07 UTC","16900","422057","false","1","0","0","0","2","0","0","17350","0","0","4","0.0","0.0","0.0"
"21321815","10554","89969","539091","5935","2019-11-23 20:21:39 UTC","8900","966525","false","1","0","0","0","1","0","0","8900","0","0","2","0.0","0.0","0.0"
"21321825","97967","39816","544731","6220","2019-11-23 20:01:47 UTC","6000","867756","false","1","0","0","0","1","0","0","6000","0","0","5","0.0","0.0","0.0"
"21321832","38302","54460","528392","3619","2019-11-23 19:50:03 UTC","36900","","false","1","0","0","0","1","0","0","36900","0","0","1","0.0","0.0","0.0"
"21321834","1175","96976","412177","2190","2019-11-23 19:45:42 UTC","45600","500595","true","1","0","0","0","1","0","0","45600","0","0","1","0.0","0.0","1.0"
"21322615","12663","74713","552289","8929","2019-11-21 01:06:02 UTC","53100","10906","false","0","1","0","0","1","0","0","53100","0","0","2","0.0","0.0","0.0"
"21321844","5557","78221","444456","3467","2019-11-23 19:21:58 UTC","9100","442411","false","1","0","0","0","1","0","0","9100","0","0","2","0.0","0.0","0.0"
"21321851","42178","73848","548262","7035","2019-11-23 19:16:52 UTC","61800","924915","false","1","0","0","0","1","0","0","61800","0","0","15","0.0","0.0","0.0"
"21321859","42476","12431","422200","8009","2019-11-23 19:03:04 UTC","107500","432655","false","1","0","0","0","1","0","0","107500","0","0","1","0.0","0.0","0.0"
"21321863","22324","80432","520405","1218","2019-11-23 18:58:33 UTC","18200","290539","false","1","0","0","0","2","0","0","22000","0","0","2","0.0","0.0","0.0"
"21321873","15718","99863","516292","4125","2019-11-23 18:36:15 UTC","46600","223648","false","1","0","0","0","1","0","0","46600","0","0","1","0.0","0.0","0.0"
"21321891","78836","36654","553636","6334","2019-11-23 17:57:07 UTC","332900","","false","1","0","0","0","1","0","0","332900","0","0","1","0.0","0.0","0.0"
"21321899","81229","5130","550209","1516","2019-11-23 17:42:32 UTC","26400","33573","false","1","0","0","0","1","0","0","26400","0","0","4","0.0","0.0","0.0"
"21322629","35512","79852","464127","3387","2019-11-20 21:04:33 UTC","285200","346702","false","0","0","0","0","1","0","0","285200","0","0","1","0.0","0.0","0.0"
"21321906","80749","34305","526863","8996","2019-11-23 17:28:07 UTC","28700","608588","false","1","0","0","0","1","0","0","28700","0","0","3","0.0","0.0","0.0"
"21321974","43076","4798","506775","1446","2019-11-23 14:38:21 UTC","23500","837884","false","1","0","0","0","2","0","0","24350","0","0","2","0.0","0.0","0.0"
"21321927","15014","16241","550209","9610","2019-11-23 16:42:30 UTC","33100","354701","false","1","0","0","0","1","0","0","33100","0","0","1","0.0","0.0","0.0"
"21321934","22777","70906","542820","3950","2019-11-23 16:26:56 UTC","14500","101449","false","1","0","0","0","1","0","0","14500","0","0","1","0.0","0.0","0.0"
"21321940","54959","85610","550209","1327","2019-11-23 16:12:34 UTC","22200","104616","false","1","0","0","0","1","0","0","22200","0","0","1","0.0","0.0","0.0"
"21321878","26765","12070","545368","9634","2019-11-23 18:18:43 UTC","44500","","false","1","0","0","0","1","0","0","44500","0","4","17","0.0","0.0","0.0"
"21321947","81711","80501","410749","2791","2019-11-23 15:55:40 UTC","35500","251591","false","1","0","0","0","1","0","0","35500","0","0","1","0.0","0.0","0.0"
"21321954","39340","3649","650485","1900","2019-11-23 15:28:52 UTC","91900","768168","false","1","0","0","0","1","0","0","91900","0","0","2","0.0","0.0","0.0"
"21321961","88164","31753","515894","1966","2019-11-23 15:09:24 UTC","43100","565452","false","1","0","0","0","1","0","0","43100","0","0","1","0.0","0.0","0.0"
"21321967","40046","48606","406669","1027","2019-11-23 14:53:04 UTC","42500","","false","1","0","0","0","1","0","0","42500","0","0","2","0.0","0.0","0.0"
"21321975","93050","49121","528392","3157","2019-11-23 14:34:08 UTC","25300","305347","false","1","0","0","0","2","0","0","23750","0","0","3","0.0","0.0","0.0"
"21321984","98913","49150","410863","6720","2019-11-23 14:14:40 UTC","43400","779241","false","1","0","0","0","2","0","0","41550","0","0","4","0.0","0.0","0.0"
"21321990","99379","87132","498554","2850","2019-11-23 14:08:38 UTC","23500","474101","false","1","0","0","0","1","0","0","23500","0","0","11","0.0","0.0","0.0"
"21322038","68380","13001","650901","4108","2019-11-23 11:49:06 UTC","1000","715437","false","1","0","0","0","4","0","0","13275","0","0","4","0.0","0.0","0.0"
"21322002","46008","74637","535081","9137","2019-11-23 13:44:13 UTC","151200","552339","false","1","0","0","0","1","0","0","151200","0","0","1","0.0","0.0","0.0"
"21322009","82589","33155","404024","8335","2019-11-23 13:28:13 UTC","20500","339377","false","1","0","0","0","1","0","0","20500","0","0","4","0.0","0.0","0.0"
"21322017","86725","62550","535016","3339","2019-11-23 13:03:01 UTC","26600","399120","false","1","0","0","0","1","0","0","26600","0","0","1","0.0","0.0","0.0"
"21322026","16433","57220","550209","3916","2019-11-23 12:25:20 UTC","25300","554059","false","1","0","0","0","1","0","0","25300","0","0","1","0.0","0.0","0.0"
"21322029","72341","99663","515590","1247","2019-11-23 12:10:49 UTC","106400","285980","false","1","0","0","0","1","0","0","106400","0","0","1","0.0","0.0","0.0"
"21322037","13767","12779","550209","7548","2019-11-23 11:49:29 UTC","16500","40479","false","1","0","0","0","1","0","0","16500","0","0","4","0.0","0.0","0.0"
"21322046","67952","35422","650531","9936","2019-11-23 09:54:23 UTC","23200","33168","false","1","0","0","0","1","0","0","23200","0","0","6","0.0","0.0","0.0"
"21322052","47252","53254","459383","8200","2019-11-23 02:42:29 UTC","130700","163142","false","1","1","0","0","1","0","0","130700","0","0","2","0.0","0.0","0.0"
"21322058","15842","14499","550209","2980","2019-11-23 02:27:21 UTC","15400","954127","false","1","1","0","0","1","0","0","15400","0","1","4","0.0","0.0","0.0"
"21322064","39253","67519","406655","7191","2019-11-23 01:52:37 UTC","278200","262327","true","1","1","0","0","6","0","0","194650","0","0","6","0.0","0.0","0.66667"
"21322635","77557","48867","455183","9876","2019-11-20 18:56:51 UTC","94700","752882","false","0","0","0","0","1","0","0","94700","0","0","1","0.0","0.0","0.0"
"21322073","35917","41281","412177","1380","2019-11-23 01:23:41 UTC","190800","86170","true","1","1","0","0","1","0","0","190800","0","0","2","0.0","0.0","1.0"
"21322080","63050","47760","650485","5950","2019-11-23 00:36:40 UTC","500","257944","false","1","1","0","0","1","0","0","500","0","0","8","0.0","0.0","0.25"
"21322089","1613","77048","523421","4503","2019-11-22 23:50:22 UTC","500","148273","false","0","0","0","0","1","0","0","500","0","0","1","0.0","0.0","0.0"
"21322219","74505","72886","650485","9584","2019-11-22 18:45:59 UTC","138900","382865","false","0","0","0","0","1","0","0","138900","0","0","2","0.0","0.0","0.0"
"21322644","6280","17605","506727","5406","2019-11-20 16:58:46 UTC","91700","579629","false","0","0","0","0","1","0","0","91700","0","0","1","0.0","0.0","0.0"
"21322154","34433","17851","523421","7416","2019-11-22 20:54:06 UTC","57300","947511","false","0","0","0","0","1","0","0","57300","0","0","2","0.0","0.0","0.0"
"21322100","74433","46951","523284","5300","2019-11-22 23:12:54 UTC","20900","","false","0","0","0","0","1","0","0","20900","0","0","1","0.0","0.0","0.0"
"21322108","18390","50883","550209","5008","2019-11-22 22:45:57 UTC","125600","153337","false","0","0","0","0","1","0","0","125600","0","0","1","0.0","0.0","0.0"
"21322118","74453","78732","550209","6157","2019-11-22 22:30:26 UTC","8600","867173","false","0","0","0","0","1","0","0","8600","0","0","1","0.0","0.0","0.0"
"21322111","75917","17929","606282","5292","2019-11-22 22:43:08 UTC","409500","960729","true","0","0","0","0","6","0","0","363950","0","0","6","0.0","0.0","1.0"
"21322127","75917","17929","606282","4778","2019-11-22 22:13:42 UTC","405800","960729","true","0","0","0","0","6","0","0","363950","0","0","6","0.0","0.0","1.0"
"21322133","80072","74969","230650","9379","2019-11-22 21:45:48 UTC","23400","205691","false","0","0","0","0","1","0","0","23400","0","0","1","0.0","0.0","0.0"
"21322141","94514","11838","459315","3983","2019-11-22 21:23:15 UTC","129500","540490","false","0","0","0","0","1","0","0","129500","0","0","1","0.0","0.0","0.0"
"21322181","17275","7695","548293","9470","2019-11-22 20:02:58 UTC","60800","223682","false","0","0","0","0","7","0","0","60742","0","0","30","0.0","0.0","0.73333"
"21322210","26765","7811","406655","6106","2019-11-22 18:59:36 UTC","166500","402547","false","0","0","0","0","2","0","0","106250","0","4","17","0.0","0.0","0.0"
"21322161","50839","93080","544731","3051","2019-11-22 20:44:01 UTC","70000","174253","false","0","0","0","0","1","0","0","70000","0","0","1","0.0","0.0","0.0"
"21322168","61326","16603","516292","3230","2019-11-22 20:36:01 UTC","153400","347529","false","0","0","0","0","1","0","0","153400","0","0","1","0.0","0.0","0.0"
"21322174","85137","79932","516292","9804","2019-11-22 20:21:22 UTC","40200","168670","false","0","0","0","0","1","0","0","40200","0","0","3","0.0","0.0","0.0"
"21322183","41212","56855","458919","8511","2019-11-22 19:53:36 UTC","20500","110538","false","0","0","0","0","1","0","0","20500","0","0","1","0.0","0.0","0.0"
"21322197","56355","17394","548984","6768","2019-11-22 19:17:15 UTC","7000","179571","false","0","0","0","0","1","0","0","7000","0","0","1","0.0","0.0","0.0"
"21322204","50487","93618","550209","1562","2019-11-22 19:08:55 UTC","27800","","false","0","0","0","0","1","0","0","27800","0","0","1","0.0","0.0","0.0"
"21322228","74782","5892","536805","5792","2019-11-22 18:29:04 UTC","500","666760","false","0","0","0","0","1","0","0","500","0","0","1","0.0","0.0","0.0"
"21322211","27327","90088","523421","9631","2019-11-22 18:59:15 UTC","21500","171733","false","0","0","0","0","1","0","0","21500","0","0","1","0.0","0.0","0.0"
"21322232","36700","27657","549167","2904","2019-11-22 18:24:44 UTC","263500","707435","true","0","0","0","0","5","0","0","310940","0","0","6","0.0","0.0","0.83333"
"21322239","64433","31219","516230","4253","2019-11-22 18:02:45 UTC","3000","","false","0","0","0","0","1","0","0","3000","0","0","1","0.0","0.0","0.0"
"21322244","13772","19623","540593","5606","2019-11-22 17:57:15 UTC","21400","84513","false","0","0","0","0","1","0","0","21400","0","0","8","0.0","0.0","0.0"
"21322252","91707","60581","522499","2612","2019-11-22 17:45:38 UTC","3000","142003","false","0","0","0","0","1","0","0","3000","0","0","2","0.0","0.0","0.0"
"21322260","86032","42099","512267","1260","2019-11-22 17:29:43 UTC","144400","","false","0","0","0","0","1","0","0","144400","0","0","2","0.0","0.0","0.0"
"21322267","70211","24635","553636","6101","2019-11-22 17:10:31 UTC","72000","","false","0","0","0","0","1","0","0","72000","0","0","1","0.0","0.0","0.0"
"21322273","58816","68578","528052","5460","2019-11-22 17:00:48 UTC","122700","823875","false","0","0","0","0","1","0","0","122700","0","0","1","0.0","0.0","0.0"
"21322280","18675","92466","550209","6703","2019-11-22 16:47:24 UTC","1000","153799","false","0","0","0","0","1","0","0","1000","0","0","3","0.0","0.0","0.0"
"21322286","92365","90743","554612","1850","2019-11-22 16:34:07 UTC","46500","888484","false","0","0","0","0","1","0","0","46500","0","0","1","0.0","0.0","0.0"
"21322293","81550","97302","406669","2202","2019-11-22 16:18:21 UTC","29400","315880","false","0","0","0","0","1","0","0","29400","0","0","1","0.0","0.0","0.0"
"21322479","77802","22005","515590","9937","2019-11-21 21:37:44 UTC","118700","69852","false","0","0","0","0","1","0","0","118700","0","0","1","0.0","0.0","0.0"
"21322487","16584","49891","222763","3031","2019-11-21 21:04:06 UTC","192200","862812","false","0","0","0","0","1","0","0","192200","0","0","1","0.0","0.0","0.0"
"21322319","84548","33215","459316","6706","2019-11-22 15:27:44 UTC","23500","553176","false","0","0","0","0","1","0","0","23500","0","0","3","0.0","0.0","0.0"
"21322341","86853","31819","432032","4117","2019-11-22 14:40:28 UTC","1000","643219","false","0","0","0","0","4","0","0","73175","0","0","1","0.0","0.0","0.0"
"21322306","51676","18481","550209","1711","2019-11-22 15:53:28 UTC","500","55956","false","0","0","0","0","1","0","0","500","0","0","1","0.0","0.0","0.0"
"21322314","64311","2507","523284","5440","2019-11-22 15:40:33 UTC","68100","472700","false","0","0","0","0","1","0","0","68100","0","0","1","0.0","0.0","0.0"
"21322492","71507","65935","498407","6521","2019-11-21 20:55:42 UTC","82300","777035","true","0","0","0","0","3","0","0","38733","0","0","3","0.0","0.0","0.66667"
"21322501","42178","78697","514087","8031","2019-11-21 20:37:52 UTC","17700","608277","false","0","0","0","0","1","0","0","17700","0","0","15","0.0","0.0","0.0"
"21322403","8549","22391","550209","1333","2019-11-22 10:36:54 UTC","120300","851101","false","0","0","0","0","1","0","0","120300","0","0","3","0.0","0.0","0.0"
"21322328","90954","68081","553665","3939","2019-11-22 15:07:23 UTC","113900","730311","false","0","0","0","0","1","0","0","113900","0","0","1","0.0","0.0","0.0"
"21322332","7513","67226","526326","5835","2019-11-22 15:01:15 UTC","27000","944054","false","0","0","0","0","2","0","0","27150","0","0","2","0.0","0.0","0.0"
"21322344","49205","36538","516283","9922","2019-11-22 14:39:23 UTC","16300","461990","false","0","0","0","0","1","0","0","16300","2","7","68","0.0","0.0","0.0"
"21322351","84902","45031","531681","2003","2019-11-22 14:23:13 UTC","24900","873893","true","0","0","0","0","1","0","0","24900","0","0","1","0.0","0.0","1.0"
"21322355","96786","3457","496045","1380","2019-11-22 14:18:25 UTC","90100","826915","false","0","0","0","0","1","0","0","90100","0","0","1","0.0","0.0","0.0"
"21322363","88500","8653","432958","1018","2019-11-22 13:57:27 UTC","31500","894070","false","0","0","0","0","1","0","0","31500","0","0","4","0.0","0.0","0.0"
"21322370","65919","23864","498453","8888","2019-11-22 13:35:54 UTC","41500","","false","0","0","0","0","1","0","0","41500","0","0","4","0.0","0.0","0.0"
"21322649","40051","64478","453211","8353","2019-11-20 15:51:39 UTC","76700","300719","false","0","0","0","0","1","0","0","76700","0","0","3","0.0","0.0","0.0"
"21322376","42214","58059","606282","1376","2019-11-22 12:59:06 UTC","13600","328075","false","0","0","0","0","1","0","0","13600","0","0","1","0.0","0.0","0.0"
"21322383","4997","77144","485464","4755","2019-11-22 12:23:24 UTC","1200","420879","false","0","0","0","0","1","0","0","1200","0","0","2","0.0","0.0","0.0"
"21322392","19223","80111","514086","7016","2019-11-22 11:50:47 UTC","272700","914195","false","0","0","0","0","1","0","0","272700","0","0","1","0.0","0.0","0.0"
"21322398","97631","79908","453211","7454","2019-11-22 11:27:57 UTC","187900","","false","0","0","0","0","1","0","0","187900","0","0","2","0.0","0.0","0.0"
"21322510","63467","89492","516292","9411","2019-11-21 20:18:46 UTC","1000","181823","false","0","0","0","0","1","0","0","1000","0","0","2","0.0","0.0","0.0"
"21322515","94026","46257","553636","7589","2019-11-21 20:05:01 UTC","40700","728855","false","0","0","0","0","1","0","0","40700","0","0","2","0.0","0.0","0.0"
"21322539","82477","78414","400532","3966","2019-11-21 18:29:17 UTC","23000","607981","false","0","0","0","0","1","0","0","23000","0","0","2","0.0","0.0","0.0"
"21322410","78581","70808","432729","1205","2019-11-22 03:10:53 UTC","16900","","false","0","1","0","0","1","0","0","16900","0","0","1","0.0","0.0","0.0"
"21322423","39502","94607","530780","5145","2019-11-22 01:31:43 UTC","141100","491594","false","0","1","0","0","1","0","0","141100","0","0","1","0.0","0.0","0.0"
"21322427","4705","91637","415274","7114","2019-11-22 01:14:30 UTC","57700","563499","true","0","1","0","0","22","0","0","78763","0","0","22","0.0","0.0","0.86364"
"21322431","91881","39265","550209","8067","2019-11-22 00:49:02 UTC","9500","","false","0","1","0","0","1","0","0","9500","0","0","1","0.0","0.0","0.0"
"21322438","1017","19199","455181","8021","2019-11-22 00:12:21 UTC","1000","174041","true","0","1","0","0","1","0","0","1000","0","0","1","0.0","0.0","1.0"
"21322444","39360","77889","444456","5703","2019-11-21 23:53:14 UTC","71100","","false","0","0","0","0","1","0","0","71100","0","0","1","0.0","0.0","0.0"
"21322458","4705","91637","558763","7319","2019-11-21 23:08:42 UTC","56300","563499","true","0","0","0","0","22","0","0","78763","0","0","22","0.0","0.0","0.86364"
"21322462","23694","97094","485464","1690","2019-11-21 22:52:16 UTC","25200","850761","false","0","0","0","0","1","0","0","25200","0","0","1","0.0","0.0","0.0"
"21322467","39528","38900","534540","1021","2019-11-21 22:28:17 UTC","65100","","false","0","0","0","0","1","0","0","65100","0","0","5","0.0","0.0","0.0"
"21322472","79938","25234","516292","1694","2019-11-21 22:09:49 UTC","5800","301364","false","0","0","0","0","1","0","0","5800","0","0","2","0.0","0.0","0.0"
"21322521","57387","19432","458919","6508","2019-11-21 19:53:03 UTC","14400","582606","false","0","0","0","0","1","0","0","14400","0","0","1","0.0","0.0","0.0"
"21322538","77233","62434","544731","7439","2019-11-21 18:46:39 UTC","18300","777941","false","0","0","0","0","1","0","0","18300","0","0","6","0.0","0.0","0.0"
"21322547","21386","14802","432958","1016","2019-11-21 18:00:20 UTC","46800","776596","false","0","0","0","0","1","0","0","46800","0","0","3","0.0","0.0","0.0"
"21322528","1569","68523","547408","6899","2019-11-21 19:11:14 UTC","333400","594586","false","0","0","0","0","1","0","0","333400","0","0","2","0.0","0.0","0.0"
"21322536","59539","54983","550209","1483","2019-11-21 18:50:42 UTC","37200","29134","false","0","0","0","0","1","0","0","37200","0","0","1","0.0","0.0","0.0"
"21322556","99379","17682","550209","7696","2019-11-21 17:27:53 UTC","29200","211680","false","0","0","0","0","1","0","0","29200","0","0","11","0.0","0.0","0.0"
"21322563","97285","97727","550209","5888","2019-11-21 16:47:15 UTC","13000","32703","false","0","0","0","0","1","0","0","13000","0","0","2","0.0","0.0","0.0"
"21322568","53599","28421","525320","5104","2019-11-21 16:30:22 UTC","15200","244125","false","0","0","0","0","1","0","0","15200","0","0","1","0.0","0.0","0.0"
"21322581","33256","35083","520405","7632","2019-11-21 15:29:51 UTC","23200","698640","false","0","0","0","0","2","0","0","64300","0","0","2","0.0","0.0","0.0"
"21322587","41067","17694","506727","2302","2019-11-21 14:59:15 UTC","101300","821969","false","0","0","0","0","1","0","0","101300","0","0","1","0.0","0.0","0.0"
"21322594","83298","51657","540593","2072","2019-11-21 14:31:01 UTC","2000","686529","false","0","0","0","0","1","0","0","2000","0","0","1","0.0","0.0","0.0"
"21322799","79530","68208","458919","2668","2019-11-18 18:21:10 UTC","34100","956910","false","0","0","0","0","1","0","0","34100","0","1","3","0.0","0.0","0.0"
"21322603","22533","63265","432958","5015","2019-11-21 12:48:25 UTC","36000","460741","false","0","0","0","0","1","0","0","36000","0","0","6","0.0","0.0","0.0"
"21322606","67306","51786","525496","8780","2019-11-21 11:48:28 UTC","203300","538340","false","0","0","0","0","1","0","0","203300","0","0","1","0.0","0.0","0.0"
"21322612","49205","41562","516230","5790","2019-11-21 02:06:36 UTC","40300","580751","false","0","1","0","0","1","0","0","40300","2","7","68","0.0","0.0","0.0"
"21322616","71378","9853","550209","7264","2019-11-21 00:46:06 UTC","8400","730313","false","0","1","0","0","9","0","0","12844","0","0","8","0.0","0.0","0.375"
"21322630","82100","94446","516292","5628","2019-11-20 20:51:54 UTC","1000","68677","false","0","0","0","0","2","0","0","3800","0","0","2","0.0","0.0","0.0"
"21322640","79698","99571","482476","4750","2019-11-20 17:31:47 UTC","22600","604955","false","0","0","0","0","1","0","0","22600","4","14","21","0.0","0.0","0.0"
"21322620","71378","9853","515590","8794","2019-11-20 23:02:41 UTC","38600","730313","false","0","0","0","0","9","0","0","12844","0","0","8","0.0","0.0","0.375"
"21322789","49205","90240","550209","5187","2019-11-18 19:23:30 UTC","53400","382431","false","0","0","0","0","1","0","0","53400","2","7","68","0.0","0.0","0.0"
"21322886","33256","35083","520405","7632","2019-11-18 01:04:25 UTC","105400","698640","false","0","1","0","0","2","0","0","64300","0","0","2","0.0","0.0","0.0"
"21322835","49205","419","516292","8550","2019-11-18 16:24:20 UTC","19300","792643","false","0","0","0","0","1","0","0","19300","2","7","68","0.0","0.0","0.0"
"21322605","31960","95855","539090","9370","2019-11-21 12:17:27 UTC","21900","83641","false","0","0","0","0","3","0","0","20666","0","2","8","0.0","0.0","0.0"
"21322806","8695","82530","535081","2511","2019-11-18 18:12:23 UTC","113300","354221","false","0","0","0","0","1","0","0","113300","0","0","1","0.0","0.0","0.0"
"21322814","39705","52119","230744","2602","2019-11-18 17:44:54 UTC","167000","610170","false","0","0","0","0","1","0","0","167000","0","1","3","0.0","0.0","0.0"
"21322855","57997","84486","522688","9874","2019-11-18 14:39:31 UTC","100","","false","0","0","1","1","3","100","100","100","0","0","2","0.0","0.0","0.0"
"21322654","91972","96972","544731","6031","2019-11-20 14:36:14 UTC","301500","452560","true","0","0","0","0","1","0","0","301500","0","6","14","0.0","0.83333","0.78571"
"21322662","58014","60132","540593","3590","2019-11-20 02:04:17 UTC","176800","492772","false","0","1","0","0","1","0","0","176800","0","0","1","0.0","0.0","0.0"
"21322668","19656","98576","421960","6943","2019-11-20 00:01:04 UTC","158500","","false","0","1","0","0","1","0","0","158500","0","0","1","0.0","0.0","0.0"
"21322676","99730","63818","466069","6120","2019-11-19 22:30:34 UTC","55300","134032","false","0","0","0","0","1","0","0","55300","0","0","3","0.0","0.0","0.0"
"21322663","6613","91571","525631","7131","2019-11-20 01:27:11 UTC","46500","925657","false","0","1","0","0","1","0","0","46500","0","0","1","0.0","0.0","0.0"
"21322688","95630","47894","550209","3241","2019-11-19 20:54:43 UTC","6500","635450","false","0","0","0","0","1","0","0","6500","0","0","3","0.0","0.0","0.0"
"21322695","46045","10378","511588","4330","2019-11-19 19:46:37 UTC","2000","281538","false","0","0","0","0","3","0","0","30233","0","0","3","0.0","0.0","0.66667"
"21322702","60569","92630","520132","6355","2019-11-19 18:48:24 UTC","59200","906816","false","0","0","0","0","1","0","0","59200","0","0","1","0.0","0.0","0.0"
"21322709","67370","66465","455185","9752","2019-11-19 18:11:44 UTC","323700","170620","false","0","0","0","0","1","0","0","323700","0","0","1","0.0","0.0","0.0"
"21322715","45637","68983","515743","4134","2019-11-19 16:30:40 UTC","268100","248539","false","0","0","0","0","1","0","0","268100","0","0","1","0.0","0.0","0.0"
"21322722","42687","1516","423153","7583","2019-11-19 15:41:47 UTC","337500","167508","false","0","0","0","0","2","0","0","236450","0","0","2","0.0","0.0","0.0"
"21322729","39791","9579","444456","6307","2019-11-19 14:38:18 UTC","75300","378353","false","0","0","0","0","1","0","0","75300","0","0","1","0.0","0.0","0.0"
"21322735","91461","42965","422053","1087","2019-11-19 13:58:35 UTC","5200","673563","false","0","0","0","0","1","0","0","5200","0","0","2","0.0","0.0","0.0"
"21322743","33641","61637","458919","5978","2019-11-19 11:38:09 UTC","30300","417645","false","0","0","0","0","2","0","0","37250","0","1","2","0.0","0.0","0.0"
"21322750","17264","95807","410715","9110","2019-11-19 01:59:05 UTC","39100","","false","0","1","0","0","1","0","0","39100","0","0","4","0.0","0.0","0.0"
"21322670","65072","30441","530994","6388","2019-11-19 23:56:33 UTC","111800","853557","false","0","0","0","0","1","0","0","111800","0","0","1","0.0","0.0","0.0"
"21322762","49205","21010","523284","8821","2019-11-18 23:34:58 UTC","24900","192776","false","0","0","0","0","1","0","0","24900","2","7","68","0.0","0.0","0.0"
"21322818","704","67245","550209","1628","2019-11-18 17:26:28 UTC","2000","115003","false","0","0","0","0","5","0","0","70080","0","0","5","0.0","0.0","0.0"
"21322775","10292","77409","636368","3249","2019-11-18 21:26:27 UTC","41000","287461","false","0","0","0","0","1","0","0","41000","0","0","1","0.0","0.0","0.0"
"21322781","44093","64485","535016","1236","2019-11-18 20:37:42 UTC","84000","809971","false","0","0","0","0","1","0","0","84000","0","0","1","0.0","0.0","0.0"
"21322791","65330","78262","515590","4614","2019-11-18 19:16:23 UTC","132900","547440","true","0","0","0","0","13","0","0","301453","0","0","10","0.0","0.0","0.8"
"21322826","13827","3826","527660","7980","2019-11-18 16:53:28 UTC","1000","598225","false","0","0","0","0","1","0","0","1000","0","0","2","0.0","0.0","0.0"
"21322840","10707","15076","525320","7258","2019-11-18 16:02:11 UTC","124400","236825","false","0","0","0","0","1","0","0","124400","0","1","2","0.0","0.0","0.0"
"21322848","47183","45556","553665","5040","2019-11-18 15:05:25 UTC","37800","445805","false","0","0","0","0","1","0","0","37800","0","0","1","0.0","0.0","0.0"
"21322864","71701","95527","514945","6401","2019-11-18 13:38:07 UTC","48100","463439","false","0","0","0","0","2","0","0","26550","0","1","2","0.0","0.0","0.0"
"21322870","8754","31796","550209","7986","2019-11-18 13:09:00 UTC","50800","985140","false","0","0","0","0","1","0","0","50800","0","0","3","0.0","0.0","0.0"
"21322877","56242","65183","485464","2606","2019-11-18 12:43:49 UTC","240000","707585","false","0","0","0","0","1","0","0","240000","0","0","1","0.0","0.0","0.0"
"21322884","12157","77608","558763","7413","2019-11-18 01:27:00 UTC","160600","556226","false","0","1","0","0","2","0","0","121800","0","0","2","0.0","0.0","0.0"
"21322893","12476","18824","548474","3893","2019-11-17 22:43:38 UTC","4400","761092","false","1","0","0","0","1","0","0","4400","0","2","5","0.0","0.0","0.0"
"21322900","54572","24341","552693","5001","2019-11-17 21:16:07 UTC","45100","484644","false","1","0","0","0","1","0","0","45100","0","0","2","0.0","0.0","0.5"
"21322681","29931","97541","422200","5815","2019-11-19 21:48:05 UTC","144500","646874","false","0","0","0","0","1","0","0","144500","1","4","11","0.0","0.0","0.0"
"21322911","59777","21988","527407","1275","2019-11-17 19:17:59 UTC","28400","864199","false","1","0","0","0","1","0","0","28400","0","2","3","0.0","0.0","0.0"
"21323033","88162","12064","531681","2563","2019-11-15 22:43:28 UTC","91400","","false","0","0","0","0","1","0","0","91400","0","0","1","0.0","0.0","0.0"
"21322962","93881","38436","606282","9821","2019-11-17 11:18:59 UTC","112900","423908","false","1","0","0","0","1","0","0","112900","0","3","9","0.0","0.0","0.0"
"21322919","49205","38545","550209","2840","2019-11-17 18:04:52 UTC","17500","741803","false","1","0","0","0","1","0","0","17500","2","7","68","0.0","0.0","0.0"
"21323039","5859","32250","550209","7762","2019-11-15 20:58:29 UTC","6500","577111","false","0","0","0","0","1","0","0","6500","0","0","1","0.0","0.0","0.0"
"21323052","5576","93422","550209","9080","2019-11-15 18:19:48 UTC","49800","646081","false","0","0","0","0","1","0","0","49800","0","0","1","0.0","0.0","0.0"
"21322926","828","19430","534593","5931","2019-11-17 17:17:42 UTC","20400","158146","false","1","0","0","0","1","0","0","20400","0","0","4","0.0","0.0","0.0"
"21322970","49205","27277","453211","1833","2019-11-17 01:08:51 UTC","39000","864040","false","1","1","0","0","1","0","0","39000","2","7","68","0.0","0.0","0.0"
"21322975","56239","23201","544315","6492","2019-11-16 23:51:33 UTC","18400","872500","false","1","0","0","1","2","0","216400","117400","0","1","2","0.0","0.0","0.0"
"21322933","56710","33958","434995","7016","2019-11-17 16:13:31 UTC","25200","793538","false","1","0","0","0","1","0","0","25200","0","2","4","0.0","0.0","0.0"
"21322938","4129","3251","523421","7195","2019-11-17 15:20:13 UTC","15900","84532","false","1","0","0","0","1","0","0","15900","1","5","14","0.0","0.0","0.0"
"21322947","24094","62623","516292","4676","2019-11-17 14:19:47 UTC","15100","133935","false","1","0","0","0","1","0","0","15100","0","0","1","0.0","0.0","0.0"
"21322992","9842","75460","482425","5109","2019-11-16 19:35:56 UTC","6400","","false","1","0","0","0","1","0","0","6400","0","0","4","0.0","0.0","0.0"
"21322986","46367","39157","472280","5836","2019-11-16 20:43:56 UTC","27400","974574","false","1","0","0","0","2","0","0","27100","0","1","3","0.0","0.0","0.0"
"21322985","76725","5285","489391","8551","2019-11-16 21:00:58 UTC","28800","332301","false","1","0","0","0","1","0","0","28800","1","4","10","0.0","0.0","0.0"
"21323056","4129","89771","458919","4003","2019-11-15 16:25:10 UTC","6500","","false","0","0","0","0","1","0","0","6500","1","5","14","0.0","0.0","0.0"
"21323060","6112","46219","650491","8106","2019-11-15 14:53:56 UTC","35000","","false","0","0","0","0","1","0","0","35000","2","3","7","0.0","0.0","0.0"
"21323107","95499","39539","550209","2651","2019-11-14 14:21:19 UTC","24900","521153","false","0","0","0","0","1","0","0","24900","0","3","3","0.0","0.0","0.0"
"21323064","47605","48340","606282","8920","2019-11-15 12:22:59 UTC","348800","555337","false","0","0","0","0","1","0","0","348800","0","0","2","0.0","0.0","0.0"
"21322998","47605","22788","455184","3220","2019-11-16 18:09:19 UTC","200900","482446","false","1","0","0","0","1","0","0","200900","0","0","2","0.0","0.0","0.0"
"21322955","26765","19392","536537","9112","2019-11-17 13:09:16 UTC","9900","433139","false","1","0","0","0","1","0","0","9900","0","4","17","0.0","0.0","0.0"
"21323072","90035","1391","545430","2021","2019-11-14 22:54:54 UTC","45700","993481","false","0","0","0","0","1","0","0","45700","0","2","7","0.0","0.0","0.14286"
"21323079","89078","64943","482477","5759","2019-11-14 21:15:31 UTC","73200","798242","false","0","0","0","0","1","0","0","73200","0","1","1","0.0","0.0","0.0"
"21323004","9842","95500","540593","4169","2019-11-16 16:51:10 UTC","42300","670113","false","1","0","0","0","1","0","0","42300","0","0","4","0.0","0.0","0.0"
"21323084","14578","11005","550209","4829","2019-11-14 20:35:14 UTC","166900","711461","false","0","0","0","0","1","0","0","166900","0","1","1","0.0","0.0","0.0"
"21323011","95110","92887","515590","7411","2019-11-16 13:28:00 UTC","23800","11853","false","1","0","0","0","1","0","0","23800","0","0","3","0.0","0.0","0.0"
"21323090","50970","42309","476331","1134","2019-11-14 18:56:01 UTC","265000","685432","false","0","0","0","0","1","0","0","265000","0","3","3","0.0","0.0","0.0"
"21323020","67302","94343","520132","6021","2019-11-16 01:58:43 UTC","133300","154532","false","1","1","0","0","1","0","0","133300","0","0","1","0.0","0.0","0.0"
"21323146","35610","35907","482425","6129","2019-11-12 08:58:52 UTC","28200","","false","0","0","0","0","2","0","0","31400","0","1","2","0.0","0.0","0.0"
"21323099","16266","66641","528392","4442","2019-11-14 16:08:53 UTC","70100","348886","false","0","0","0","0","1","0","0","70100","0","1","1","0.0","0.0","0.0"
"21323155","22532","50400","459313","5429","2019-11-11 23:08:02 UTC","154500","","false","0","0","0","0","1","0","0","154500","1","4","4","0.0","0.0","0.0"
"21323113","26765","60805","421847","3173","2019-11-14 13:21:52 UTC","37100","","false","0","0","0","0","1","0","0","37100","0","4","17","0.0","0.0","0.0"
"21323181","91013","61968","516159","6255","2019-11-11 17:37:58 UTC","38700","","false","0","0","0","0","2","0","0","44100","0","1","5","0.0","0.0","0.0"
"21323119","91972","21702","511781","4265","2019-11-13 21:06:50 UTC","403100","207247","true","0","0","0","0","2","0","0","345450","0","6","14","0.0","0.83333","0.78571"
"21323129","26981","50464","650507","1636","2019-11-12 20:41:31 UTC","38900","4","false","0","0","0","0","1","0","0","38900","1","6","12","0.0","0.0","0.0"
"21323160","93881","6909","535016","5333","2019-11-11 21:56:23 UTC","31700","","false","0","0","0","0","1","0","0","31700","0","3","9","0.0","0.0","0.0"
"21323143","2800","12200","544731","5694","2019-11-12 12:55:54 UTC","54500","","false","0","0","0","0","1","0","0","54500","0","1","1","0.0","0.0","0.0"
"21323166","72355","80572","514868","5900","2019-11-11 19:51:26 UTC","36300","","false","0","0","0","0","1","0","0","36300","0","2","3","0.0","0.0","0.0"
"21323167","36929","49106","464611","5820","2019-11-11 19:31:25 UTC","158300","","false","0","0","0","0","7","0","0","365500","0","10","12","0.0","0.0","0.0"
"21323172","2311","34313","550209","6496","2019-11-11 18:41:28 UTC","54700","","false","0","0","0","0","1","0","0","54700","0","1","1","0.0","0.0","0.0"
"21323026","13720","24338","535106","6550","2019-11-16 00:40:31 UTC","237600","630184","false","1","1","0","0","1","0","0","237600","0","1","2","0.0","0.0","0.0"
"21323361","82113","95163","498423","7666","2019-11-08 16:45:43 UTC","5000","","false","0","0","0","2","2","0","83500","83500","2","2","3","0.0","0.0","0.0"
"21323369","68266","34810","650905","5883","2019-11-08 15:16:07 UTC","162700","","false","0","0","0","1","1","0","162700","162700","1","1","1","0.0","0.0","0.0"
"21323372","55813","54506","548474","3194","2019-11-08 13:46:20 UTC","80100","","false","0","0","0","1","1","0","80100","80100","1","1","1","0.0","0.0","0.0"
"21323440","43078","2866","544891","9036","2019-11-06 00:01:37 UTC","31400","","false","0","1","0","1","3","0","31400","21566","1","6","7","0.0","0.0","0.0"
"21323180","93881","1839","606282","4242","2019-11-11 17:49:10 UTC","38700","","false","0","0","0","0","1","0","0","38700","0","3","9","0.0","0.0","0.0"
"21323379","991","27183","518814","9293","2019-11-08 12:19:01 UTC","170400","","false","0","0","0","2","2","0","86000","86000","2","2","2","0.0","0.0","0.0"
"21323268","13720","15914","650494","2110","2019-11-10 00:25:58 UTC","21100","","false","1","1","0","0","1","0","0","21100","0","1","2","0.0","0.0","0.0"
"21323188","7594","54335","498407","4530","2019-11-11 16:26:55 UTC","100400","","false","0","0","0","0","1","0","0","100400","0","1","3","0.0","0.0","0.0"
"21323198","50584","84498","406655","3209","2019-11-11 14:25:14 UTC","387900","","false","0","0","0","0","1","0","0","387900","0","1","1","0.0","0.0","0.0"
"21323203","60121","80777","516292","1037","2019-11-11 13:10:43 UTC","101500","","false","0","0","0","0","1","0","0","101500","0","3","4","0.0","0.0","0.0"
"21323210","20465","79383","516292","7893","2019-11-11 00:20:50 UTC","24400","","false","0","1","0","0","1","0","0","24400","0","1","1","0.0","0.0","0.0"
"21323406","70989","33782","516292","3144","2019-11-07 18:40:37 UTC","182400","","false","0","0","0","1","1","0","182400","182400","0","0","2","0.0","0.0","0.0"
"21323217","43078","98123","544731","9730","2019-11-10 21:48:14 UTC","7800","","false","1","0","0","0","1","0","0","7800","1","6","7","0.0","0.0","0.0"
"21323222","29931","33570","422053","6051","2019-11-10 19:31:28 UTC","30300","","false","1","0","0","0","1","0","0","30300","1","4","11","0.0","0.0","0.0"
"21323227","49205","62392","498407","1624","2019-11-10 18:18:01 UTC","63000","","false","1","0","0","0","1","0","0","63000","2","7","68","0.0","0.0","0.0"
"21323232","32763","96719","453211","3512","2019-11-10 17:24:02 UTC","164300","","false","1","0","0","0","1","0","0","164300","0","1","1","0.0","0.0","0.0"
"21323289","26765","42122","541187","8242","2019-11-09 18:53:52 UTC","9900","","false","1","0","0","0","1","0","0","9900","0","4","17","0.0","0.0","0.0"
"21323273","88242","82527","550209","7690","2019-11-09 22:04:55 UTC","8000","","false","1","0","0","0","1","0","0","8000","0","6","8","0.0","0.0","0.0"
"21322699","13410","74563","544731","3504","2019-11-19 19:13:33 UTC","8200","165768","false","0","0","0","0","2","0","0","16450","0","0","3","0.0","0.0","0.0"
"21323238","62052","55432","498442","2160","2019-11-10 16:47:15 UTC","171800","","false","1","0","0","0","1","0","0","171800","0","3","5","0.0","0.0","0.0"
"21323279","11863","66539","540593","3494","2019-11-09 20:34:07 UTC","63300","","false","1","0","0","0","1","0","0","63300","0","3","5","0.0","0.0","0.0"
"21323245","40591","52528","512707","4770","2019-11-10 14:51:42 UTC","45800","","false","1","0","0","0","1","0","0","45800","0","1","2","0.0","0.0","0.0"
"21323251","70729","82807","544731","6192","2019-11-10 14:18:32 UTC","63000","","false","1","0","0","0","1","0","0","63000","0","1","1","0.0","0.0","0.0"
"21323325","77130","75710","554482","7640","2019-11-08 23:18:28 UTC","25400","","true","0","0","0","7","10","0","40371","56090","10","13","14","1.0","1.0","0.92857"
"21323330","77130","75710","554482","7640","2019-11-08 23:11:18 UTC","32000","","true","0","0","0","7","10","0","40371","56090","10","13","14","1.0","1.0","0.92857"
"21323300","58973","9612","553665","2471","2019-11-09 16:28:49 UTC","119300","","false","1","0","0","0","1","0","0","119300","0","1","1","0.0","0.0","0.0"
"21323257","88242","18345","472280","4563","2019-11-10 12:38:55 UTC","30300","","false","1","0","0","0","1","0","0","30300","0","6","8","0.0","0.0","0.0"
"21323288","25932","30874","546056","8910","2019-11-09 19:08:46 UTC","232000","","true","1","0","0","2","4","0","215050","209600","2","4","4","1.0","1.0","1.0"
"21323304","79530","39061","523421","4932","2019-11-09 15:35:18 UTC","12700","","false","1","0","0","0","1","0","0","12700","0","1","3","0.0","0.0","0.0"
"21323312","93225","93871","515590","2429","2019-11-09 12:56:04 UTC","202000","","false","1","0","0","0","1","0","0","202000","0","1","1","0.0","0.0","0.0"
"21323388","57964","65407","606282","9886","2019-11-07 23:42:11 UTC","15300","","false","0","0","0","1","1","0","15300","15300","0","0","2","0.0","0.0","0.0"
"21323398","61530","23391","542820","3760","2019-11-07 20:42:41 UTC","64500","","false","0","0","0","1","1","0","64500","64500","0","0","0","0.0","0.0","0.0"
"21323322","1084","67045","523421","7967","2019-11-09 00:15:58 UTC","31300","","false","1","1","0","0","1","0","0","31300","0","1","1","0.0","0.0","0.0"
"21323334","14508","92589","530033","7335","2019-11-08 22:05:08 UTC","111700","","false","0","0","0","1","1","0","111700","111700","1","1","1","0.0","0.0","0.0"
"21323345","49205","20892","550209","6838","2019-11-08 20:17:48 UTC","66600","","false","0","0","0","1","1","0","66600","66600","2","7","68","0.0","0.0","0.0"
"21323351","48866","51409","550209","3315","2019-11-08 19:57:41 UTC","70600","","false","0","0","0","1","1","0","70600","70600","1","1","1","0.0","0.0","0.0"
"21323358","43078","4688","498442","7356","2019-11-08 17:42:16 UTC","38200","","false","0","0","0","1","1","0","38200","38200","1","6","7","0.0","0.0","0.0"
"21323393","86197","5798","516292","9001","2019-11-07 21:47:54 UTC","1000","","false","0","0","0","1","1","0","1000","1000","1","1","2","0.0","0.0","0.0"
"21323512","32901","62541","511781","250","2019-11-04 11:20:41 UTC","6400","","false","0","0","0","3","3","0","5233","5233","0","0","0","0.0","0.0","0.0"
"21323530","57964","50105","606282","4832","2019-11-03 18:34:54 UTC","200","","false","1","0","0","2","2","0","200","200","0","0","2","0.0","0.0","0.0"
"21323537","8942","76819","552289","8870","2019-11-03 16:11:02 UTC","154500","","true","1","0","0","4","4","0","154350","154350","0","0","0","0.0","0.0","0.0"
"21323522","4039","266","482425","1320","2019-11-03 20:24:50 UTC","41700","","false","1","0","0","2","2","0","32600","32600","1","1","3","0.0","0.0","0.0"
"21323529","17348","11460","498453","7382","2019-11-03 19:17:03 UTC","45900","","false","1","0","0","1","1","0","45900","45900","1","3","5","0.0","0.0","0.0"
"21323262","11863","86243","548474","9280","2019-11-10 01:47:15 UTC","61200","","false","1","1","0","0","1","0","0","61200","0","3","5","0.0","0.0","0.0"
"21323518","62052","18227","550209","3098","2019-11-03 22:14:24 UTC","96300","","false","1","0","0","4","4","0","97400","97400","0","3","5","0.0","0.0","0.0"
"21320431","44529","4800","432958","2015","2019-12-01 19:12:46 UTC","34200","469761","false","1","0","0","0","1","0","0","34200","0","0","3","0.0","0.0","0.0"
"21320491","96863","51465","550209","1795","2019-12-01 14:12:14 UTC","2700","474932","false","1","0","0","0","1","0","0","2700","0","0","2","0.0","0.0","0.0"
"21323545","57839","97724","606282","9858","2019-11-03 13:12:47 UTC","251500","","false","1","0","0","1","1","0","251500","251500","0","1","1","0.0","0.0","0.0"
"21322918","42687","1516","423153","7295","2019-11-17 18:19:35 UTC","135400","167508","false","1","0","0","0","2","0","0","236450","0","0","2","0.0","0.0","0.0"
"21321855","96492","70240","527468","6438","2019-11-23 19:14:23 UTC","8500","819356","false","1","0","0","0","1","0","0","8500","0","0","1","0.0","0.0","0.0"
"21323556","35930","15154","458919","3760","2019-11-02 18:03:08 UTC","35400","","false","1","0","1","1","1","35400","35400","35400","0","0","1","0.0","0.0","0.0"
"21321988","84548","41736","453211","7740","2019-11-23 14:11:33 UTC","8000","868462","false","1","0","0","0","1","0","0","8000","0","0","3","0.0","0.0","0.0"
"21320869","88242","11867","544731","6670","2019-11-29 21:48:58 UTC","21100","368226","false","0","0","0","0","1","0","0","21100","0","6","8","0.0","0.0","0.0"
"21323580","31960","94007","545430","2022","2019-11-01 19:33:12 UTC","115500","","false","0","0","1","1","1","115500","115500","115500","0","2","8","0.0","0.0","0.0"
"21321039","86032","59001","515601","1073","2019-11-29 15:12:41 UTC","60900","","false","0","0","0","0","1","0","0","60900","0","0","2","0.0","0.0","0.0"
"21321450","80155","88553","410863","7755","2019-11-27 22:43:01 UTC","28500","943627","false","0","0","0","0","4","0","0","24250","0","0","4","0.0","0.0","0.0"
"21323587","82477","19","525496","3638","2019-11-01 17:52:57 UTC","16500","","false","0","0","1","1","1","16500","16500","16500","0","0","2","0.0","0.0","0.0"
"21321158","36617","79054","406655","6040","2019-11-28 23:55:13 UTC","160500","101848","true","0","0","0","0","17","0","0","208764","0","0","5","0.0","0.0","0.8"
"21323592","50493","49581","650486","4139","2019-11-01 13:05:34 UTC","74400","","false","0","0","1","1","1","74400","74400","74400","0","0","0","0.0","0.0","0.0"
"21321275","47954","80128","548984","1867","2019-11-28 19:03:43 UTC","34300","468395","false","0","0","0","0","1","0","0","34300","0","0","1","0.0","0.0","0.0"
"21323562","26765","55918","422061","8005","2019-11-02 16:40:34 UTC","70900","","false","1","0","1","1","1","70900","70900","70900","0","4","17","0.0","0.0","0.0"
"21320628","84389","26036","418053","2035","2019-11-30 19:03:50 UTC","74100","232070","false","1","0","0","0","1","0","0","74100","0","0","1","0.0","0.0","0.0"
"21320689","90580","5911","516292","5697","2019-11-30 16:44:49 UTC","57100","851328","false","1","0","0","0","1","0","0","57100","0","0","1","0.0","0.0","0.0"
"21320771","96239","80438","498442","9263","2019-11-30 13:06:48 UTC","30000","507529","false","1","0","0","0","1","0","0","30000","0","0","2","0.0","0.0","0.0"
"21320878","48126","55630","421960","7769","2019-11-29 21:09:39 UTC","108600","611676","true","0","0","0","0","3","0","0","106333","0","0","6","0.0","0.0","1.0"
"21320927","59566","28690","498408","8043","2019-11-29 19:11:26 UTC","24900","","false","0","0","0","0","1","0","0","24900","0","0","6","0.0","0.0","0.0"
"21323568","93881","19559","544890","8868","2019-11-02 14:07:48 UTC","71300","","false","1","0","1","1","1","71300","71300","71300","0","3","9","0.0","0.0","0.0"
"21321010","7956","34497","415944","9020","2019-11-29 16:18:59 UTC","95600","382336","false","0","0","0","0","1","0","0","95600","0","0","1","0.0","0.0","0.0"
"21321084","53417","97197","539090","2287","2019-11-29 13:12:27 UTC","69300","3290","false","0","0","0","0","1","0","0","69300","0","0","1","0.0","0.0","0.0"
"21321029","17275","11750","403002","5770","2019-11-29 15:32:20 UTC","68800","670695","true","0","0","0","0","31","0","0","57412","0","0","30","0.0","0.0","0.73333"
"21321122","1308","96025","406655","4572","2019-11-29 03:17:30 UTC","164800","438940","true","0","1","0","0","14","0","0","215657","0","0","15","0.0","0.0","1.0"
"21321534","23591","59796","527496","3137","2019-11-26 22:43:51 UTC","14500","494807","false","0","0","0","0","1","0","0","14500","0","0","3","0.0","0.0","0.0"
"21321596","36324","72960","498442","7295","2019-11-26 15:20:27 UTC","19400","883059","false","0","0","0","0","1","0","0","19400","0","0","2","0.0","0.0","0.0"
"21321179","72386","32617","498401","8287","2019-11-28 23:05:03 UTC","57100","580298","false","0","0","0","0","1","0","0","57100","0","1","8","0.0","0.0","0.0"
"21320917","828","18205","515590","7307","2019-11-29 19:36:39 UTC","21600","882531","false","0","0","0","1","4","0","46200","72325","0","0","4","0.0","0.0","0.0"
"21321558","19258","62645","525922","2534","2019-11-26 17:58:19 UTC","8000","734519","false","0","0","0","0","1","0","0","8000","0","0","1","0.0","0.0","0.0"
"21321198","42178","85053","544731","3736","2019-11-28 21:48:43 UTC","41700","796995","false","0","0","0","0","2","0","0","36900","0","0","15","0.0","0.0","0.0"
"21321256","21386","92559","498453","1368","2019-11-28 19:49:33 UTC","3000","781628","false","0","0","0","0","1","0","0","3000","0","0","3","0.0","0.0","0.0"
"21322095","49205","30570","476608","9413","2019-11-22 23:22:44 UTC","11000","926786","false","0","0","0","0","1","0","0","11000","2","7","68","0.0","0.0","0.0"
"21321369","82894","73549","498442","1763","2019-11-28 15:12:53 UTC","109300","9786","false","0","0","0","0","1","0","0","109300","0","0","2","0.0","0.0","0.0"
"21322035","84548","15924","490172","6587","2019-11-23 11:54:26 UTC","54200","901629","false","1","0","0","0","1","0","0","54200","0","0","3","0.0","0.0","0.0"
"21321690","11883","88396","498406","1118","2019-11-24 23:14:58 UTC","29500","","false","1","0","0","0","1","0","0","29500","0","0","1","0.0","0.0","0.0"
"21321731","59110","12947","428267","6020","2019-11-24 01:22:15 UTC","105800","294398","false","1","1","0","0","1","0","0","105800","0","0","1","0.0","0.0","0.0"
"21322246","96409","39925","410425","8367","2019-11-22 17:54:25 UTC","35200","792935","false","0","0","0","0","1","0","0","35200","0","0","1","0.0","0.0","0.0"
"21322166","41700","49854","478308","9918","2019-11-22 20:40:17 UTC","230400","945926","false","0","0","0","0","1","0","0","230400","0","0","1","0.0","0.0","0.0"
"21321918","54603","44531","530034","2277","2019-11-23 16:55:52 UTC","204900","868746","true","1","0","0","0","3","0","0","188300","0","0","3","0.0","0.0","1.0"
"21321826","67952","61917","550209","9707","2019-11-23 20:01:20 UTC","16200","120323","false","1","0","0","0","1","0","0","16200","0","0","6","0.0","0.0","0.0"
"21322146","6035","99056","423153","2000","2019-11-22 21:09:58 UTC","35000","602403","false","0","0","0","0","1","0","0","35000","0","0","1","0.0","0.0","0.0"
"21323574","74727","77665","540593","9190","2019-11-01 23:32:18 UTC","153600","","false","0","0","1","1","1","153600","153600","153600","0","0","0","0.0","0.0","0.0"
"21323541","8549","64703","606282","2179","2019-11-03 16:07:58 UTC","38800","","false","1","0","0","1","1","0","38800","38800","0","0","3","0.0","0.0","0.0"
"21323551","93711","55455","515590","6287","2019-11-02 21:45:48 UTC","223200","","false","1","0","1","1","1","223200","223200","223200","0","1","4","0.0","0.0","0.0"
"21322256","86418","36093","550209","7889","2019-11-22 17:39:36 UTC","47500","641562","false","0","0","0","0","1","0","0","47500","0","0","1","0.0","0.0","0.0"
"21322308","76533","65740","550209","8650","2019-11-22 15:51:22 UTC","8100","353666","false","0","0","0","0","1","0","0","8100","0","0","1","0.0","0.0","0.0"
"21322445","17712","55540","544540","4476","2019-11-21 23:47:51 UTC","79800","871721","false","0","0","0","0","1","0","0","79800","0","1","3","0.0","0.0","0.0"
"21322651","34561","65326","490172","2558","2019-11-20 15:22:44 UTC","114000","932955","false","0","0","0","0","2","0","0","83550","0","0","2","0.0","0.0","0.0"
"21322604","43938","51024","550209","7528","2019-11-21 12:42:36 UTC","37500","791632","false","0","0","0","0","1","0","0","37500","0","0","4","0.0","0.0","0.0"
"21322679","35132","1695","415274","5217","2019-11-19 21:54:11 UTC","177000","680634","false","0","0","0","0","1","0","0","177000","0","0","1","0.0","0.0","0.0"
"21322689","87559","63685","444054","1110","2019-11-19 20:37:37 UTC","48500","361665","false","0","0","0","0","2","0","0","67750","0","0","5","0.0","0.0","0.0"
"21322526","36700","27657","544731","5895","2019-11-21 19:18:01 UTC","299100","707435","true","0","0","0","0","5","0","0","310940","0","0","6","0.0","0.0","0.83333"
"21322298","25807","56201","498453","6143","2019-11-22 16:07:02 UTC","7000","456901","false","0","0","0","0","1","0","0","7000","0","0","1","0.0","0.0","0.0"
"21322461","33938","56413","482425","2165","2019-11-21 22:52:44 UTC","16700","601975","false","0","0","0","0","1","0","0","16700","0","0","1","0.0","0.0","0.0"
"21320400","47759","14777","425850","7024","2019-12-01 22:22:43 UTC","76000","","false","1","0","0","0","1","0","0","76000","0","0","3","0.0","0.0","0.0"
"21320423","30180","7961","606282","5629","2019-12-01 19:31:34 UTC","202200","686252","false","1","0","0","0","1","0","0","202200","0","0","4","0.0","0.0","0.0"
"21320438","71094","78309","480632","3828","2019-12-01 18:35:49 UTC","162400","518311","false","1","0","0","0","1","0","0","162400","0","0","1","0.0","0.0","0.0"
"21323173","50970","53380","522590","5112","2019-11-11 18:29:58 UTC","253500","","false","0","0","0","0","1","0","0","253500","0","3","3","0.0","0.0","0.0"
"21322803","49205","93171","498423","5042","2019-11-18 18:17:18 UTC","17800","268325","false","0","0","0","0","1","0","0","17800","2","7","68","0.0","0.0","0.0"
"21322873","21549","16900","544731","1838","2019-11-18 12:55:37 UTC","320100","66975","false","0","0","0","0","1","0","0","320100","0","0","1","0.0","0.0","0.0"
"21322982","92441","14580","535016","950","2019-11-16 22:25:42 UTC","8000","145121","false","1","0","0","0","1","0","0","8000","2","2","5","0.0","0.0","0.0"
"21323066","79698","94908","530780","7829","2019-11-15 04:10:58 UTC","36700","930738","false","0","1","0","0","1","0","0","36700","4","14","21","0.0","0.0","0.0"
"21323124","33086","91775","230744","1842","2019-11-13 11:39:10 UTC","176100","787266","false","0","0","0","0","1","0","0","176100","0","1","1","0.0","0.0","0.0"
"21320451","85243","3060","525663","4752","2019-12-01 17:11:41 UTC","2000","625590","false","1","0","0","0","1","0","0","2000","0","0","1","0.0","0.0","0.0"
"21323566","42546","96780","523421","6399","2019-11-02 14:56:28 UTC","23400","","false","1","0","1","1","1","23400","23400","23400","0","0","1","0.0","0.0","0.0"
"21320539","42356","74585","536805","7429","2019-12-01 01:50:36 UTC","59100","126381","false","1","1","0","0","4","0","0","28225","0","0","12","0.0","0.0","0.66667"
"21320960","17275","11750","415275","5122","2019-11-29 18:00:12 UTC","59100","342890","false","0","0","0","0","31","0","0","57412","0","0","30","0.0","0.0","0.73333"
"21321623","17275","7695","453211","1910","2019-11-26 12:56:50 UTC","60200","223682","false","0","0","0","0","7","0","0","60742","0","0","30","0.0","0.0","0.73333"
"21320506","39528","43730","422061","8940","2019-12-01 13:43:03 UTC","34300","598119","false","1","0","0","0","2","0","0","25450","0","0","5","0.0","0.0","0.0"
"21320538","78480","9096","544315","4133","2019-12-01 01:57:44 UTC","8000","666003","false","1","1","0","0","1","0","0","8000","0","0","1","0.0","0.0","0.0"
"21323499","17348","69317","439388","3050","2019-11-04 15:02:55 UTC","305900","","false","0","0","0","1","1","0","305900","305900","1","3","5","0.0","0.0","0.0"
"21322932","26765","47307","421847","5725","2019-11-17 16:15:22 UTC","124300","","false","1","0","0","0","1","0","0","124300","0","4","17","0.0","0.0","0.0"
"21320555","74754","31598","542820","7108","2019-11-30 23:17:07 UTC","29200","451493","false","1","0","0","0","1","0","0","29200","0","0","3","0.0","0.0","0.0"
"21323219","36929","92926","523284","1284","2019-11-10 21:11:49 UTC","500","","false","1","0","0","0","1","0","0","500","0","10","12","0.0","0.0","0.0"
"21323283","25726","25488","506728","7993","2019-11-09 20:04:44 UTC","15000","","false","1","0","0","0","1","0","0","15000","0","3","3","0.0","0.0","0.0"
"21323164","40238","84736","428267","4033","2019-11-11 20:03:03 UTC","29300","","false","0","0","0","0","1","0","0","29300","0","1","1","0.0","0.0","0.0"
"21323436","32186","45464","544731","1590","2019-11-06 12:50:57 UTC","273000","","false","0","0","0","1","1","0","273000","273000","0","1","2","0.0","0.0","0.0"
"21323355","57589","67770","498442","6173","2019-11-08 18:39:44 UTC","274500","","false","0","0","0","1","1","0","274500","274500","1","1","1","0.0","0.0","0.0"
"21322854","49205","85112","230540","1680","2019-11-18 14:40:59 UTC","24800","286168","false","0","0","0","0","1","0","0","24800","2","7","68","0.0","0.0","0.0"
"21320570","23722","47604","498453","9455","2019-11-30 21:59:32 UTC","3000","881571","true","1","0","0","0","2","0","0","6000","0","0","3","0.0","0.0","0.66667"
"21323364","6112","23365","512215","8666","2019-11-08 15:58:12 UTC","26500","","false","0","0","0","1","1","0","26500","26500","2","3","7","0.0","0.0","0.0"
"21320595","81795","17807","606282","2612","2019-11-30 20:23:00 UTC","53500","288714","true","1","0","0","0","4","0","0","56025","0","0","6","0.0","0.0","1.0"
"21320616","80960","15931","606282","9193","2019-11-30 19:21:09 UTC","49600","852564","false","1","0","0","0","1","0","0","49600","0","0","1","0.0","0.0","0.0"
"21323508","62052","18227","550209","3098","2019-11-04 12:54:15 UTC","99300","","true","0","0","0","4","4","0","97400","97400","0","3","5","0.0","0.0","0.0"
"21323170","31960","66157","516291","6365","2019-11-11 18:57:34 UTC","29500","","false","0","0","0","0","2","0","0","28650","0","2","8","0.0","0.0","0.0"
"21320647","24427","76740","548724","6934","2019-11-30 18:20:00 UTC","24800","","false","1","0","0","0","1","0","0","24800","0","0","1","0.0","0.0","0.0"
"21320680","83142","95694","498401","2440","2019-11-30 17:04:23 UTC","1000","508744","true","1","0","0","0","1","0","0","1000","0","0","2","0.0","0.0","1.0"
"21320709","3779","99090","410863","2301","2019-11-30 15:55:19 UTC","35200","336076","false","1","0","0","0","1","0","0","35200","0","0","1","0.0","0.0","0.0"
"21320758","29744","93256","530033","8328","2019-11-30 13:59:22 UTC","35400","84112","false","1","0","0","0","1","0","0","35400","0","0","11","0.0","0.0","0.09091"
"21320793","77791","97390","543882","2420","2019-11-30 03:20:14 UTC","17400","956728","false","1","1","0","0","1","0","0","17400","0","0","2","0.0","0.0","0.0"
"21320827","33528","43473","530034","4310","2019-11-30 00:08:28 UTC","115600","591230","false","1","1","0","0","1","0","0","115600","0","0","1","0.0","0.0","0.0"
"21320847","41634","54583","550209","4551","2019-11-29 23:12:56 UTC","21200","109603","false","0","0","0","0","1","0","0","21200","0","0","1","0.0","0.0","0.0"
"21320884","86534","73138","230650","2346","2019-11-29 21:00:30 UTC","7000","74047","false","0","0","0","0","1","0","0","7000","0","0","2","0.0","0.0","0.0"
"21322036","68380","13001","650901","4110","2019-11-23 11:53:17 UTC","1000","715437","false","1","0","0","0","4","0","0","13275","0","0","4","0.0","0.0","0.0"
"21320911","83125","80618","544731","8838","2019-11-29 19:55:53 UTC","60200","513477","false","0","0","0","0","1","0","0","60200","0","0","1","0.0","0.0","0.0"
"21321157","704","67245","530780","8774","2019-11-28 23:55:39 UTC","125700","115003","false","0","0","0","0","5","0","0","70080","0","0","5","0.0","0.0","0.0"
"21321210","18267","96025","406655","5812","2019-11-28 21:28:55 UTC","204000","438940","true","0","0","0","0","14","0","0","215657","0","0","7","0.0","0.0","0.85714"
"21320984","71725","2975","534540","210","2019-11-29 17:10:03 UTC","65700","665807","false","0","0","0","0","1","0","0","65700","0","0","2","0.0","0.0","0.0"
"21321427","69297","59456","506775","4495","2019-11-28 03:24:36 UTC","2000","309095","false","0","1","0","0","2","0","0","81150","0","0","2","0.0","0.0","0.0"
"21321026","80155","88553","410863","7755","2019-11-29 15:36:16 UTC","15100","27250","false","0","0","0","0","4","0","0","24250","0","0","4","0.0","0.0","0.0"
"21321052","90853","91765","534543","1024","2019-11-29 14:36:45 UTC","6600","779578","false","0","0","0","0","1","0","0","6600","0","0","2","0.0","0.0","0.0"
"21321076","80160","43747","535016","4210","2019-11-29 13:33:57 UTC","9000","772262","false","0","0","0","0","1","0","0","9000","0","0","2","0.0","0.0","0.0"
"21321147","36617","79054","406655","7948","2019-11-29 00:15:13 UTC","299600","101848","true","0","1","0","0","17","0","0","208764","0","0","5","0.0","0.0","0.8"
"21322447","4705","91637","496045","1160","2019-11-21 23:46:59 UTC","90500","563499","true","0","0","0","0","22","0","0","78763","0","0","22","0.0","0.0","0.86364"
"21321159","48126","92259","406669","1721","2019-11-28 23:54:26 UTC","107400","355583","true","0","0","0","0","3","0","0","104466","0","0","6","0.0","0.0","1.0"
"21321200","60526","17929","606282","6426","2019-11-28 21:42:44 UTC","387100","960729","true","0","0","0","0","6","0","0","363950","0","0","6","0.0","0.0","0.33333"
"21321222","35140","8718","553450","9024","2019-11-28 20:54:07 UTC","16700","999043","false","0","0","0","0","1","0","0","16700","0","0","4","0.0","0.0","0.0"
"21321252","72386","54246","516159","4859","2019-11-28 19:59:04 UTC","52000","176952","false","0","0","0","0","1","0","0","52000","0","1","8","0.0","0.0","0.0"
"21321291","29842","99875","544731","2488","2019-11-28 18:26:43 UTC","19100","335107","false","0","0","0","0","1","0","0","19100","0","0","1","0.0","0.0","0.0"
"21321329","73271","19440","530994","1976","2019-11-28 17:12:36 UTC","51400","857439","true","0","0","0","0","1","0","0","51400","0","0","10","0.0","0.0","1.0"
"21321361","62956","28115","650485","4801","2019-11-28 15:42:34 UTC","248600","","false","0","0","0","0","1","0","0","248600","0","0","1","0.0","0.0","0.0"
"21321404","6440","35268","535016","7946","2019-11-28 13:38:25 UTC","135100","523421","false","0","0","0","0","2","0","0","82600","0","0","2","0.0","0.0","0.0"
"21321433","42356","11065","423072","8950","2019-11-28 01:14:52 UTC","152500","698520","true","0","1","0","0","4","0","0","60625","0","0","12","0.0","0.0","0.66667"
"21321448","55854","3584","544731","9913","2019-11-27 23:20:08 UTC","54200","707086","true","0","0","0","0","6","0","0","58500","0","0","11","0.0","0.0","0.81818"
"21321475","70454","92452","516292","3424","2019-11-27 19:08:42 UTC","31200","","false","0","0","0","0","1","0","0","31200","0","1","5","0.0","0.0","0.0"
"21321776","92089","81437","553096","3603","2019-11-23 22:08:27 UTC","63500","376531","false","1","0","0","0","1","0","0","63500","0","0","8","0.0","0.0","0.0"
"21321813","87300","9989","545430","3018","2019-11-23 20:23:55 UTC","14200","587909","false","1","0","0","0","1","0","0","14200","0","0","1","0.0","0.0","0.0"
"21321860","66884","42978","531681","4783","2019-11-23 19:01:49 UTC","5900","148426","false","1","0","0","0","1","0","0","5900","0","0","1","0.0","0.0","0.0"
"21322259","25473","33805","530033","4225","2019-11-22 17:32:42 UTC","73900","330437","true","0","0","0","0","2","0","0","37450","0","0","2","0.0","0.0","0.5"
"21321622","31960","95855","539090","9370","2019-11-26 13:04:22 UTC","5000","83641","false","0","0","0","0","3","0","0","20666","0","2","8","0.0","0.0","0.0"
"21321532","57964","5736","485464","5445","2019-11-26 23:02:11 UTC","6800","798723","false","0","0","0","0","1","0","0","6800","0","0","2","0.0","0.0","0.0"
"21321648","91446","22096","550209","9720","2019-11-25 21:50:46 UTC","1000","231663","false","0","0","0","0","1","0","0","1000","0","0","9","0.0","0.0","0.33333"
"21321672","68998","83670","550209","1330","2019-11-25 13:44:51 UTC","40000","379868","false","0","0","0","0","2","0","0","27800","0","1","6","0.0","0.0","0.0"
"21321697","82613","75487","496045","1160","2019-11-24 22:15:17 UTC","142600","103121","false","1","0","0","0","1","0","0","142600","0","2","3","0.0","0.0","0.0"
"21321555","82951","10337","404024","5843","2019-11-26 18:45:45 UTC","137300","748878","false","0","0","0","0","1","0","0","137300","0","0","1","0.0","0.0","0.0"
"21321576","52464","48203","530780","7007","2019-11-26 16:27:47 UTC","6500","986632","false","0","0","0","0","1","0","0","6500","0","0","2","0.0","0.0","0.0"
"21321602","97110","17323","650905","6845","2019-11-26 14:42:26 UTC","500","721012","false","0","0","0","0","1","0","0","500","0","0","1","0.0","0.0","0.0"
"21321914","89802","50603","516292","9201","2019-11-23 17:14:52 UTC","28900","142304","false","1","0","0","0","1","0","0","28900","0","0","1","0.0","0.0","0.0"
"21321938","48833","70204","458919","6076","2019-11-23 16:13:43 UTC","245900","257568","false","1","0","0","0","1","0","0","245900","0","0","1","0.0","0.0","0.0"
"21321944","89769","73872","230650","9516","2019-11-23 16:02:52 UTC","700","92521","false","1","0","0","0","1","0","0","700","0","0","1","0.0","0.0","0.0"
"21322027","91013","83254","406655","2740","2019-11-23 12:24:42 UTC","103300","265549","false","1","0","0","0","1","0","0","103300","0","1","5","0.0","0.0","0.0"
"21321742","63111","86651","650516","4075","2019-11-24 00:49:32 UTC","62300","661884","false","1","1","0","0","1","0","0","62300","0","0","1","0.0","0.0","0.0"
"21321970","38131","7149","439020","7047","2019-11-23 14:44:37 UTC","23200","112649","false","1","0","0","0","1","0","0","23200","0","0","1","0.0","0.0","0.0"
"21321989","7889","54010","523421","1793","2019-11-23 14:09:37 UTC","36500","80732","false","1","0","0","0","1","0","0","36500","0","0","1","0.0","0.0","0.0"
"21322055","2842","69466","536805","1909","2019-11-23 02:34:50 UTC","35100","724452","true","1","1","0","0","2","0","0","42050","0","0","1","0.0","0.0","1.0"
"21322094","64372","93109","530994","3584","2019-11-22 23:36:45 UTC","53000","994391","false","0","0","0","0","1","0","0","53000","0","0","1","0.0","0.0","0.0"
"21322117","98542","79072","481274","6341","2019-11-22 22:31:37 UTC","25700","273158","false","0","0","0","0","1","0","0","25700","0","0","4","0.0","0.0","0.0"
"21322144","99021","18038","518454","2012","2019-11-22 21:12:38 UTC","17800","834114","false","0","0","0","0","1","0","0","17800","0","0","3","0.0","0.0","0.0"
"21322177","53041","70465","412177","9154","2019-11-22 20:11:09 UTC","212800","304536","true","0","0","0","0","1","0","0","212800","0","0","19","0.0","0.0","0.73684"
"21322213","64329","96236","655000","1267","2019-11-22 18:56:44 UTC","63000","305355","false","0","0","0","0","1","0","0","63000","0","0","2","0.0","0.0","0.0"
"21322457","38388","27939","527660","8696","2019-11-21 23:10:35 UTC","117700","935070","false","0","0","0","0","3","0","0","185833","0","0","4","0.0","0.0","0.0"
"21322282","22454","44310","516292","7852","2019-11-22 16:46:50 UTC","26400","213736","false","0","0","0","0","1","0","0","26400","0","0","2","0.0","0.0","0.0"
"21322309","57902","20505","498442","7320","2019-11-22 15:51:01 UTC","152200","342248","false","0","0","0","0","1","0","0","152200","0","0","1","0.0","0.0","0.0"
"21322316","72026","18479","415944","8642","2019-11-22 15:39:27 UTC","26000","570895","false","0","0","0","0","1","0","0","26000","0","0","1","0.0","0.0","0.0"
"21322831","53041","11452","455187","2744","2019-11-18 16:39:41 UTC","126200","274282","false","0","0","0","0","8","0","0","90512","0","0","19","0.0","0.0","0.73684"
"21323475","47605","64435","535081","7841","2019-11-04 19:31:03 UTC","201900","","false","0","0","0","2","2","0","151650","151650","0","0","2","0.0","0.0","0.0"
"21322395","76802","76159","506775","6770","2019-11-22 11:36:35 UTC","53300","104598","false","0","0","0","0","1","0","0","53300","0","0","1","0.0","0.0","0.0"
"21322436","65361","96302","650507","4159","2019-11-22 00:13:05 UTC","45500","289445","false","0","1","0","0","1","0","0","45500","0","0","1","0.0","0.0","0.0"
"21322478","68616","39875","606282","6184","2019-11-21 21:44:09 UTC","102100","984002","false","0","0","0","0","1","0","0","102100","0","0","1","0.0","0.0","0.0"
"21322507","44229","26425","516292","4112","2019-11-21 20:24:27 UTC","6400","88440","false","0","0","0","0","1","0","0","6400","0","0","5","0.0","0.0","0.0"
"21323100","26981","26106","498401","6539","2019-11-14 15:42:43 UTC","26100","","false","0","0","0","0","2","0","0","25750","1","6","12","0.0","0.0","0.0"
"21322756","58552","38593","498401","8807","2019-11-19 01:29:03 UTC","9900","423842","false","0","1","0","0","1","0","0","9900","0","0","2","0.0","0.0","0.0"
"21322780","44079","17973","550209","6730","2019-11-18 20:48:36 UTC","53900","798687","false","0","0","0","0","1","0","0","53900","0","0","1","0.0","0.0","0.0"
"21322816","16793","42993","523421","9510","2019-11-18 17:35:53 UTC","290200","316274","false","0","0","0","0","1","0","0","290200","0","0","4","0.0","0.0","0.0"
"21322923","73915","42388","520132","4590","2019-11-17 17:48:30 UTC","351800","217407","false","1","0","0","0","2","0","0","354600","0","0","4","0.0","0.0","0.0"
"21323140","71701","95527","514945","6401","2019-11-12 14:56:44 UTC","5000","463439","false","0","0","0","0","2","0","0","26550","0","1","2","0.0","0.0","0.0"
"21323054","63526","27950","525664","5430","2019-11-15 17:15:40 UTC","62800","897950","false","0","0","0","0","1","0","0","62800","0","0","2","0.0","0.0","0.0"
"21322867","87559","78363","412791","4056","2019-11-18 13:27:18 UTC","45500","631401","false","0","0","0","0","1","0","0","45500","0","0","5","0.0","0.0","0.0"
"21323189","36929","49106","651660","3628","2019-11-11 16:22:55 UTC","404300","","false","0","0","0","0","7","0","0","365500","0","10","12","0.0","0.0","0.0"
"21323080","54433","71812","230540","6285","2019-11-14 21:01:36 UTC","15400","24654","false","0","0","0","0","1","0","0","15400","0","1","1","0.0","0.0","0.0"
"21323105","76631","41224","541187","4610","2019-11-14 15:17:43 UTC","222400","","false","0","0","0","0","1","0","0","222400","0","1","1","0.0","0.0","0.0"
"21323142","62337","40571","542820","2884","2019-11-12 13:13:38 UTC","240100","","false","0","0","0","0","1","0","0","240100","0","1","1","0.0","0.0","0.0"
"21322895","88242","6588","458919","7738","2019-11-17 22:25:37 UTC","6000","191222","false","1","0","0","0","1","0","0","6000","0","6","8","0.0","0.0","0.0"
"21322925","59324","58343","485464","5006","2019-11-17 17:20:00 UTC","18800","","false","1","0","0","0","2","0","0","17250","0","0","7","0.0","0.0","0.0"
"21323196","14322","34556","523421","8624","2019-11-11 15:32:37 UTC","17900","","false","0","0","0","0","1","0","0","17900","0","2","2","0.0","0.0","0.0"
"21323214","96610","9271","410863","1761","2019-11-10 23:20:29 UTC","21300","","false","1","0","0","0","1","0","0","21300","0","1","1","0.0","0.0","0.0"
"21323328","77130","75710","554482","7640","2019-11-08 23:14:35 UTC","38600","","true","0","0","0","7","10","0","40371","56090","10","13","14","1.0","1.0","0.92857"
"21323299","58209","52932","534540","7017","2019-11-09 16:58:32 UTC","36600","","false","1","0","0","0","1","0","0","36600","0","1","2","0.0","0.0","0.0"
"21323319","88242","49562","518454","4985","2019-11-09 01:25:34 UTC","125500","","false","1","1","0","0","1","0","0","125500","0","6","8","0.0","0.0","0.0"
"21322966","79275","61886","530034","9170","2019-11-17 02:48:34 UTC","24900","699725","false","1","1","0","0","1","0","0","24900","0","0","1","0.0","0.0","0.0"
"21322988","45959","30014","458919","4566","2019-11-16 20:37:38 UTC","39300","718110","false","1","0","0","0","1","0","0","39300","0","1","5","0.0","0.0","0.0"
"21323021","40376","36292","544731","4514","2019-11-16 01:52:15 UTC","119400","537294","false","1","1","0","0","1","0","0","119400","0","0","2","0.0","0.0","0.0"
"21323394","99653","41202","550209","6357","2019-11-07 21:47:35 UTC","9000","","false","0","0","0","1","1","0","9000","9000","0","0","1","0.0","0.0","0.0"
"21323363","45827","35362","549167","3860","2019-11-08 16:18:52 UTC","61900","","false","0","0","0","1","1","0","61900","61900","2","3","4","0.0","0.0","0.0"
"21323446","81433","79979","539090","6564","2019-11-05 19:13:27 UTC","37900","","false","0","0","0","1","1","0","37900","37900","0","0","2","0.0","0.0","0.0"
"21323412","9842","63267","526326","2964","2019-11-07 18:11:18 UTC","4800","","false","0","0","0","1","1","0","4800","4800","0","0","4","0.0","0.0","0.0"
"21323481","25671","72132","516376","4270","2019-11-04 18:34:15 UTC","108200","","false","0","0","0","2","2","0","107750","107750","0","0","0","0.0","0.0","0.0"
"21323539","8942","76819","552289","8870","2019-11-03 16:09:21 UTC","204000","","true","1","0","0","4","4","0","154350","154350","0","0","0","0.0","0.0","0.0"
"21323579","656","79226","539090","3333","2019-11-01 20:09:43 UTC","8500","","false","0","0","1","1","1","8500","8500","8500","0","0","0","0.0","0.0","0.0"
"21320626","42316","37574","458919","2820","2019-11-30 19:05:06 UTC","8000","251486","false","1","0","0","0","1","0","0","8000","0","0","1","0.0","0.0","0.0"
"21323506","62052","18227","550209","3098","2019-11-04 13:17:29 UTC","94100","","true","0","0","0","4","4","0","97400","97400","0","3","5","0.0","0.0","0.0"
"21323563","41354","19820","606282","6581","2019-11-02 16:33:21 UTC","403100","","true","1","0","3","3","3","276433","276433","276433","0","0","0","0.0","0.0","0.0"
"21320942","52359","95579","469857","2656","2019-11-29 18:34:53 UTC","62900","392747","false","0","0","0","0","1","0","0","62900","0","0","1","0.0","0.0","0.0"
"21321000","90032","23943","542974","8256","2019-11-29 16:36:24 UTC","85200","17469","false","0","0","0","0","1","0","0","85200","0","0","8","0.0","0.0","0.0"
"21321265","48213","15428","535016","1235","2019-11-28 19:35:35 UTC","29500","974405","false","0","0","0","0","1","0","0","29500","0","0","1","0.0","0.0","0.0"
"21321567","52663","93999","490172","3252","2019-11-26 17:23:00 UTC","28000","142522","false","0","0","0","0","1","0","0","28000","0","0","8","0.0","0.0","0.0"
"21321741","5066","69623","541555","2600","2019-11-24 00:54:36 UTC","20200","906268","false","1","1","0","0","1","0","0","20200","0","0","1","0.0","0.0","0.0"
"21322016","66172","63198","550209","6419","2019-11-23 13:03:32 UTC","98100","345480","false","1","0","0","0","1","0","0","98100","0","0","2","0.0","0.0","0.0"
"21322284","22906","83605","552640","7685","2019-11-22 16:41:18 UTC","120600","61137","false","0","0","0","0","1","0","0","120600","0","0","4","0.0","0.0","0.0"
"21323411","15371","29414","523421","7465","2019-11-07 18:25:39 UTC","36400","","false","0","0","0","1","1","0","36400","36400","0","0","3","0.0","0.0","0.0"
"21323237","38109","58786","548724","4243","2019-11-10 16:53:49 UTC","60800","","false","1","0","0","0","1","0","0","60800","0","1","2","0.0","0.0","0.0"
"21322774","86123","86078","489391","1336","2019-11-18 21:37:26 UTC","180200","486013","false","0","0","0","0","1","0","0","180200","0","0","1","0.0","0.0","0.0"
"21323583","77570","75889","527496","2850","2019-11-01 19:19:50 UTC","172600","","true","0","0","1","2","2","172600","253750","253750","0","0","0","0.0","0.0","0.0"
"21322599","11863","55733","542820","1074","2019-11-21 13:52:07 UTC","36300","788632","false","0","0","0","0","1","0","0","36300","0","3","5","0.0","0.0","0.0"
"21321499","1356","77526","544731","8560","2019-11-27 15:19:01 UTC","3600","694949","false","0","0","0","0","1","0","0","3600","0","2","5","0.0","0.0","0.0"
"21323535","17348","31451","550209","6760","2019-11-03 16:44:10 UTC","34800","","false","1","0","0","1","1","0","34800","34800","1","3","5","0.0","0.0","0.0"
"21323416","8863","48817","550209","3285","2019-11-07 16:57:58 UTC","50700","","false","0","0","0","1","1","0","50700","50700","0","1","1","0.0","0.0","0.0"
"21323421","82613","14870","418053","3028","2019-11-07 15:53:29 UTC","164300","","false","0","0","0","2","2","0","159000","159000","0","2","3","0.0","0.0","0.0"
"21320882","9842","22309","535016","8346","2019-11-29 21:03:08 UTC","2800","731171","false","0","0","0","0","1","0","0","2800","0","0","4","0.0","0.0","0.0"
"21323433","34433","21994","530994","1313","2019-11-06 14:44:44 UTC","25300","","false","0","0","0","1","1","0","25300","25300","0","0","2","0.0","0.0","0.0"
"21323450","33116","83317","422061","6130","2019-11-05 15:40:28 UTC","66400","","false","0","0","0","1","1","0","66400","66400","0","0","0","0.0","0.0","0.0"
"21323455","70405","75776","544731","9750","2019-11-05 13:34:22 UTC","18900","","false","0","0","0","1","1","0","18900","18900","0","0","0","0.0","0.0","0.0"
"21323443","30121","40779","520132","7705","2019-11-05 21:34:31 UTC","311100","","false","0","0","0","4","6","0","279675","289333","0","0","1","0.0","0.0","0.0"
"21323469","33167","89071","514945","3716","2019-11-04 22:39:01 UTC","26000","","false","0","0","0","1","2","0","26000","31600","0","0","1","0.0","0.0","0.0"
"21323462","59777","75841","540593","3390","2019-11-05 02:31:38 UTC","36900","","false","0","1","0","1","1","0","36900","36900","0","2","3","0.0","0.0","0.0"
"21323466","3194","68095","530033","2119","2019-11-05 00:07:42 UTC","7300","","false","0","1","0","1","1","0","7300","7300","0","2","2","0.0","0.0","0.0"
"21323473","95110","19971","453211","7612","2019-11-04 19:40:40 UTC","24800","","false","0","0","0","1","1","0","24800","24800","0","0","3","0.0","0.0","0.0"
"21323477","50970","62483","476333","8132","2019-11-04 18:56:31 UTC","252100","","false","0","0","0","1","1","0","252100","252100","0","3","3","0.0","0.0","0.0"
"21322965","57997","84486","522688","9874","2019-11-17 08:40:43 UTC","100","","false","1","0","1","1","3","100","100","100","0","0","2","0.0","0.0","0.0"
"21323489","15140","31492","422200","7280","2019-11-04 16:57:13 UTC","152000","","false","0","0","0","1","1","0","152000","152000","0","0","0","0.0","0.0","0.0"
"21323151","3194","21440","516292","1745","2019-11-12 00:23:56 UTC","16500","","false","0","1","0","0","1","0","0","16500","0","2","2","0.0","0.0","0.0"
"21323224","95499","70760","530780","1539","2019-11-10 19:08:37 UTC","14500","","false","1","0","0","0","1","0","0","14500","0","3","3","0.0","0.0","0.0"
"21323298","59777","20354","606282","6832","2019-11-09 17:23:32 UTC","23800","","false","1","0","0","0","1","0","0","23800","0","2","3","0.0","0.0","0.0"
"21320772","59324","13050","535016","1258","2019-11-30 13:04:56 UTC","23800","238364","false","1","0","0","0","1","0","0","23800","0","0","7","0.0","0.0","0.0"
"21321268","26765","21048","540593","8676","2019-11-28 19:21:29 UTC","44800","266715","false","0","0","0","0","2","0","0","147250","0","4","17","0.0","0.0","0.0"
"21321389","93711","28404","512215","5470","2019-11-28 14:27:45 UTC","55900","156825","false","0","0","0","0","1","0","0","55900","0","1","4","0.0","0.0","0.0"
"21321678","84868","20191","518941","2201","2019-11-25 11:41:46 UTC","243100","471171","false","0","0","0","1","2","0","225700","234400","0","0","1","0.0","0.0","0.0"
"21322093","15371","64574","535850","9016","2019-11-22 23:38:54 UTC","26700","","false","0","0","0","0","1","0","0","26700","0","0","3","0.0","0.0","0.0"
"21323254","25726","87030","550209","1131","2019-11-10 13:59:26 UTC","23000","","false","1","0","0","0","1","0","0","23000","0","3","3","0.0","0.0","0.0"
"21322598","15858","65030","550209","5431","2019-11-21 13:57:19 UTC","35400","","false","0","0","0","0","1","0","0","35400","0","0","1","0.0","0.0","0.0"
"21322350","82477","76474","553665","350","2019-11-22 14:28:05 UTC","56100","532178","false","0","0","0","0","1","0","0","56100","0","0","2","0.0","0.0","0.0"
"21322561","70989","68772","410425","2317","2019-11-21 17:02:50 UTC","32900","511975","false","0","0","0","0","1","0","0","32900","0","0","2","0.0","0.0","0.0"
"21322990","93711","81875","515590","7957","2019-11-16 20:12:51 UTC","277100","733243","false","1","0","0","0","1","0","0","277100","0","1","4","0.0","0.0","0.0"
